Export RT-Kasse v4.2 | Rad & Tat GmbH | erstellt 2026-01-02 06:00 | alle Filialen
Belegnummer,Belegdatum,Filiale,Kategorie,Produkt,Menge,Umsatz,Kosten
B100001,2025-01-01,Hamburg,Fahrräder,Stadtrad Classic,1,616.55,410.00
B100002,2025-01-01,Köln,zubehör,Fahrradtasche,2,169.10,88.00
B100003,2025-01-01,München,Werkstatt,Schlauchwechsel,1,19.30,9.00
B100004,2025-01-01,Leipzig,Bekleidung,Handschuhe,1,28.40,11.50
B100005,2025-01-01,Leipzig,Werkstatt,Inspektion Standard,1,84.55,52.00
B100006,2025-01-01,Leipzig,Zubehör,Lichtset LED,1,39.90,16.80
B100007,2025-01-02,München,Fahrräder,Stadtrad Classic,1,649.00,410.00
B100008,2025-01-02,München,Zubehör,Helm Urban,2,151.81,76.00
B100009,2025-01-02,München,Zubehör,Luftpumpe,2,49.80,19.80
B100010,2025-01-02,Leipzig,Werkstatt,Inspektion E-Bike,1,144.53,88.00
B100011,2025-01-03,Hamburg,Fahrräder,Gravelbike Kies,1,1299.00,830.00
B100012,2025-01-03,Leipzig,Zubehör,Faltschloss,3,179.70,82.50
B100013,2025-01-03,Leipzig,Bekleidung,Handschuhe,2,58.01,23.00
B100014,2025-01-04,Hamburg  ,Fahrräder,Stadtrad Classic,1,597.08,410.00
B100015,2025-01-04,Köln,Fahrräder,Trekkingrad Tour,1,854.05,560.00
B100016,2025-01-04,Köln  ,Fahrräder,Stadtrad Classic,1,649.00,410.00
B100017,2025-01-04,München,Werkstatt,Inspektion E-Bike,1,141.55,88.00
B100018,2025-01-04,Leipzig,Zubehör,Luftpumpe,2,49.80,19.80
B100019,2025-01-04,Leipzig,Zubehör,Luftpumpe,3,68.72,29.70
B100020,2025-01-04,Leipzig,Zubehör,Lichtset LED,3,107.73,50.40
B100021,2025-01-06,Hamburg,Zubehör,Luftpumpe,3,74.70,29.70
B100022,2025-01-06,Hamburg,Fahrräder,Kinderrad 20 Zoll,1,312.55,205.00
B100023,2025-01-06,Hamburg,Werkstatt,Schlauchwechsel,1,19.30,9.00
B100024,2025-01-06,Köln,fahrräder,Stadtrad Classic,1,584.10,410.00
B100025,2025-01-06,München,Zubehör,Fahrradtasche,3,267.00,132.00
B100026,2025-01-06,München,E-Bikes,E-Bike City,1,2424.03,1690.00
B100027,2025-01-07,Hamburg,Zubehör,Faltschloss,1,59.90,27.50
B100028,2025-01-07,Hamburg,Werkstatt,Schlauchwechsel,1,18.90,9.00
B100029,2025-01-07,München ,Bekleidung,Regenjacke,2,245.10,122.00
B100030,2025-01-07,München,werkstatt,Schlauchwechsel,1,19.90,9.00
B100031,2025-01-08,Köln,Zubehör,Faltschloss,1,59.90,27.50
B100032,2025-01-08,Köln,Bekleidung,Radhose,1,66.93,29.00
B100033,2025-01-08,Leipzig,Fahrräder,Gravelbike Kies,1,1260.03,830.00
B100034,2025-01-09,Hamburg,Zubehör,Fahrradtasche,3,253.65,132.00
B100035,2025-01-09,Hamburg,Fahrräder,Trekkingrad Tour,1,899.00,560.00
B100036,2025-01-09,Hamburg,Zubehör,Lichtset LED,2,77.41,33.60
B100037,2025-01-09,Köln,Bekleidung,Radhose,2,131.10,58.00
B100038,2025-01-09,Köln,Zubehör,Luftpumpe,2,44.82,19.80
B100039,2025-01-09,Köln,Zubehör,Lichtset LED,3,110.12,50.40
B100040,2025-01-09,München ,Zubehör,Helm Urban,1,79.90,38.00
B100041,2025-01-09,München,Werkstatt,Inspektion E-Bike,1,141.55,88.00
B100042,2025-01-10,Hamburg,E-Bikes,E-Bike Trekking,1,3199.00,2170.00
B100043,2025-01-10,Hamburg,zubehör,Lichtset LED,2,77.41,33.60
B100044,2025-01-10,München ,werkstatt,Inspektion E-Bike,1,134.10,88.00
B100045,2025-01-10,München,Zubehör,Faltschloss,1,56.90,27.50
B100046,2025-01-10,München,Werkstatt,Inspektion Standard,1,80.10,52.00
B100047,2025-01-10,München ,Werkstatt,Inspektion E-Bike,1,134.10,88.00
B100048,2025-01-11,Hamburg,Werkstatt,Inspektion Standard,1,84.55,52.00
B100049,2025-01-11,Hamburg,Zubehör,Fahrradtasche,1,84.55,44.00
B100050,2025-01-11,Köln,Zubehör,Helm Urban,1,79.90,38.00
B100051,2025-01-11,München,Werkstatt,Schlauchwechsel,1,19.30,9.00
B100052,2025-01-11,München,Werkstatt,Schlauchwechsel,1,19.90,9.00
B100053,2025-01-11,München,Werkstatt,Schlauchwechsel,1,19.90,9.00
B100054,2025-01-13,Köln,Werkstatt,Inspektion E-Bike,1,149.00,88.00
B100055,2025-01-14,Hamburg,Werkstatt,Schlauchwechsel,1,17.91,9.00
B100056,2025-01-14,München,Zubehör,Faltschloss,2,113.81,55.00
B100057,2025-01-15,Hamburg,Zubehör,Faltschloss,3,170.71,82.50
B100058,2025-01-15,Hamburg,Zubehör,Helm Urban,3,239.70,114.00
B100059,2025-01-15,Köln,Bekleidung,Radhose,1,65.55,29.00
B100060,2025-01-15,Köln,Werkstatt,Inspektion E-Bike,1,149.00,88.00
B100061,2025-01-16,Köln,Fahrräder,Gravelbike Kies,1,1299.00,830.00
B100062,2025-01-16,München,E-Bikes,E-Lastenrad,1,4990.00,3490.00
B100063,2025-01-16,München,Fahrräder,Gravelbike Kies,1,1299.00,830.00
B100064,2025-01-16,Leipzig,Bekleidung,Regenjacke,1,122.55,61.00
B100065,2025-01-17,Hamburg,Fahrräder,Stadtrad Classic,1,616.55,410.00
B100066,2025-01-17,Leipzig,Fahrräder,Trekkingrad Tour,1,872.03,560.00
B100067,2025-01-18,Hamburg,Zubehör,Faltschloss,3,170.71,82.50
B100068,2025-01-18,Hamburg,Zubehör,Lichtset LED,3,113.71,50.40
B100069,2025-01-18,Köln,Bekleidung,Handschuhe,1,29.00,11.50
B100070,2025-01-18,München,Zubehör,Lichtset LED,2,77.41,33.60
B100071,2025-01-18,München,Fahrräder,Trekkingrad Tour,1,899.00,560.00
B100072,2025-01-18,Leipzig,Zubehör,Luftpumpe,3,74.70,29.70
B100073,2025-01-20,Köln,Werkstatt,Inspektion Standard,1,80.10,52.00
,,,,,,,
B100074,2025-01-20,München,Zubehör,Helm Urban,3,227.72,114.00
B100075,2025-01-20,München,Zubehör,Helm Urban,1,71.91,38.00
B100076,2025-01-20,München,Zubehör,Lichtset LED,3,107.73,50.40
B100077,2025-01-20,Leipzig,Werkstatt,Schlauchwechsel,1,18.31,9.00
B100078,2025-01-21,Hamburg,Werkstatt,Inspektion Standard,1,89.00,52.00
B100079,2025-01-21,Hamburg,E-Bikes,E-Lastenrad,1,4740.50,3490.00
B100080,2025-01-21,München,Bekleidung,Radhose,2,138.00,58.00
B100081,2025-01-21,München,Werkstatt,Inspektion E-Bike,1,141.55,88.00
B100082,2025-01-21,München,Zubehör,Fahrradtasche,3,267.00,132.00
B100083,2025-01-21,München,Zubehör,Fahrradtasche,2,172.66,88.00
B100084,2025-01-22,Hamburg,Bekleidung,Radhose,1,65.55,29.00
B100085,2025-01-23,Hamburg,Zubehör,Faltschloss,2,113.81,55.00
B100086,2025-01-23,München,zubehör,Faltschloss,2,119.80,55.00
B100087,2025-01-23,Leipzig,fahrräder,Stadtrad Classic,1,649.00,410.00
B100088,2025-01-23,Leipzig,Fahrräder,Gravelbike Kies,1,1169.10,830.00
B100089,2025-01-24,Hamburg,Zubehör,Lichtset LED,3,119.70,50.40
B100090,2025-01-24,Hamburg,Bekleidung,Regenjacke,2,258.00,122.00
B100091,2025-01-24,Hamburg,werkstatt,Schlauchwechsel,1,18.90,9.00
B100092,2025-01-24,Köln,Werkstatt,Inspektion E-Bike,1,149.00,88.00
B100093,2025-01-24,München,Fahrräder,Kinderrad 20 Zoll,1,312.55,205.00
B100094,2025-01-24,München,Werkstatt,Inspektion E-Bike,1,149.00,88.00
B100095,2025-01-24,Leipzig,Zubehör,Lichtset LED,1,37.90,16.80
B100096,2025-01-25,Hamburg,E-Bikes,E-Bike City,1,2374.05,1690.00
B100097,2025-01-27,Hamburg,Fahrräder,Stadtrad Classic,1,629.53,410.00
B100098,2025-01-27,Hamburg,Werkstatt,Inspektion E-Bike,1,134.10,88.00
B100099,2025-01-27,Hamburg,Bekleidung,Radhose,2,124.20,58.00
B100100,2025-01-27,Köln,Zubehör,Luftpumpe,2,44.82,19.80
B100101,2025-01-27,München,Bekleidung,Handschuhe,2,53.82,23.00
B100102,2025-01-27,München,Werkstatt,Inspektion Standard,1,89.00,52.00
B100103,2025-01-27,Leipzig,Werkstatt,Inspektion Standard,1,80.10,52.00
B100104,2025-01-27,Leipzig,fahrräder,Trekkingrad Tour,1,809.10,560.00
B100105,2025-01-28,Hamburg,E-Bikes,E-Bike Trekking,1,3039.05,2170.00
B100106,2025-01-28,Hamburg,Zubehör,Lichtset LED,1,38.70,16.80
B100107,2025-01-28,Köln,Zubehör,Luftpumpe,3,74.70,29.70
B100108,2025-01-28,München,E-Bikes,E-Bike Trekking,1,3199.00,2170.00
B100109,2025-01-29,Hamburg,Werkstatt,Schlauchwechsel,1,19.90,9.00
B100110,2025-01-29,Köln,Werkstatt,Inspektion Standard,1,89.00,52.00
B100111,2025-01-29,München,Fahrräder,Stadtrad Classic,1,584.10,410.00
B100112,2025-01-30,Hamburg ,Zubehör,Fahrradtasche,3,253.65,132.00
B100113,2025-01-30,Köln,Zubehör,Helm Urban,3,227.72,114.00
B100114,2025-01-30,Leipzig,Zubehör,Lichtset LED,3,107.73,50.40
B100115,2025-01-31,Köln ,Werkstatt,Schlauchwechsel,1,19.90,9.00
B100116,2025-01-31,München,Fahrräder,Trekkingrad Tour,1,809.10,560.00
B100117,2025-01-31,München,Werkstatt,Schlauchwechsel,1,19.90,9.00
B100118,2025-01-31,München,Bekleidung,Regenjacke,2,237.36,122.00
B100119,2025-02-01,Hamburg,Bekleidung,Radhose,2,124.20,58.00
B100120,2025-02-01,Hamburg,Werkstatt,Inspektion E-Bike,1,141.55,88.00
B100121,2025-02-01,Hamburg,Fahrräder,Stadtrad Classic,1,649.00,410.00
B100122,2025-02-01,Köln,Werkstatt,Schlauchwechsel,1,19.90,9.00
B100123,2025-02-01,Köln,Fahrräder,Gravelbike Kies,1,1169.10,830.00
B100124,2025-02-01,Köln,Fahrräder,Trekkingrad Tour,1,899.00,560.00
B100125,2025-02-01,Leipzig,bekleidung,Handschuhe,2,53.82,23.00
B100126,2025-02-03,Hamburg,E-Bikes,E-Bike City,1,2374.05,1690.00
B100127,2025-02-03,Köln,Bekleidung,Radhose,1,69.00,29.00
B100128,2025-02-03,Köln,Zubehör,Faltschloss,3,170.71,82.50
B100129,2025-02-03,Köln,Bekleidung,Regenjacke,1,116.10,61.00
B100130,2025-02-03,München,e-bikes,E-Bike City,1,2424.03,1690.00
B100131,2025-02-03,München,Werkstatt,Inspektion E-Bike,1,149.00,88.00
B100132,2025-02-04,Hamburg,werkstatt,Inspektion Standard,1,80.10,52.00
B100133,2025-02-04,München,Zubehör,Luftpumpe,1,24.15,9.90
B100134,2025-02-05,Hamburg,Bekleidung,Regenjacke,1,129.00,61.00
B100135,2025-02-05,Hamburg,E-Bikes,E-Bike City,1,2424.03,1690.00
B100136,2025-02-05,Köln,Werkstatt,Schlauchwechsel,1,17.91,9.00
B100137,2025-02-06,Hamburg,E-Bikes,E-Bike City,1,2249.10,1690.00
B100138,2025-02-06,Hamburg,Zubehör,Faltschloss,1,58.10,27.50
B100139,2025-02-06,Hamburg,Zubehör,Lichtset LED,1,38.70,16.80
B100140,2025-02-06,Köln,Werkstatt,Schlauchwechsel,1,18.90,9.00
B100141,2025-02-06,München,Werkstatt,Inspektion E-Bike,1,141.55,88.00
B100142,2025-02-06,Leipzig,Zubehör,Lichtset LED,3,119.70,50.40
B100143,2025-02-07,Hamburg,Fahrräder,Stadtrad Classic,1,629.53,410.00
B100144,2025-02-07,Hamburg,Zubehör,Lichtset LED,3,107.73,50.40
B100145,2025-02-07,Hamburg ,Werkstatt,Inspektion Standard,1,89.00,52.00
B100146,2025-02-07,Hamburg,e-bikes,E-Bike City,1,2374.05,1690.00
B100147,2025-02-07,München,Zubehör,Faltschloss,1,59.90,27.50
B100148,2025-02-07,München,Zubehör,Faltschloss,1,59.90,27.50
B100149,2025-02-08,Hamburg,Zubehör,Faltschloss,1,55.11,27.50
B100150,2025-02-08,Köln,Zubehör,Helm Urban,3,232.51,114.00
B100151,2025-02-08,München,Werkstatt,Inspektion Standard,1,89.00,52.00
B100152,2025-02-08,München,Fahrräder,Trekkingrad Tour,1,854.05,560.00
B100153,2025-02-10,Hamburg ,Zubehör,Fahrradtasche,3,258.99,132.00
B100154,2025-02-10,München,Werkstatt,Schlauchwechsel,1,19.90,9.00
B100155,2025-02-10,Leipzig,Zubehör,Faltschloss,1,59.90,27.50
B100156,2025-02-11,Köln  ,Zubehör,Luftpumpe,3,74.70,29.70
B100157,2025-02-11,Köln,Zubehör,Lichtset LED,1,39.90,16.80
B100158,2025-02-11,München,Werkstatt,Schlauchwechsel,1,17.91,9.00
B100159,2025-02-11,München,E-Bikes,E-Bike Trekking,1,3103.03,2170.00
B100160,2025-02-11,München,zubehör,Faltschloss,1,53.91,27.50
B100161,2025-02-11,Leipzig,Fahrräder,Kinderrad 20 Zoll,1,312.55,205.00
B100162,2025-02-12,Hamburg  ,Bekleidung,Handschuhe,2,59.80,23.00
B100163,2025-02-12,Hamburg,Zubehör,Faltschloss,3,170.71,82.50
B100164,2025-02-12,Köln,E-Bikes,E-Bike Trekking,1,3039.05,2170.00
B100165,2025-02-12,München,Zubehör,Lichtset LED,1,39.90,16.80
B100166,2025-02-13,Hamburg,Zubehör,Faltschloss,1,58.10,27.50
B100167,2025-02-13,Köln,Werkstatt,Inspektion Standard,1,80.10,52.00
B100168,2025-02-13,München,Werkstatt,Inspektion E-Bike,1,141.55,88.00
B100169,2025-02-13,München,Zubehör,Lichtset LED,3,107.73,50.40
B100170,2025-02-13,München,Werkstatt,Inspektion Standard,1,86.33,52.00
B100171,2025-02-13,Leipzig,Werkstatt,Schlauchwechsel,1,18.90,9.00
B100172,2025-02-13,Leipzig,zubehör,Faltschloss,1,59.90,27.50
B100173,2025-02-13,Leipzig,Zubehör,Helm Urban,1,79.90,38.00
B100174,2025-02-14,Hamburg,Werkstatt,Inspektion Standard,1,86.33,52.00
B100175,2025-02-14,Hamburg,Werkstatt,Schlauchwechsel,1,19.90,9.00
B100176,2025-02-14,Köln,Bekleidung,Regenjacke,2,232.20,122.00
B100177,2025-02-14,Köln,Fahrräder,Trekkingrad Tour,1,854.05,560.00
B100178,2025-02-14,München,Werkstatt,Schlauchwechsel,1,19.90,9.00
B100179,2025-02-14,München,zubehör,Helm Urban,2,143.82,76.00
B100180,2025-02-14,Leipzig,Fahrräder,Stadtrad Classic,1,629.53,410.00
B100181,2025-02-14,Leipzig,Fahrräder,Kinderrad 20 Zoll,1,312.55,205.00
B100182,2025-02-15,Hamburg,Werkstatt,Schlauchwechsel,1,18.90,9.00
B100183,2025-02-15,Köln,Zubehör,Lichtset LED,3,119.70,50.40
B100184,2025-02-15,München,werkstatt,Inspektion Standard,1,86.33,52.00
B100185,2025-02-15,München,Zubehör,Fahrradtasche,3,267.00,132.00
B100186,2025-02-15,München,Zubehör,Luftpumpe,3,74.70,29.70
B100187,2025-02-15,Leipzig,E-Bikes,E-Bike City,1,2374.05,1690.00
B100188,2025-02-15,Leipzig,werkstatt,Schlauchwechsel,1,18.90,9.00
B100189,2025-02-17,Hamburg,E-Bikes,E-Lastenrad,1,4491.00,3490.00
B100190,2025-02-17,Hamburg,Zubehör,Lichtset LED,3,113.71,50.40
B100191,2025-02-17,München,Zubehör,Lichtset LED,3,113.71,50.40
B100192,2025-02-18,Hamburg,E-Bikes,E-Bike Trekking,1,3039.05,2170.00
B100193,2025-02-18,Köln,Werkstatt,Schlauchwechsel,1,19.90,9.00
B100194,2025-02-18,Köln,Fahrräder,Gravelbike Kies,1,1169.10,830.00
B100195,2025-02-18,München,Werkstatt,Schlauchwechsel,1,19.30,9.00
B100196,2025-02-18,München,Fahrräder,Trekkingrad Tour,1,872.03,560.00
B100197,2025-02-18,München,Werkstatt,Inspektion Standard,1,89.00,52.00
B100198,2025-02-18,München,Zubehör,Faltschloss,1,56.90,27.50
B100199,2025-02-19,Hamburg,Zubehör,Lichtset LED,3,113.71,50.40
B100200,2025-02-19,Leipzig,Werkstatt,Schlauchwechsel,1,18.90,9.00
B100201,2025-02-20,Hamburg,E-Bikes,E-Bike Trekking,1,2943.08,2170.00
B100202,2025-02-20,Köln,Zubehör,Luftpumpe,2,44.82,19.80
B100203,2025-02-20,München,Fahrräder,Stadtrad Classic,1,616.55,410.00
B100204,2025-02-20,München,Zubehör,Luftpumpe,3,74.70,29.70
B100205,2025-02-20,München,Zubehör,Helm Urban,1,73.51,38.00
B100206,2025-02-20,München,fahrräder,Stadtrad Classic,1,584.10,410.00
B100207,2025-02-21,Köln,Werkstatt,Inspektion Standard,1,89.00,52.00
B100208,2025-02-21,München,Zubehör,Luftpumpe,3,74.70,29.70
B100209,2025-02-21,München,Zubehör,Luftpumpe,3,74.70,29.70
B100210,2025-02-21,München,Bekleidung,Handschuhe,1,29.90,11.50
B100211,2025-02-21,Leipzig,Zubehör,Luftpumpe,1,24.90,9.90
B100212,2025-02-22,Hamburg,Bekleidung,Regenjacke,1,129.00,61.00
B100213,2025-02-22,Köln,Werkstatt,Schlauchwechsel,1,18.90,9.00
B100214,2025-02-22,Köln  ,Zubehör,Helm Urban,1,75.91,38.00
B100215,2025-02-22,München,Werkstatt,Schlauchwechsel,1,19.30,9.00
B100216,2025-02-22,München,E-Bikes,E-Bike Trekking,1,3199.00,2170.00
B100217,2025-02-24,Köln,Fahrräder,Stadtrad Classic,1,616.55,410.00
B100218,2025-02-25,Hamburg,Zubehör,Luftpumpe,3,70.96,29.70
B100219,2025-02-25,Hamburg,zubehör,Fahrradtasche,3,267.00,132.00
B100220,2025-02-25,Hamburg,Werkstatt,Inspektion Standard,1,84.55,52.00
B100221,2025-02-25,Köln,Zubehör,Helm Urban,2,159.80,76.00
B100222,2025-02-25,Köln,Fahrräder,Kinderrad 20 Zoll,1,302.68,205.00
B100223,2025-02-25,München ,Fahrräder,Stadtrad Classic,1,616.55,410.00
B100224,2025-02-26,Hamburg,Werkstatt,Inspektion Standard,1,86.33,52.00
B100225,2025-02-26,Hamburg,Zubehör,Luftpumpe,2,48.31,19.80
B100226,2025-02-26,Hamburg,Werkstatt,Inspektion Standard,1,84.55,52.00
B100227,2025-02-26,Leipzig,Zubehör,Helm Urban,3,215.73,114.00
B100228,2025-02-26,Leipzig,Bekleidung,Handschuhe,2,53.82,23.00
B100229,2025-02-27,Hamburg,Zubehör,Fahrradtasche,2,178.00,88.00
B100230,2025-02-27,Hamburg,Bekleidung,Handschuhe,1,29.90,11.50
B100231,2025-02-27,Hamburg,Werkstatt,Inspektion Standard,1,84.55,52.00
B100232,2025-02-27,München,Zubehör,Lichtset LED,3,119.70,50.40
B100233,2025-02-27,München,Zubehör,Helm Urban,3,215.73,114.00
B100234,2025-02-27,München,Bekleidung,Handschuhe,2,53.82,23.00
B100235,2025-02-28,Hamburg,Zubehör,Luftpumpe,2,47.31,19.80
B100236,2025-02-28,Hamburg,Werkstatt,Schlauchwechsel,1,19.30,9.00
B100237,2025-02-28,Köln,Zubehör,Lichtset LED,3,113.71,50.40
B100238,2025-02-28,Köln,Zubehör,Faltschloss,3,161.73,82.50
B100239,2025-02-28,München ,Bekleidung,Handschuhe,1,26.91,11.50
B100240,2025-03-01,Hamburg,Zubehör,Lichtset LED,3,116.11,50.40
,,,,,,,
B100241,2025-03-01,Hamburg,Fahrräder,Trekkingrad Tour,1,872.03,560.00
B100242,2025-03-01,Hamburg,Zubehör,Helm Urban,1,79.90,38.00
B100243,2025-03-01,Hamburg,Werkstatt,Schlauchwechsel,1,19.90,9.00
B100244,2025-03-01,Köln,Werkstatt,Inspektion Standard,1,84.55,52.00
B100245,2025-03-01,Köln ,Zubehör,Fahrradtasche,3,240.30,132.00
B100246,2025-03-01,München,fahrräder,Trekkingrad Tour,1,809.10,560.00
B100247,2025-03-01,München,Fahrräder,Stadtrad Classic,1,629.53,410.00
B100248,2025-03-01,München,Zubehör,Lichtset LED,3,110.12,50.40
B100249,2025-03-01,München,Fahrräder,Trekkingrad Tour,1,872.03,560.00
B100250,2025-03-01,Leipzig ,Werkstatt,Inspektion Standard,1,89.00,52.00
B100251,2025-03-01,Leipzig,Zubehör,Helm Urban,1,75.91,38.00
B100252,2025-03-03,Hamburg,E-Bikes,E-Bike Trekking,1,3039.05,2170.00
B100253,2025-03-03,Hamburg,Zubehör,Luftpumpe,2,49.80,19.80
B100254,2025-03-03,Köln,Zubehör,Luftpumpe,3,72.46,29.70
B100255,2025-03-03,Köln,Werkstatt,Schlauchwechsel,1,18.90,9.00
B100256,2025-03-03,Köln,Zubehör,Helm Urban,1,71.91,38.00
B100257,2025-03-03,München,Fahrräder,Stadtrad Classic,1,616.55,410.00
B100258,2025-03-03,München,Fahrräder,Trekkingrad Tour,1,899.00,560.00
B100259,2025-03-04,Hamburg,Fahrräder,Kinderrad 20 Zoll,1,296.10,205.00
B100260,2025-03-04,Hamburg,Zubehör,Faltschloss,3,174.31,82.50
B100261,2025-03-04,Köln  ,zubehör,Luftpumpe,2,44.82,19.80
B100262,2025-03-04,Köln,E-Bikes,E-Bike Trekking,1,3103.03,2170.00
B100263,2025-03-04,München,Werkstatt,Schlauchwechsel,1,19.30,9.00
B100264,2025-03-04,Leipzig,Zubehör,Faltschloss,1,53.91,27.50
B100265,2025-03-05,Hamburg,Zubehör,Faltschloss,3,161.73,82.50
B100266,2025-03-05,Hamburg,Werkstatt,Inspektion E-Bike,1,137.08,88.00
B100267,2025-03-05,Hamburg ,Zubehör,Faltschloss,3,161.73,82.50
B100268,2025-03-05,Hamburg,Werkstatt,Schlauchwechsel,1,19.90,9.00
B100269,2025-03-05,Köln,Werkstatt,Inspektion Standard,1,84.55,52.00
B100270,2025-03-05,München,Zubehör,Luftpumpe,3,70.96,29.70
B100271,2025-03-05,München,Zubehör,Faltschloss,1,59.90,27.50
B100272,2025-03-05,Leipzig,Zubehör,Lichtset LED,3,113.71,50.40
B100273,2025-03-05,Leipzig,Werkstatt,Inspektion Standard,1,89.00,52.00
B100274,2025-03-05,Leipzig,Zubehör,Faltschloss,1,58.10,27.50
B100275,2025-03-06,Hamburg,Zubehör,Lichtset LED,2,79.80,33.60
B100276,2025-03-06,Köln,Zubehör,Helm Urban,2,155.01,76.00
B100277,2025-03-06,Köln,Fahrräder,Trekkingrad Tour,1,899.00,560.00
B100278,2025-03-06,Köln,Bekleidung,Regenjacke,2,245.10,122.00
B100279,2025-03-06,München,Bekleidung,Handschuhe,2,53.82,23.00
B100280,2025-03-06,Leipzig,Zubehör,Fahrradtasche,1,84.55,44.00
B100281,2025-03-06,Leipzig,Werkstatt,Inspektion E-Bike,1,134.10,88.00
B100282,2025-03-07,Hamburg,Bekleidung,Handschuhe,2,59.80,23.00
B100283,2025-03-07,Köln  ,Zubehör,Luftpumpe,2,47.31,19.80
B100284,2025-03-07,München,Bekleidung,Regenjacke,1,122.55,61.00
B100285,2025-03-07,München,Werkstatt,Schlauchwechsel,1,18.90,9.00
B100286,2025-03-07,Leipzig,Zubehör,Luftpumpe,3,74.70,29.70
B100287,2025-03-08,Hamburg,zubehör,Faltschloss,2,119.80,55.00
B100288,2025-03-08,Hamburg,Fahrräder,Gravelbike Kies,1,1299.00,830.00
B100289,2025-03-08,Hamburg,Bekleidung,Radhose,1,69.00,29.00
B100290,2025-03-08,Köln,E-Bikes,E-Bike City,1,2249.10,1690.00
B100291,2025-03-08,Köln,Zubehör,Faltschloss,2,119.80,55.00
B100292,2025-03-08,Köln,Zubehör,Luftpumpe,1,23.65,9.90
B100293,2025-03-08,München,zubehör,Faltschloss,1,53.91,27.50
B100294,2025-03-08,München,Fahrräder,Trekkingrad Tour,1,899.00,560.00
B100295,2025-03-08,München,Fahrräder,Stadtrad Classic,1,584.10,410.00
B100296,2025-03-08,Leipzig,Werkstatt,Inspektion E-Bike,1,149.00,88.00
B100297,2025-03-08,Leipzig,Zubehör,Faltschloss,1,58.10,27.50
B100298,2025-03-10,Hamburg,Bekleidung,Handschuhe,1,28.40,11.50
B100299,2025-03-10,Köln,Bekleidung,Handschuhe,1,29.90,11.50
B100300,2025-03-10,München,Werkstatt,Schlauchwechsel,1,19.90,9.00
B100301,2025-03-10,München,Zubehör,Helm Urban,3,227.72,114.00
B100302,2025-03-11,Hamburg,E-Bikes,E-Lastenrad,1,4491.00,3490.00
B100303,2025-03-11,Hamburg,E-Bikes,E-Bike City,1,2374.05,1690.00
B100304,2025-03-11,Hamburg,Bekleidung,Handschuhe,2,59.80,23.00
B100305,2025-03-11,Hamburg,Werkstatt,Schlauchwechsel,1,18.90,9.00
B100306,2025-03-11,Hamburg,Fahrräder,Trekkingrad Tour,1,899.00,560.00
B100307,2025-03-11,Hamburg,werkstatt,Schlauchwechsel,1,17.91,9.00
B100308,2025-03-11,Hamburg  ,Bekleidung,Radhose,2,138.00,58.00
B100309,2025-03-11,Köln,Fahrräder,Trekkingrad Tour,1,899.00,560.00
B100310,2025-03-11,Köln,Bekleidung,Radhose,2,131.10,58.00
B100311,2025-03-11,München,Zubehör,Fahrradtasche,3,253.65,132.00
B100312,2025-03-11,München  ,Fahrräder,Stadtrad Classic,1,616.55,410.00
B100313,2025-03-11,München,E-Bikes,E-Bike Trekking,1,3039.05,2170.00
B100314,2025-03-11,München  ,Fahrräder,Trekkingrad Tour,1,899.00,560.00
B100315,2025-03-11,Leipzig,Zubehör,Helm Urban,1,79.90,38.00
B100316,2025-03-11,Leipzig  ,Fahrräder,Trekkingrad Tour,1,899.00,560.00
B100317,2025-03-12,Hamburg,Werkstatt,Schlauchwechsel,1,19.30,9.00
B100318,2025-03-12,Hamburg,Zubehör,Lichtset LED,1,35.91,16.80
B100319,2025-03-12,Hamburg,Zubehör,Lichtset LED,2,77.41,33.60
B100320,2025-03-12,Köln,zubehör,Lichtset LED,1,37.90,16.80
B100321,2025-03-12,Köln,Werkstatt,Schlauchwechsel,1,19.90,9.00
B100322,2025-03-12,München,Zubehör,Luftpumpe,3,67.23,29.70
B100323,2025-03-12,Leipzig,E-Bikes,E-Bike City,1,2374.05,1690.00
B100324,2025-03-12,Leipzig,Zubehör,Luftpumpe,1,22.41,9.90
B100325,2025-03-12,Leipzig,Zubehör,Lichtset LED,3,107.73,50.40
B100326,2025-03-12,Leipzig,Bekleidung,Radhose,2,124.20,58.00
B100327,2025-03-13,Hamburg,Werkstatt,Inspektion Standard,1,84.55,52.00
B100328,2025-03-13,Hamburg,E-Bikes,E-Bike Trekking,1,3199.00,2170.00
B100329,2025-03-13,Hamburg,Fahrräder,Kinderrad 20 Zoll,1,319.13,205.00
B100330,2025-03-13,Köln,fahrräder,Stadtrad Classic,1,597.08,410.00
B100331,2025-03-13,Köln,Bekleidung,Handschuhe,1,29.90,11.50
B100332,2025-03-13,München,Zubehör,Lichtset LED,3,113.71,50.40
B100333,2025-03-13,München,werkstatt,Inspektion E-Bike,1,141.55,88.00
B100334,2025-03-13,München,Fahrräder,Trekkingrad Tour,1,899.00,560.00
B100335,2025-03-13,München,Bekleidung,Regenjacke,1,122.55,61.00
B100336,2025-03-14,Hamburg,Zubehör,Lichtset LED,2,79.80,33.60
B100337,2025-03-14,Köln,Werkstatt,Inspektion Standard,1,84.55,52.00
B100338,2025-03-14,Köln,Zubehör,Luftpumpe,3,74.70,29.70
B100339,2025-03-14,Köln,Zubehör,Helm Urban,2,159.80,76.00
B100340,2025-03-14,München,Fahrräder,Trekkingrad Tour,1,809.10,560.00
B100341,2025-03-14,München ,Werkstatt,Inspektion E-Bike,1,149.00,88.00
B100342,2025-03-14,München  ,Zubehör,Helm Urban,3,232.51,114.00
B100343,2025-03-14,Leipzig,Werkstatt,Inspektion E-Bike,1,141.55,88.00
B100344,2025-03-14,Leipzig,Bekleidung,Regenjacke,2,258.00,122.00
B100345,2025-03-15,Hamburg,Fahrräder,Trekkingrad Tour,1,899.00,560.00
B100346,2025-03-15,München,zubehör,Lichtset LED,2,75.81,33.60
B100347,2025-03-15,München,E-Bikes,E-Bike City,1,2299.08,1690.00
B100348,2025-03-15,München,Zubehör,Faltschloss,1,56.90,27.50
B100349,2025-03-15,München,Zubehör,Luftpumpe,2,49.80,19.80
B100350,2025-03-15,München,zubehör,Helm Urban,2,159.80,76.00
B100351,2025-03-15,München,Zubehör,Lichtset LED,1,38.70,16.80
B100352,2025-03-15,München,Zubehör,Fahrradtasche,1,89.00,44.00
B100353,2025-03-15,Leipzig ,Bekleidung,Radhose,1,62.10,29.00
B100354,2025-03-15,Leipzig,E-Bikes,E-Bike Trekking,1,3039.05,2170.00
B100355,2025-03-17,Hamburg,e-bikes,E-Bike City,1,2249.10,1690.00
B100356,2025-03-17,Hamburg,Fahrräder,Trekkingrad Tour,1,854.05,560.00
B100357,2025-03-17,München ,Zubehör,Lichtset LED,1,39.90,16.80
B100358,2025-03-17,München,Zubehör,Luftpumpe,2,47.31,19.80
B100359,2025-03-18,Hamburg,zubehör,Lichtset LED,3,113.71,50.40
B100360,2025-03-18,Hamburg,E-Bikes,E-Bike Trekking,1,3199.00,2170.00
B100361,2025-03-18,Köln,Zubehör,Luftpumpe,2,48.31,19.80
B100362,2025-03-18,Köln,zubehör,Fahrradtasche,2,178.00,88.00
B100363,2025-03-18,Köln,E-Bikes,E-Bike Trekking,1,3039.05,2170.00
B100364,2025-03-18,München,Zubehör,Fahrradtasche,1,89.00,44.00
B100365,2025-03-18,München,Fahrräder,Stadtrad Classic,1,629.53,410.00
B100366,2025-03-18,München,Zubehör,Lichtset LED,1,39.90,16.80
B100367,2025-03-18,Leipzig,Zubehör,Faltschloss,3,170.71,82.50
B100368,2025-03-18,Leipzig,Werkstatt,Schlauchwechsel,1,19.90,9.00
B100369,2025-03-19,Hamburg,Zubehör,Lichtset LED,2,75.81,33.60
B100370,2025-03-19,Hamburg,Werkstatt,Schlauchwechsel,1,17.91,9.00
B100371,2025-03-19,Hamburg,Fahrräder,Stadtrad Classic,1,616.55,410.00
B100372,2025-03-19,Hamburg,Zubehör,Fahrradtasche,1,89.00,44.00
B100373,2025-03-19,München  ,zubehör,Faltschloss,1,59.90,27.50
B100374,2025-03-19,München,Werkstatt,Schlauchwechsel,1,19.90,9.00
B100375,2025-03-19,München,Bekleidung,Regenjacke,2,232.20,122.00
B100376,2025-03-19,München,werkstatt,Inspektion E-Bike,1,149.00,88.00
B100377,2025-03-19,Leipzig,Zubehör,Faltschloss,3,161.73,82.50
B100378,2025-03-19,Leipzig,Werkstatt,Inspektion E-Bike,1,141.55,88.00
B100379,2025-03-20,Hamburg,Zubehör,Lichtset LED,2,79.80,33.60
B100380,2025-03-20,Köln,Zubehör,Faltschloss,3,174.31,82.50
B100381,2025-03-20,Köln,Zubehör,Helm Urban,1,75.91,38.00
B100382,2025-03-20,München,Zubehör,Lichtset LED,3,119.70,50.40
B100383,2025-03-20,Leipzig,bekleidung,Handschuhe,2,58.01,23.00
B100384,2025-03-21,Hamburg,Zubehör,Lichtset LED,2,77.41,33.60
B100385,2025-03-21,Hamburg,Zubehör,Luftpumpe,3,74.70,29.70
B100386,2025-03-21,Köln,Fahrräder,Trekkingrad Tour,1,854.05,560.00
B100387,2025-03-21,Köln,Fahrräder,Stadtrad Classic,1,616.55,410.00
B100388,2025-03-21,München,Fahrräder,Trekkingrad Tour,1,809.10,560.00
B100389,2025-03-21,München,Werkstatt,Schlauchwechsel,1,19.90,9.00
B100390,2025-03-21,München,Bekleidung,Handschuhe,2,59.80,23.00
B100391,2025-03-21,München,E-Bikes,E-Bike Trekking,1,2879.10,2170.00
B100392,2025-03-21,Leipzig,Werkstatt,Inspektion Standard,1,80.10,52.00
B100393,2025-03-22,Hamburg,zubehör,Helm Urban,2,143.82,76.00
B100394,2025-03-22,Hamburg,Bekleidung,Radhose,1,65.55,29.00
B100395,2025-03-22,Hamburg,Bekleidung,Radhose,1,62.10,29.00
B100396,2025-03-22,Köln,Fahrräder,Trekkingrad Tour,1,827.08,560.00
B100397,2025-03-22,Köln,Bekleidung,Regenjacke,1,129.00,61.00
B100398,2025-03-22,München,Bekleidung,Regenjacke,2,245.10,122.00
B100399,2025-03-22,München,e-bikes,E-Bike Trekking,1,2879.10,2170.00
B100400,2025-03-22,München,Zubehör,Helm Urban,2,151.81,76.00
B100401,2025-03-22,Leipzig  ,Werkstatt,Schlauchwechsel,1,19.90,9.00
B100402,2025-03-22,Leipzig,zubehör,Helm Urban,2,143.82,76.00
B100403,2025-03-22,Leipzig,Werkstatt,Schlauchwechsel,1,17.91,9.00
B100404,2025-03-24,Hamburg,Zubehör,Helm Urban,3,227.72,114.00
B100405,2025-03-24,Hamburg,Zubehör,Helm Urban,2,151.81,76.00
B100406,2025-03-24,Köln,E-Bikes,E-Bike City,1,2249.10,1690.00
B100407,2025-03-24,Köln,E-Bikes,E-Lastenrad,1,4491.00,3490.00
B100408,2025-03-24,Köln,Bekleidung,Handschuhe,1,28.40,11.50
B100409,2025-03-24,München,Fahrräder,Kinderrad 20 Zoll,1,329.00,205.00
B100410,2025-03-24,München,zubehör,Faltschloss,3,174.31,82.50
B100411,2025-03-24,München,Zubehör,Luftpumpe,1,22.41,9.90
B100412,2025-03-24,Leipzig,Fahrräder,Trekkingrad Tour,1,899.00,560.00
B100413,2025-03-25,Hamburg,Werkstatt,Schlauchwechsel,1,19.30,9.00
B100414,2025-03-25,Hamburg,Zubehör,Faltschloss,1,56.90,27.50
B100415,2025-03-25,Hamburg,Zubehör,Lichtset LED,1,37.90,16.80
B100416,2025-03-25,Köln,Zubehör,Lichtset LED,1,37.90,16.80
B100417,2025-03-25,Köln,Zubehör,Helm Urban,1,77.50,38.00
B100418,2025-03-25,Köln,Zubehör,Fahrradtasche,1,89.00,44.00
B100419,2025-03-25,Köln,Bekleidung,Regenjacke,2,232.20,122.00
B100420,2025-03-25,München,Zubehör,Luftpumpe,2,49.80,19.80
B100421,2025-03-25,München,Zubehör,Helm Urban,1,79.90,38.00
B100422,2025-03-25,München,Werkstatt,Inspektion Standard,1,84.55,52.00
B100423,2025-03-25,Leipzig,Zubehör,Lichtset LED,2,77.41,33.60
B100424,2025-03-25,Leipzig,Werkstatt,Schlauchwechsel,1,19.30,9.00
B100425,2025-03-25,Leipzig,Zubehör,Luftpumpe,1,23.65,9.90
B100426,2025-03-25,Leipzig,Werkstatt,Inspektion E-Bike,1,134.10,88.00
B100427,2025-03-26,Hamburg,Zubehör,Faltschloss,3,179.70,82.50
B100428,2025-03-26,Hamburg,Bekleidung,Handschuhe,2,53.82,23.00
B100429,2025-03-26,Köln,Zubehör,Helm Urban,3,227.72,114.00
B100430,2025-03-26,München,Fahrräder,Trekkingrad Tour,1,854.05,560.00
B100431,2025-03-27,Hamburg  ,Zubehör,Helm Urban,2,159.80,76.00
B100432,2025-03-27,Köln,Werkstatt,Inspektion E-Bike,1,144.53,88.00
B100433,2025-03-27,Köln  ,Werkstatt,Schlauchwechsel,1,19.90,9.00
B100434,2025-03-27,München  ,Werkstatt,Schlauchwechsel,1,19.90,9.00
B100435,2025-03-27,München  ,Werkstatt,Inspektion Standard,1,89.00,52.00
B100436,2025-03-27,München,Zubehör,Faltschloss,2,113.81,55.00
B100437,2025-03-27,München,Zubehör,Faltschloss,3,165.32,82.50
B100438,2025-03-27,München,Zubehör,Helm Urban,3,227.72,114.00
B100439,2025-03-27,Leipzig,Zubehör,Faltschloss,2,119.80,55.00
B100440,2025-03-28,Hamburg,Zubehör,Lichtset LED,2,79.80,33.60
B100441,2025-03-28,Hamburg ,Zubehör,Faltschloss,1,56.90,27.50
B100442,2025-03-28,Hamburg,Werkstatt,Inspektion Standard,1,89.00,52.00
B100443,2025-03-28,Köln,Zubehör,Fahrradtasche,1,84.55,44.00
B100444,2025-03-28,Köln  ,Werkstatt,Schlauchwechsel,1,19.90,9.00
B100445,2025-03-28,Köln,Fahrräder,Stadtrad Classic,1,649.00,410.00
B100446,2025-03-28,München ,Werkstatt,Inspektion E-Bike,1,141.55,88.00
B100447,2025-03-28,München,Zubehör,Helm Urban,1,79.90,38.00
B100448,2025-03-28,München,Zubehör,Luftpumpe,2,44.82,19.80
B100449,2025-03-28,Leipzig,Fahrräder,Trekkingrad Tour,1,854.05,560.00
B100450,2025-03-29,Hamburg,Zubehör,Lichtset LED,2,77.41,33.60
B100451,2025-03-29,Hamburg,Werkstatt,Inspektion Standard,1,86.33,52.00
B100452,2025-03-29,Hamburg,zubehör,Lichtset LED,3,113.71,50.40
B100453,2025-03-29,Köln,Fahrräder,Stadtrad Classic,1,584.10,410.00
B100454,2025-03-29,Köln,Fahrräder,Kinderrad 20 Zoll,1,296.10,205.00
B100455,2025-03-29,Köln,Werkstatt,Inspektion Standard,1,89.00,52.00
B100456,2025-03-29,München,E-Bikes,E-Bike City,1,2499.00,1690.00
B100457,2025-03-29,München,Werkstatt,Inspektion Standard,1,86.33,52.00
B100458,2025-03-29,Leipzig,Zubehör,Luftpumpe,2,47.31,19.80
B100459,2025-03-31,Hamburg,Werkstatt,Schlauchwechsel,1,17.91,9.00
B100460,2025-03-31,Hamburg,E-Bikes,E-Bike Trekking,1,2879.10,2170.00
B100461,2025-03-31,München,Werkstatt,Schlauchwechsel,1,19.90,9.00
B100462,2025-03-31,München  ,Fahrräder,Trekkingrad Tour,1,854.05,560.00
B100463,2025-03-31,München,Zubehör,Lichtset LED,2,79.80,33.60
B100464,2025-03-31,München,Werkstatt,Schlauchwechsel,1,18.90,9.00
B100465,2025-03-31,Leipzig,Werkstatt,Schlauchwechsel,1,18.31,9.00
B100466,2025-03-31,Leipzig,E-Bikes,E-Bike Trekking,1,3039.05,2170.00
B100467,2025-04-01,Hamburg,Zubehör,Faltschloss,2,107.82,55.00
B100468,2025-04-01,Hamburg,Fahrräder,Trekkingrad Tour,1,899.00,560.00
B100469,2025-04-01,Hamburg,E-Bikes,E-Lastenrad,1,4590.80,3490.00
B100470,2025-04-01,Hamburg,Bekleidung,Handschuhe,1,28.40,11.50
B100471,2025-04-01,Hamburg,Werkstatt,Inspektion Standard,1,89.00,52.00
B100472,2025-04-01,Hamburg,Fahrräder,Stadtrad Classic,1,629.53,410.00
B100473,2025-04-01,Hamburg,Zubehör,Lichtset LED,2,79.80,33.60
B100474,2025-04-01,Hamburg,fahrräder,Stadtrad Classic,1,597.08,410.00
B100475,2025-04-01,Köln,Fahrräder,Stadtrad Classic,1,616.55,410.00
B100476,2025-04-01,Köln  ,Zubehör,Lichtset LED,3,119.70,50.40
B100477,2025-04-01,Köln,Zubehör,Faltschloss,2,119.80,55.00
B100478,2025-04-01,München,Werkstatt,Inspektion E-Bike,1,149.00,88.00
B100479,2025-04-01,Leipzig,Zubehör,Helm Urban,2,143.82,76.00
B100480,2025-04-01,Leipzig,Fahrräder,Kinderrad 20 Zoll,1,296.10,205.00
B100481,2025-04-02,Hamburg  ,Bekleidung,Handschuhe,1,28.40,11.50
B100482,2025-04-02,Hamburg,Werkstatt,Inspektion Standard,1,84.55,52.00
B100483,2025-04-02,Hamburg,Bekleidung,Handschuhe,1,29.90,11.50
B100484,2025-04-02,Hamburg,Fahrräder,Stadtrad Classic,1,649.00,410.00
B100485,2025-04-02,Köln,Zubehör,Faltschloss,3,170.71,82.50
B100486,2025-04-02,Köln,Zubehör,Luftpumpe,2,49.80,19.80
B100487,2025-04-02,München ,Bekleidung,Radhose,1,65.55,29.00
B100488,2025-04-02,München,Fahrräder,Stadtrad Classic,1,584.10,410.00
B100489,2025-04-02,München,Werkstatt,Inspektion E-Bike,1,149.00,88.00
B100490,2025-04-02,München,E-Bikes,E-Bike Trekking,1,3039.05,2170.00
B100491,2025-04-02,Leipzig,E-Bikes,E-Bike Trekking,1,3199.00,2170.00
B100492,2025-04-03,Hamburg,Zubehör,Faltschloss,1,59.90,27.50
B100493,2025-04-03,Hamburg,Werkstatt,Inspektion Standard,1,89.00,52.00
B100494,2025-04-03,Hamburg,Werkstatt,Schlauchwechsel,1,19.90,9.00
B100495,2025-04-03,Hamburg,Zubehör,Helm Urban,1,79.90,38.00
B100496,2025-04-03,Köln,Fahrräder,Gravelbike Kies,1,1299.00,830.00
B100497,2025-04-03,Köln,Fahrräder,Kinderrad 20 Zoll,1,296.10,205.00
B100498,2025-04-03,München,Bekleidung,Radhose,2,131.10,58.00
B100499,2025-04-03,München,Werkstatt,Inspektion E-Bike,1,141.55,88.00
B100500,2025-04-03,München,Werkstatt,Inspektion E-Bike,1,149.00,88.00
B100501,2025-04-03,München,Zubehör,Faltschloss,2,119.80,55.00
B100502,2025-04-03,München,Fahrräder,Trekkingrad Tour,1,854.05,560.00
B100503,2025-04-03,München,Bekleidung,Regenjacke,1,122.55,61.00
B100504,2025-04-03,Leipzig,Zubehör,Helm Urban,1,71.91,38.00
B100505,2025-04-04,Hamburg,Zubehör,Faltschloss,1,53.91,27.50
B100506,2025-04-04,Hamburg ,Zubehör,Luftpumpe,3,70.96,29.70
B100507,2025-04-04,Hamburg,Fahrräder,Stadtrad Classic,1,616.55,410.00
B100508,2025-04-04,Köln,Werkstatt,Inspektion E-Bike,1,144.53,88.00
B100509,2025-04-04,München,Fahrräder,Kinderrad 20 Zoll,1,312.55,205.00
B100510,2025-04-04,München,Zubehör,Fahrradtasche,3,253.65,132.00
B100511,2025-04-04,München,Zubehör,Faltschloss,2,119.80,55.00
B100512,2025-04-04,München,Zubehör,Faltschloss,3,161.73,82.50
B100513,2025-04-04,München,Zubehör,Fahrradtasche,3,267.00,132.00
B100514,2025-04-04,Leipzig  ,Zubehör,Faltschloss,2,116.21,55.00
B100515,2025-04-05,Hamburg,Werkstatt,Inspektion Standard,1,86.33,52.00
B100516,2025-04-05,Hamburg,Zubehör,Luftpumpe,3,72.46,29.70
B100517,2025-04-05,Hamburg,Werkstatt,Inspektion E-Bike,1,149.00,88.00
B100518,2025-04-05,Köln,Zubehör,Faltschloss,2,119.80,55.00
B100519,2025-04-05,Köln,Fahrräder,Stadtrad Classic,1,649.00,410.00
B100520,2025-04-05,Köln,Werkstatt,Inspektion Standard,1,89.00,52.00
B100521,2025-04-05,München,Zubehör,Fahrradtasche,2,169.10,88.00
B100522,2025-04-05,München,Bekleidung,Handschuhe,2,56.81,23.00
B100523,2025-04-05,München ,Bekleidung,Radhose,2,131.10,58.00
B100524,2025-04-05,München,Zubehör,Fahrradtasche,2,160.20,88.00
B100525,2025-04-05,München,Zubehör,Luftpumpe,3,74.70,29.70
B100526,2025-04-05,München,Bekleidung,Handschuhe,1,29.90,11.50
B100527,2025-04-05,München,Werkstatt,Inspektion Standard,1,89.00,52.00
B100528,2025-04-05,München,Zubehör,Lichtset LED,2,75.81,33.60
B100529,2025-04-05,München,Werkstatt,Inspektion Standard,1,89.00,52.00
B100530,2025-04-05,Leipzig,Werkstatt,Schlauchwechsel,1,17.91,9.00
B100531,2025-04-05,Leipzig,E-Bikes,E-Bike City,1,2249.10,1690.00
B100532,2025-04-05,Leipzig,Werkstatt,Inspektion Standard,1,89.00,52.00
B100533,2025-04-07,Hamburg,Zubehör,Luftpumpe,3,74.70,29.70
B100534,2025-04-07,Hamburg,Zubehör,Luftpumpe,1,24.90,9.90
B100535,2025-04-07,Hamburg,Werkstatt,Inspektion E-Bike,1,141.55,88.00
B100536,2025-04-07,Hamburg,Werkstatt,Schlauchwechsel,1,19.90,9.00
B100537,2025-04-07,Hamburg,Werkstatt,Schlauchwechsel,1,18.90,9.00
B100538,2025-04-07,Hamburg,Werkstatt,Schlauchwechsel,1,19.90,9.00
B100539,2025-04-07,Köln,Zubehör,Faltschloss,1,59.90,27.50
B100540,2025-04-07,München,Werkstatt,Inspektion Standard,1,89.00,52.00
B100541,2025-04-07,München,Fahrräder,Stadtrad Classic,1,584.10,410.00
B100542,2025-04-07,München,Bekleidung,Regenjacke,2,258.00,122.00
B100543,2025-04-07,München,Werkstatt,Schlauchwechsel,1,19.90,9.00
B100544,2025-04-07,München,werkstatt,Schlauchwechsel,1,19.30,9.00
B100545,2025-04-07,Leipzig,Fahrräder,Gravelbike Kies,1,1299.00,830.00
B100546,2025-04-07,Leipzig,Bekleidung,Regenjacke,2,232.20,122.00
B100547,2025-04-07,Leipzig,E-Bikes,E-Bike City,1,2374.05,1690.00
B100548,2025-04-08,Hamburg,Zubehör,Helm Urban,1,71.91,38.00
B100549,2025-04-08,Hamburg,Werkstatt,Inspektion Standard,1,86.33,52.00
B100550,2025-04-08,Hamburg,Zubehör,Luftpumpe,2,44.82,19.80
B100551,2025-04-08,Köln,Zubehör,Lichtset LED,2,79.80,33.60
B100552,2025-04-08,Köln,Werkstatt,Schlauchwechsel,1,18.90,9.00
B100553,2025-04-08,Köln,Werkstatt,Inspektion Standard,1,84.55,52.00
B100554,2025-04-08,Köln,E-Bikes,E-Bike City,1,2499.00,1690.00
B100555,2025-04-08,Köln,Werkstatt,Schlauchwechsel,1,17.91,9.00
B100556,2025-04-08,München,Zubehör,Lichtset LED,3,107.73,50.40
B100557,2025-04-09,Hamburg,zubehör,Lichtset LED,2,79.80,33.60
B100558,2025-04-09,Hamburg,Fahrräder,Stadtrad Classic,1,649.00,410.00
B100559,2025-04-09,Hamburg,Werkstatt,Schlauchwechsel,1,17.91,9.00
B100560,2025-04-09,Köln,Zubehör,Fahrradtasche,3,267.00,132.00
B100561,2025-04-09,München  ,Zubehör,Lichtset LED,2,79.80,33.60
B100562,2025-04-09,München,Werkstatt,Inspektion E-Bike,1,141.55,88.00
B100563,2025-04-09,München,Werkstatt,Schlauchwechsel,1,17.91,9.00
B100564,2025-04-09,München,Fahrräder,Kinderrad 20 Zoll,1,329.00,205.00
B100565,2025-04-09,München,Bekleidung,Radhose,2,138.00,58.00
B100566,2025-04-09,München,Werkstatt,Schlauchwechsel,1,19.90,9.00
B100567,2025-04-10,Hamburg,Werkstatt,Inspektion E-Bike,1,149.00,88.00
B100568,2025-04-10,Köln,Zubehör,Lichtset LED,2,79.80,33.60
B100569,2025-04-10,München,Zubehör,Luftpumpe,3,74.70,29.70
B100570,2025-04-10,München,Zubehör,Helm Urban,3,239.70,114.00
B100571,2025-04-11,Hamburg,zubehör,Helm Urban,2,143.82,76.00
B100572,2025-04-11,Hamburg ,Werkstatt,Schlauchwechsel,1,17.91,9.00
B100573,2025-04-11,Hamburg,Werkstatt,Inspektion Standard,1,84.55,52.00
B100574,2025-04-11,Köln,Werkstatt,Schlauchwechsel,1,18.90,9.00
B100575,2025-04-11,Köln,Zubehör,Lichtset LED,3,107.73,50.40
B100576,2025-04-11,Köln,Werkstatt,Inspektion Standard,1,89.00,52.00
B100577,2025-04-11,Köln,Bekleidung,Handschuhe,1,28.40,11.50
B100578,2025-04-11,München,Zubehör,Helm Urban,2,159.80,76.00
B100579,2025-04-11,München  ,Werkstatt,Inspektion Standard,1,89.00,52.00
B100580,2025-04-11,München,Bekleidung,Radhose,1,66.93,29.00
B100581,2025-04-11,München ,Bekleidung,Radhose,1,69.00,29.00
B100582,2025-04-11,München,zubehör,Lichtset LED,2,75.81,33.60
B100583,2025-04-11,Leipzig,Fahrräder,Stadtrad Classic,1,584.10,410.00
B100584,2025-04-12,Hamburg,Bekleidung,Handschuhe,1,28.40,11.50
B100585,2025-04-12,Hamburg,Zubehör,Helm Urban,1,79.90,38.00
B100586,2025-04-12,Hamburg,Zubehör,Fahrradtasche,2,160.20,88.00
B100587,2025-04-12,Hamburg,Zubehör,Fahrradtasche,3,258.99,132.00
B100588,2025-04-12,Hamburg,Zubehör,Luftpumpe,3,70.96,29.70
B100589,2025-04-12,Hamburg  ,Zubehör,Lichtset LED,2,79.80,33.60
B100590,2025-04-12,Köln,Bekleidung,Handschuhe,2,56.81,23.00
B100591,2025-04-12,Köln,Bekleidung,Handschuhe,1,26.91,11.50
B100592,2025-04-12,München,Werkstatt,Inspektion Standard,1,84.55,52.00
B100593,2025-04-12,München,Werkstatt,Schlauchwechsel,1,17.91,9.00
B100594,2025-04-12,München,Fahrräder,Stadtrad Classic,1,649.00,410.00
B100595,2025-04-12,München,Zubehör,Luftpumpe,2,49.80,19.80
B100596,2025-04-12,München,Zubehör,Lichtset LED,2,79.80,33.60
B100597,2025-04-12,München,Werkstatt,Inspektion Standard,1,89.00,52.00
B100598,2025-04-12,München,Zubehör,Lichtset LED,3,113.71,50.40
B100599,2025-04-12,Leipzig,Werkstatt,Inspektion Standard,1,84.55,52.00
B100600,2025-04-12,Leipzig,Werkstatt,Inspektion E-Bike,1,141.55,88.00
B100601,2025-04-14,Hamburg,Bekleidung,Handschuhe,2,56.81,23.00
B100602,2025-04-14,Hamburg,Fahrräder,Gravelbike Kies,1,1299.00,830.00
B100603,2025-04-14,Köln,Fahrräder,Trekkingrad Tour,1,809.10,560.00
B100604,2025-04-14,Köln,Werkstatt,Inspektion Standard,1,89.00,52.00
B100605,2025-04-14,München,Zubehör,Luftpumpe,3,74.70,29.70
B100606,2025-04-14,München,Werkstatt,Inspektion E-Bike,1,144.53,88.00
B100607,2025-04-14,Leipzig,Fahrräder,Trekkingrad Tour,1,872.03,560.00
B100608,2025-04-14,Leipzig,Fahrräder,Stadtrad Classic,1,649.00,410.00
B100609,2025-04-15,Hamburg,zubehör,Helm Urban,1,79.90,38.00
B100610,2025-04-15,Hamburg,Zubehör,Helm Urban,2,143.82,76.00
B100611,2025-04-15,Köln,E-Bikes,E-Bike City,1,2299.08,1690.00
B100612,2025-04-15,München,Werkstatt,Inspektion Standard,1,84.55,52.00
B100613,2025-04-15,München,Bekleidung,Radhose,2,138.00,58.00
B100614,2025-04-15,München,Werkstatt,Schlauchwechsel,1,19.90,9.00
B100615,2025-04-15,München,Zubehör,Fahrradtasche,3,267.00,132.00
B100616,2025-04-15,Leipzig,Werkstatt,Schlauchwechsel,1,19.90,9.00
B100617,2025-04-15,Leipzig ,Werkstatt,Schlauchwechsel,1,19.90,9.00
B100618,2025-04-15,Leipzig,Bekleidung,Regenjacke,1,125.13,61.00
B100619,2025-04-16,Hamburg,E-Bikes,E-Bike Trekking,1,3199.00,2170.00
B100620,2025-04-16,Hamburg,Zubehör,Fahrradtasche,3,253.65,132.00
B100621,2025-04-16,Hamburg,Zubehör,Fahrradtasche,1,80.10,44.00
B100622,2025-04-16,Hamburg,Fahrräder,Kinderrad 20 Zoll,1,296.10,205.00
B100623,2025-04-16,Köln,E-Bikes,E-Bike City,1,2499.00,1690.00
B100624,2025-04-16,Köln,Zubehör,Fahrradtasche,3,240.30,132.00
B100625,2025-04-16,Köln,Fahrräder,Trekkingrad Tour,1,854.05,560.00
B100626,2025-04-16,Köln,Zubehör,Helm Urban,2,151.81,76.00
B100627,2025-04-16,Köln,Zubehör,Helm Urban,2,159.80,76.00
B100628,2025-04-16,München,E-Bikes,E-Bike City,1,2424.03,1690.00
B100629,2025-04-16,München,Fahrräder,Trekkingrad Tour,1,899.00,560.00
B100630,2025-04-16,München,Fahrräder,Stadtrad Classic,1,649.00,410.00
B100631,2025-04-16,Leipzig,Werkstatt,Schlauchwechsel,1,17.91,9.00
B100632,2025-04-16,Leipzig,Bekleidung,Radhose,2,131.10,58.00
B100633,2025-04-17,Hamburg,Werkstatt,Inspektion E-Bike,1,149.00,88.00
B100634,2025-04-17,Hamburg,Fahrräder,Kinderrad 20 Zoll,1,329.00,205.00
B100635,2025-04-17,Hamburg,werkstatt,Inspektion E-Bike,1,141.55,88.00
B100636,2025-04-17,Köln,Bekleidung,Handschuhe,1,29.00,11.50
B100637,2025-04-17,Köln,Fahrräder,Kinderrad 20 Zoll,1,329.00,205.00
B100638,2025-04-17,Köln ,Zubehör,Luftpumpe,2,47.31,19.80
B100639,2025-04-17,Köln,Zubehör,Lichtset LED,2,79.80,33.60
B100640,2025-04-17,München,Bekleidung,Handschuhe,1,28.40,11.50
B100641,2025-04-17,München,E-Bikes,E-Bike Trekking,1,3039.05,2170.00
B100642,2025-04-17,München,Fahrräder,Gravelbike Kies,1,1169.10,830.00
B100643,2025-04-17,Leipzig,Zubehör,Luftpumpe,1,23.65,9.90
B100644,2025-04-18,Hamburg  ,Zubehör,Luftpumpe,3,67.23,29.70
B100645,2025-04-18,Hamburg,Fahrräder,Trekkingrad Tour,1,899.00,560.00
B100646,2025-04-18,Hamburg,Werkstatt,Schlauchwechsel,1,19.90,9.00
B100647,2025-04-18,Hamburg,Zubehör,Luftpumpe,2,47.31,19.80
B100648,2025-04-18,Köln,Zubehör,Fahrradtasche,2,169.10,88.00
B100649,2025-04-18,Köln,Fahrräder,Gravelbike Kies,1,1299.00,830.00
B100650,2025-04-18,Köln,Werkstatt,Schlauchwechsel,1,17.91,9.00
B100651,2025-04-18,München,e-bikes,E-Bike City,1,2249.10,1690.00
B100652,2025-04-18,München,zubehör,Helm Urban,1,79.90,38.00
B100653,2025-04-18,München,Zubehör,Fahrradtasche,3,245.64,132.00
B100654,2025-04-18,Leipzig,Fahrräder,Trekkingrad Tour,1,854.05,560.00
B100655,2025-04-19,Hamburg,zubehör,Helm Urban,2,147.02,76.00
B100656,2025-04-19,Hamburg,Bekleidung,Regenjacke,2,232.20,122.00
B100657,2025-04-19,Hamburg,E-Bikes,E-Bike Trekking,1,3199.00,2170.00
B100658,2025-04-19,Hamburg,Bekleidung,Regenjacke,2,258.00,122.00
B100659,2025-04-19,Hamburg,Werkstatt,Inspektion Standard,1,80.10,52.00
B100660,2025-04-19,Hamburg,Zubehör,Luftpumpe,1,22.41,9.90
B100661,2025-04-19,Köln,Zubehör,Luftpumpe,3,70.96,29.70
B100662,2025-04-19,Köln,Bekleidung,Regenjacke,2,250.26,122.00
B100663,2025-04-19,Köln,E-Bikes,E-Lastenrad,1,4990.00,3490.00
B100664,2025-04-19,München,Werkstatt,Inspektion E-Bike,1,149.00,88.00
B100665,2025-04-19,München,Zubehör,Helm Urban,2,159.80,76.00
B100666,2025-04-19,München,Zubehör,Faltschloss,2,116.21,55.00
B100667,2025-04-19,München  ,Zubehör,Lichtset LED,1,39.90,16.80
B100668,2025-04-19,München,Zubehör,Luftpumpe,2,49.80,19.80
B100669,2025-04-19,München,Zubehör,Fahrradtasche,2,172.66,88.00
B100670,2025-04-19,München,Zubehör,Faltschloss,2,113.81,55.00
B100671,2025-04-19,München,Fahrräder,Gravelbike Kies,1,1260.03,830.00
B100672,2025-04-19,Leipzig,Werkstatt,Inspektion Standard,1,89.00,52.00
B100673,2025-04-19,Leipzig,Zubehör,Luftpumpe,3,67.23,29.70
B100674,2025-04-19,Leipzig,E-Bikes,E-Bike City,1,2374.05,1690.00
B100675,2025-04-21,Hamburg,Fahrräder,Trekkingrad Tour,1,899.00,560.00
B100676,2025-04-21,Hamburg,Werkstatt,Inspektion E-Bike,1,134.10,88.00
B100677,2025-04-21,Hamburg,Fahrräder,Stadtrad Classic,1,616.55,410.00
B100678,2025-04-21,Köln,Fahrräder,Stadtrad Classic,1,616.55,410.00
B100679,2025-04-21,Köln,zubehör,Luftpumpe,2,49.80,19.80
B100680,2025-04-21,München,bekleidung,Radhose,1,69.00,29.00
B100681,2025-04-21,München,fahrräder,Trekkingrad Tour,1,854.05,560.00
B100682,2025-04-21,München,Werkstatt,Schlauchwechsel,1,19.90,9.00
B100683,2025-04-21,Leipzig,Werkstatt,Inspektion Standard,1,80.10,52.00
B100684,2025-04-22,Hamburg,Werkstatt,Inspektion Standard,1,84.55,52.00
B100685,2025-04-22,Hamburg,Zubehör,Faltschloss,3,174.31,82.50
B100686,2025-04-22,Köln,fahrräder,Stadtrad Classic,1,616.55,410.00
B100687,2025-04-22,Köln,Zubehör,Fahrradtasche,3,253.65,132.00
B100688,2025-04-22,München,Zubehör,Helm Urban,1,75.91,38.00
B100689,2025-04-22,München,Werkstatt,Inspektion E-Bike,1,149.00,88.00
B100690,2025-04-22,München ,Zubehör,Helm Urban,2,155.01,76.00
B100691,2025-04-22,Leipzig,Bekleidung,Regenjacke,2,232.20,122.00
B100692,2025-04-22,Leipzig,Fahrräder,Trekkingrad Tour,1,809.10,560.00
B100693,2025-04-22,Leipzig,Werkstatt,Schlauchwechsel,1,18.31,9.00
B100694,2025-04-23,Hamburg,Zubehör,Fahrradtasche,1,84.55,44.00
B100695,2025-04-23,Hamburg,Fahrräder,Stadtrad Classic,1,616.55,410.00
B100696,2025-04-23,Hamburg,Zubehör,Fahrradtasche,1,86.33,44.00
B100697,2025-04-23,Köln,Zubehör,Lichtset LED,2,79.80,33.60
B100698,2025-04-23,München,Bekleidung,Radhose,1,65.55,29.00
B100699,2025-04-23,München,Zubehör,Luftpumpe,3,68.72,29.70
B100700,2025-04-23,München,Bekleidung,Regenjacke,2,258.00,122.00
B100701,2025-04-23,München,Zubehör,Luftpumpe,1,22.41,9.90
B100702,2025-04-23,Leipzig,Fahrräder,Stadtrad Classic,1,649.00,410.00
B100703,2025-04-24,Hamburg,Zubehör,Faltschloss,3,179.70,82.50
B100704,2025-04-24,Hamburg,Zubehör,Lichtset LED,2,75.81,33.60
B100705,2025-04-24,Hamburg,Zubehör,Fahrradtasche,2,160.20,88.00
B100706,2025-04-24,Hamburg,Werkstatt,Schlauchwechsel,1,19.30,9.00
B100707,2025-04-24,Hamburg,Bekleidung,Handschuhe,1,29.00,11.50
B100708,2025-04-24,Köln ,Zubehör,Faltschloss,2,119.80,55.00
B100709,2025-04-24,Köln,Bekleidung,Regenjacke,2,250.26,122.00
B100710,2025-04-24,Köln,Fahrräder,Trekkingrad Tour,1,854.05,560.00
B100711,2025-04-24,München  ,Bekleidung,Regenjacke,1,129.00,61.00
B100712,2025-04-24,München,zubehör,Luftpumpe,1,24.15,9.90
B100713,2025-04-24,München,Bekleidung,Handschuhe,2,53.82,23.00
B100714,2025-04-24,München,Bekleidung,Radhose,2,138.00,58.00
B100715,2025-04-24,Leipzig,Zubehör,Lichtset LED,1,39.90,16.80
B100716,2025-04-25,Hamburg,E-Bikes,E-Bike Trekking,1,3199.00,2170.00
B100717,2025-04-25,Hamburg,Zubehör,Fahrradtasche,1,80.10,44.00
B100718,2025-04-25,Köln,Fahrräder,Trekkingrad Tour,1,854.05,560.00
B100719,2025-04-25,München,Werkstatt,Schlauchwechsel,1,18.31,9.00
B100720,2025-04-25,München,E-Bikes,E-Lastenrad,1,4491.00,3490.00
B100721,2025-04-25,München,Werkstatt,Inspektion Standard,1,80.10,52.00
B100722,2025-04-25,Leipzig,Bekleidung,Regenjacke,1,129.00,61.00
B100723,2025-04-25,Leipzig,Bekleidung,Regenjacke,1,122.55,61.00
B100724,2025-04-26,Hamburg,Werkstatt,Inspektion E-Bike,1,141.55,88.00
B100725,2025-04-26,Hamburg,Werkstatt,Schlauchwechsel,1,18.90,9.00
B100726,2025-04-26,Hamburg,Zubehör,Lichtset LED,2,71.82,33.60
B100727,2025-04-26,Hamburg,zubehör,Fahrradtasche,1,89.00,44.00
B100728,2025-04-26,Hamburg,Bekleidung,Handschuhe,2,56.81,23.00
B100729,2025-04-26,Hamburg,Zubehör,Lichtset LED,3,110.12,50.40
B100730,2025-04-26,Hamburg,Zubehör,Helm Urban,3,232.51,114.00
B100731,2025-04-26,Köln,Fahrräder,Trekkingrad Tour,1,899.00,560.00
B100732,2025-04-26,Köln,Zubehör,Luftpumpe,1,24.90,9.90
B100733,2025-04-26,Köln,Bekleidung,Radhose,1,62.10,29.00
B100734,2025-04-26,Köln,Werkstatt,Inspektion Standard,1,89.00,52.00
B100735,2025-04-26,München,Bekleidung,Radhose,2,138.00,58.00
B100736,2025-04-26,München,Werkstatt,Inspektion Standard,1,84.55,52.00
B100737,2025-04-26,München,Werkstatt,Schlauchwechsel,1,18.90,9.00
B100738,2025-04-26,München,Zubehör,Helm Urban,3,227.72,114.00
B100739,2025-04-26,München,bekleidung,Regenjacke,2,250.26,122.00
B100740,2025-04-26,München,Bekleidung,Regenjacke,2,258.00,122.00
B100741,2025-04-26,München,werkstatt,Schlauchwechsel,1,19.90,9.00
B100742,2025-04-26,München,werkstatt,Schlauchwechsel,1,19.30,9.00
B100743,2025-04-26,München,Zubehör,Luftpumpe,2,48.31,19.80
B100744,2025-04-26,Leipzig,Zubehör,Faltschloss,1,58.10,27.50
B100745,2025-04-26,Leipzig,Zubehör,Luftpumpe,1,22.91,9.90
B100746,2025-04-26,Leipzig,Zubehör,Lichtset LED,2,71.82,33.60
B100747,2025-04-26,Leipzig,E-Bikes,E-Lastenrad,1,4491.00,3490.00
B100748,2025-04-26,Leipzig,Zubehör,Fahrradtasche,3,267.00,132.00
B100749,2025-04-26,Leipzig,E-Bikes,E-Bike City,1,2424.03,1690.00
B100750,2025-04-26,Leipzig,Zubehör,Lichtset LED,1,35.91,16.80
B100751,2025-04-28,Hamburg,Bekleidung,Radhose,1,62.10,29.00
B100752,2025-04-28,Hamburg,Zubehör,Lichtset LED,2,77.41,33.60
B100753,2025-04-28,Köln,Werkstatt,Inspektion Standard,1,80.10,52.00
B100754,2025-04-28,Köln,Bekleidung,Radhose,1,62.10,29.00
B100755,2025-04-28,München,Zubehör,Lichtset LED,1,39.90,16.80
B100756,2025-04-28,München,Zubehör,Faltschloss,2,116.21,55.00
B100757,2025-04-28,München  ,fahrräder,Stadtrad Classic,1,616.55,410.00
B100758,2025-04-28,München,Fahrräder,Trekkingrad Tour,1,854.05,560.00
B100759,2025-04-29,Hamburg,E-Bikes,E-Bike City,1,2374.05,1690.00
B100760,2025-04-29,Hamburg,Bekleidung,Radhose,2,138.00,58.00
B100761,2025-04-29,Köln,Zubehör,Luftpumpe,1,23.65,9.90
B100762,2025-04-29,Köln,E-Bikes,E-Bike City,1,2299.08,1690.00
B100763,2025-04-29,Köln,E-Bikes,E-Bike Trekking,1,3199.00,2170.00
B100764,2025-04-29,München,Zubehör,Helm Urban,3,215.73,114.00
B100765,2025-04-29,München,E-Bikes,E-Bike City,1,2374.05,1690.00
B100766,2025-04-29,München,Zubehör,Faltschloss,3,179.70,82.50
B100767,2025-04-29,München,Zubehör,Lichtset LED,3,119.70,50.40
B100768,2025-04-29,München,Zubehör,Lichtset LED,1,35.91,16.80
B100769,2025-04-30,Hamburg  ,Zubehör,Helm Urban,1,79.90,38.00
B100770,2025-04-30,Hamburg,Werkstatt,Schlauchwechsel,1,18.90,9.00
B100771,2025-04-30,Hamburg,Zubehör,Lichtset LED,3,113.71,50.40
B100772,2025-04-30,Hamburg,E-Bikes,E-Bike City,1,2374.05,1690.00
B100773,2025-04-30,Köln,Zubehör,Fahrradtasche,2,172.66,88.00
B100774,2025-04-30,Köln,Werkstatt,Schlauchwechsel,1,19.90,9.00
B100775,2025-04-30,München,Werkstatt,Inspektion Standard,1,84.55,52.00
B100776,2025-04-30,München,Zubehör,Fahrradtasche,2,178.00,88.00
B100777,2025-04-30,München,Fahrräder,Trekkingrad Tour,1,854.05,560.00
B100778,2025-04-30,München,Zubehör,Faltschloss,2,119.80,55.00
B100779,2025-04-30,München,Zubehör,Faltschloss,2,116.21,55.00
B100780,2025-04-30,München,Zubehör,Lichtset LED,1,39.90,16.80
B100781,2025-04-30,Leipzig,Zubehör,Lichtset LED,2,79.80,33.60
B100782,2025-04-30,Leipzig,Zubehör,Helm Urban,3,239.70,114.00
B100783,2025-05-01,Hamburg,Fahrräder,Stadtrad Classic,1,649.00,410.00
B100784,2025-05-01,Hamburg,Zubehör,Helm Urban,2,143.82,76.00
B100785,2025-05-01,Hamburg ,Fahrräder,Stadtrad Classic,1,649.00,410.00
B100786,2025-05-01,Köln,E-Bikes,E-Bike City,1,2499.00,1690.00
B100787,2025-05-01,Köln,Werkstatt,Inspektion E-Bike,1,141.55,88.00
B100788,2025-05-01,Köln,Zubehör,Lichtset LED,2,75.81,33.60
B100789,2025-05-01,Köln,Fahrräder,Stadtrad Classic,1,629.53,410.00
B100790,2025-05-01,Köln,Werkstatt,Schlauchwechsel,1,18.90,9.00
B100791,2025-05-01,München,Zubehör,Lichtset LED,2,79.80,33.60
B100792,2025-05-01,München,Zubehör,Lichtset LED,2,75.81,33.60
B100793,2025-05-01,München,Werkstatt,Inspektion Standard,1,89.00,52.00
B100794,2025-05-01,München,Zubehör,Faltschloss,1,59.90,27.50
B100795,2025-05-01,München,Fahrräder,Trekkingrad Tour,1,899.00,560.00
B100796,2025-05-01,München,Fahrräder,Kinderrad 20 Zoll,1,319.13,205.00
B100797,2025-05-02,Hamburg,Werkstatt,Inspektion E-Bike,1,149.00,88.00
B100798,2025-05-02,Hamburg,Zubehör,Luftpumpe,3,67.23,29.70
B100799,2025-05-02,Hamburg,Zubehör,Helm Urban,3,227.72,114.00
B100800,2025-05-02,Hamburg,Zubehör,Lichtset LED,3,107.73,50.40
B100801,2025-05-02,Hamburg,Werkstatt,Schlauchwechsel,1,18.90,9.00
B100802,2025-05-02,Köln,Werkstatt,Schlauchwechsel,1,19.90,9.00
B100803,2025-05-02,Köln ,E-Bikes,E-Lastenrad,1,4990.00,3490.00
B100804,2025-05-02,Köln,Zubehör,Faltschloss,2,113.81,55.00
B100805,2025-05-02,München,Werkstatt,Inspektion E-Bike,1,134.10,88.00
B100806,2025-05-02,München,zubehör,Helm Urban,2,159.80,76.00
B100807,2025-05-02,München,Zubehör,Luftpumpe,1,24.90,9.90
B100808,2025-05-02,München,Zubehör,Faltschloss,1,58.10,27.50
B100809,2025-05-02,Leipzig,zubehör,Faltschloss,1,58.10,27.50
B100810,2025-05-02,Leipzig,Zubehör,Helm Urban,3,215.73,114.00
B100811,2025-05-02,Leipzig,Fahrräder,Trekkingrad Tour,1,809.10,560.00
B100812,2025-05-03,Hamburg,Bekleidung,Handschuhe,2,56.81,23.00
B100813,2025-05-03,Hamburg,Zubehör,Helm Urban,3,227.72,114.00
B100814,2025-05-03,Hamburg,Bekleidung,Regenjacke,2,250.26,122.00
B100815,2025-05-03,Hamburg,Werkstatt,Inspektion Standard,1,89.00,52.00
B100816,2025-05-03,Hamburg,Zubehör,Lichtset LED,1,37.90,16.80
B100817,2025-05-03,Köln,Fahrräder,Trekkingrad Tour,1,899.00,560.00
B100818,2025-05-03,Köln,Werkstatt,Schlauchwechsel,1,19.90,9.00
B100819,2025-05-03,Köln,Werkstatt,Inspektion Standard,1,80.10,52.00
B100820,2025-05-03,München,Fahrräder,Kinderrad 20 Zoll,1,329.00,205.00
B100821,2025-05-03,München,Fahrräder,Gravelbike Kies,1,1299.00,830.00
B100822,2025-05-03,München,zubehör,Fahrradtasche,2,172.66,88.00
B100823,2025-05-03,München,Zubehör,Lichtset LED,1,37.90,16.80
B100824,2025-05-03,München,Zubehör,Helm Urban,3,232.51,114.00
B100825,2025-05-03,München,Zubehör,Faltschloss,2,107.82,55.00
B100826,2025-05-03,Leipzig,Zubehör,Helm Urban,3,232.51,114.00
B100827,2025-05-03,Leipzig,Zubehör,Helm Urban,2,159.80,76.00
B100828,2025-05-03,Leipzig,Werkstatt,Inspektion E-Bike,1,141.55,88.00
B100829,2025-05-05,Hamburg,bekleidung,Handschuhe,2,58.01,23.00
B100830,2025-05-05,Köln,Fahrräder,Trekkingrad Tour,1,827.08,560.00
B100831,2025-05-05,Köln,Werkstatt,Inspektion Standard,1,80.10,52.00
B100832,2025-05-05,Köln,Werkstatt,Schlauchwechsel,1,17.91,9.00
B100833,2025-05-05,Köln,Werkstatt,Schlauchwechsel,1,19.90,9.00
B100834,2025-05-05,München,Werkstatt,Schlauchwechsel,1,19.90,9.00
B100835,2025-05-05,München  ,Werkstatt,Inspektion E-Bike,1,149.00,88.00
B100836,2025-05-05,Leipzig,Werkstatt,Inspektion Standard,1,89.00,52.00
B100837,2025-05-05,Leipzig,Bekleidung,Regenjacke,2,245.10,122.00
B100838,2025-05-06,Hamburg,Bekleidung,Radhose,2,138.00,58.00
B100839,2025-05-06,Hamburg,Werkstatt,Inspektion Standard,1,80.10,52.00
B100840,2025-05-06,Hamburg,Zubehör,Fahrradtasche,2,169.10,88.00
B100841,2025-05-06,Köln,Bekleidung,Radhose,1,66.93,29.00
B100842,2025-05-06,Köln,Zubehör,Helm Urban,3,239.70,114.00
B100843,2025-05-06,Köln,Fahrräder,Stadtrad Classic,1,584.10,410.00
B100844,2025-05-06,München,E-Bikes,E-Bike City,1,2499.00,1690.00
B100845,2025-05-06,München,werkstatt,Inspektion Standard,1,86.33,52.00
B100846,2025-05-06,München,E-Bikes,E-Bike City,1,2374.05,1690.00
B100847,2025-05-06,München,Zubehör,Faltschloss,3,170.71,82.50
B100848,2025-05-06,Leipzig,Bekleidung,Radhose,1,66.93,29.00
B100849,2025-05-06,Leipzig,Fahrräder,Trekkingrad Tour,1,827.08,560.00
B100850,2025-05-07,Hamburg,Fahrräder,Kinderrad 20 Zoll,1,329.00,205.00
B100851,2025-05-07,Hamburg,Fahrräder,Trekkingrad Tour,1,899.00,560.00
B100852,2025-05-07,Hamburg,Werkstatt,Inspektion Standard,1,84.55,52.00
B100853,2025-05-07,Hamburg,Werkstatt,Inspektion Standard,1,84.55,52.00
B100854,2025-05-07,Köln,Zubehör,Luftpumpe,3,70.96,29.70
B100855,2025-05-07,Köln,Zubehör,Fahrradtasche,3,253.65,132.00
B100856,2025-05-07,Köln,Zubehör,Lichtset LED,2,79.80,33.60
B100857,2025-05-07,Köln,Zubehör,Lichtset LED,1,38.70,16.80
B100858,2025-05-07,München,Fahrräder,Kinderrad 20 Zoll,1,312.55,205.00
B100859,2025-05-07,München,Zubehör,Lichtset LED,3,107.73,50.40
B100860,2025-05-07,München,Zubehör,Faltschloss,3,170.71,82.50
B100861,2025-05-07,München,Zubehör,Helm Urban,1,71.91,38.00
B100862,2025-05-07,Leipzig,Werkstatt,Schlauchwechsel,1,18.90,9.00
B100863,2025-05-07,Leipzig,Zubehör,Helm Urban,2,159.80,76.00
B100864,2025-05-07,Leipzig,Bekleidung,Handschuhe,2,56.81,23.00
B100865,2025-05-08,Hamburg,Fahrräder,Stadtrad Classic,1,649.00,410.00
B100866,2025-05-08,Hamburg,Werkstatt,Inspektion Standard,1,89.00,52.00
B100867,2025-05-08,Hamburg,Zubehör,Fahrradtasche,3,253.65,132.00
B100868,2025-05-08,Köln,Werkstatt,Schlauchwechsel,1,19.90,9.00
B100869,2025-05-08,Köln,Zubehör,Faltschloss,2,119.80,55.00
B100870,2025-05-08,München,Werkstatt,Inspektion E-Bike,1,141.55,88.00
B100871,2025-05-08,München,Bekleidung,Regenjacke,2,232.20,122.00
B100872,2025-05-08,Leipzig,Fahrräder,Trekkingrad Tour,1,809.10,560.00
B100873,2025-05-09,Hamburg,Zubehör,Lichtset LED,2,75.81,33.60
B100874,2025-05-09,Hamburg,Zubehör,Lichtset LED,2,75.81,33.60
B100875,2025-05-09,Köln,Werkstatt,Schlauchwechsel,1,17.91,9.00
B100876,2025-05-09,München,Werkstatt,Schlauchwechsel,1,19.30,9.00
B100877,2025-05-09,München,Bekleidung,Handschuhe,2,55.02,23.00
B100878,2025-05-09,München,Zubehör,Fahrradtasche,2,178.00,88.00
B100879,2025-05-09,München,Bekleidung,Radhose,2,131.10,58.00
B100880,2025-05-09,München,E-Bikes,E-Bike Trekking,1,3103.03,2170.00
B100881,2025-05-09,Leipzig,Zubehör,Luftpumpe,1,22.41,9.90
B100882,2025-05-10,Hamburg,Werkstatt,Schlauchwechsel,1,17.91,9.00
B100883,2025-05-10,Hamburg,Bekleidung,Regenjacke,1,125.13,61.00
B100884,2025-05-10,Hamburg,Fahrräder,Trekkingrad Tour,1,809.10,560.00
B100885,2025-05-10,Hamburg,Fahrräder,Trekkingrad Tour,1,854.05,560.00
B100886,2025-05-10,Hamburg,Werkstatt,Inspektion E-Bike,1,149.00,88.00
B100887,2025-05-10,Köln,Fahrräder,Gravelbike Kies,1,1169.10,830.00
B100888,2025-05-10,Köln,Zubehör,Lichtset LED,2,71.82,33.60
B100889,2025-05-10,Köln,Zubehör,Helm Urban,1,79.90,38.00
B100890,2025-05-10,Köln,E-Bikes,E-Bike City,1,2499.00,1690.00
B100891,2025-05-10,Köln,Werkstatt,Inspektion E-Bike,1,141.55,88.00
B100892,2025-05-10,München  ,E-Bikes,E-Bike Trekking,1,3199.00,2170.00
B100893,2025-05-10,München,Zubehör,Lichtset LED,1,37.90,16.80
B100894,2025-05-10,München,Zubehör,Faltschloss,3,161.73,82.50
B100895,2025-05-10,München,Zubehör,Fahrradtasche,2,160.20,88.00
B100896,2025-05-10,München,Werkstatt,Schlauchwechsel,1,17.91,9.00
B100897,2025-05-10,Leipzig,Zubehör,Lichtset LED,1,39.90,16.80
B100898,2025-05-10,Leipzig,Zubehör,Faltschloss,2,113.81,55.00
B100899,2025-05-12,Hamburg,E-Bikes,E-Bike City,1,2374.05,1690.00
B100900,2025-05-12,Hamburg,Werkstatt,Inspektion Standard,1,84.55,52.00
B100901,2025-05-12,Hamburg,E-Bikes,E-Bike Trekking,1,3039.05,2170.00
B100902,2025-05-12,Hamburg,Werkstatt,Schlauchwechsel,1,18.90,9.00
B100903,2025-05-12,Köln,zubehör,Lichtset LED,1,39.90,16.80
B100904,2025-05-12,Köln,Zubehör,Faltschloss,2,107.82,55.00
B100905,2025-05-12,Köln,Werkstatt,Schlauchwechsel,1,18.90,9.00
B100906,2025-05-12,München,Werkstatt,Inspektion Standard,1,89.00,52.00
B100907,2025-05-12,München,Zubehör,Lichtset LED,1,37.90,16.80
B100908,2025-05-12,München,Zubehör,Fahrradtasche,3,245.64,132.00
B100909,2025-05-12,München,E-Bikes,E-Bike City,1,2374.05,1690.00
B100910,2025-05-12,Leipzig,Zubehör,Helm Urban,1,71.91,38.00
B100911,2025-05-12,Leipzig  ,Zubehör,Helm Urban,3,239.70,114.00
B100912,2025-05-13,Hamburg,Zubehör,Helm Urban,2,155.01,76.00
B100913,2025-05-13,Hamburg,Zubehör,Helm Urban,3,239.70,114.00
B100914,2025-05-13,Köln,Zubehör,Fahrradtasche,1,89.00,44.00
B100915,2025-05-13,Köln,Werkstatt,Schlauchwechsel,1,18.90,9.00
B100916,2025-05-13,Köln,Fahrräder,Trekkingrad Tour,1,809.10,560.00
B100917,2025-05-13,Köln,Werkstatt,Inspektion E-Bike,1,134.10,88.00
B100918,2025-05-13,München,Bekleidung,Handschuhe,2,58.01,23.00
B100919,2025-05-13,München,Zubehör,Fahrradtasche,2,178.00,88.00
B100920,2025-05-13,München,Zubehör,Fahrradtasche,1,89.00,44.00
B100921,2025-05-13,München,Zubehör,Helm Urban,2,159.80,76.00
B100922,2025-05-13,München,Zubehör,Lichtset LED,3,119.70,50.40
B100923,2025-05-13,Leipzig,Zubehör,Lichtset LED,2,77.41,33.60
B100924,2025-05-13,Leipzig,Bekleidung,Handschuhe,1,26.91,11.50
B100925,2025-05-13,Leipzig,E-Bikes,E-Bike City,1,2374.05,1690.00
B100926,2025-05-14,Hamburg,Werkstatt,Inspektion E-Bike,1,134.10,88.00
B100927,2025-05-14,Hamburg,Zubehör,Helm Urban,1,75.91,38.00
B100928,2025-05-14,Köln ,Werkstatt,Schlauchwechsel,1,18.90,9.00
B100929,2025-05-14,Köln  ,Werkstatt,Inspektion Standard,1,84.55,52.00
B100930,2025-05-14,Köln,Zubehör,Lichtset LED,2,77.41,33.60
B100931,2025-05-14,München,E-Bikes,E-Bike Trekking,1,3039.05,2170.00
B100932,2025-05-14,München,Werkstatt,Inspektion Standard,1,80.10,52.00
B100933,2025-05-14,München,Bekleidung,Handschuhe,1,28.40,11.50
B100934,2025-05-14,Leipzig,Werkstatt,Schlauchwechsel,1,19.30,9.00
B100935,2025-05-14,Leipzig,Werkstatt,Inspektion E-Bike,1,134.10,88.00
B100936,2025-05-14,Leipzig,fahrräder,Gravelbike Kies,1,1169.10,830.00
B100937,2025-05-14,Leipzig,Zubehör,Lichtset LED,2,75.81,33.60
B100938,2025-05-15,Hamburg,Werkstatt,Inspektion Standard,1,89.00,52.00
B100939,2025-05-15,Hamburg,Werkstatt,Inspektion Standard,1,89.00,52.00
B100940,2025-05-15,Hamburg,Bekleidung,Radhose,2,138.00,58.00
B100941,2025-05-15,Hamburg ,Fahrräder,Kinderrad 20 Zoll,1,329.00,205.00
B100942,2025-05-15,Köln,E-Bikes,E-Bike Trekking,1,3039.05,2170.00
B100943,2025-05-15,München,Fahrräder,Stadtrad Classic,1,616.55,410.00
B100944,2025-05-15,München,Werkstatt,Schlauchwechsel,1,19.30,9.00
B100945,2025-05-15,München,zubehör,Helm Urban,3,227.72,114.00
B100946,2025-05-15,München,Zubehör,Lichtset LED,3,107.73,50.40
B100947,2025-05-15,München,Zubehör,Luftpumpe,2,45.82,19.80
B100948,2025-05-15,Leipzig,Bekleidung,Handschuhe,2,56.81,23.00
B100949,2025-05-16,Hamburg,Zubehör,Helm Urban,1,75.91,38.00
B100950,2025-05-16,Hamburg,E-Bikes,E-Bike City,1,2374.05,1690.00
B100951,2025-05-16,Hamburg,Zubehör,Lichtset LED,2,77.41,33.60
B100952,2025-05-16,Hamburg,E-Bikes,E-Bike City,1,2499.00,1690.00
B100953,2025-05-16,Köln,fahrräder,Kinderrad 20 Zoll,1,329.00,205.00
B100954,2025-05-16,München,Zubehör,Fahrradtasche,3,253.65,132.00
B100955,2025-05-16,München,Werkstatt,Inspektion E-Bike,1,141.55,88.00
B100956,2025-05-16,München,Fahrräder,Trekkingrad Tour,1,899.00,560.00
B100957,2025-05-16,Leipzig,Werkstatt,Schlauchwechsel,1,17.91,9.00
B100958,2025-05-17,Hamburg,Fahrräder,Kinderrad 20 Zoll,1,319.13,205.00
B100959,2025-05-17,Hamburg,Zubehör,Lichtset LED,1,39.90,16.80
B100960,2025-05-17,Hamburg,Zubehör,Luftpumpe,3,70.96,29.70
B100961,2025-05-17,Hamburg,Fahrräder,Gravelbike Kies,1,1169.10,830.00
B100962,2025-05-17,Köln,Zubehör,Luftpumpe,3,74.70,29.70
B100963,2025-05-17,Köln,Zubehör,Lichtset LED,3,119.70,50.40
B100964,2025-05-17,Köln,Zubehör,Lichtset LED,1,39.90,16.80
B100965,2025-05-17,Köln,Zubehör,Lichtset LED,1,37.90,16.80
B100966,2025-05-17,Köln,Zubehör,Luftpumpe,2,49.80,19.80
B100967,2025-05-17,München,Zubehör,Fahrradtasche,3,267.00,132.00
B100968,2025-05-17,München,Werkstatt,Schlauchwechsel,1,19.30,9.00
B100969,2025-05-17,München,Bekleidung,Regenjacke,2,258.00,122.00
B100970,2025-05-17,München,Bekleidung,Radhose,2,131.10,58.00
B100971,2025-05-17,Leipzig,Zubehör,Faltschloss,1,59.90,27.50
B100972,2025-05-17,Leipzig,Zubehör,Lichtset LED,2,71.82,33.60
B100973,2025-05-17,Leipzig,zubehör,Helm Urban,1,79.90,38.00
B100974,2025-05-17,Leipzig,Fahrräder,Trekkingrad Tour,1,809.10,560.00
B100975,2025-05-19,Hamburg,Zubehör,Luftpumpe,3,74.70,29.70
B100976,2025-05-19,Köln,fahrräder,Stadtrad Classic,1,584.10,410.00
B100977,2025-05-19,München,Zubehör,Luftpumpe,1,23.65,9.90
B100978,2025-05-19,München,E-Bikes,E-Bike Trekking,1,2879.10,2170.00
B100979,2025-05-19,München,werkstatt,Schlauchwechsel,1,19.90,9.00
B100980,2025-05-19,München,E-Bikes,E-Bike Trekking,1,3199.00,2170.00
B100981,2025-05-19,München,Zubehör,Faltschloss,3,170.71,82.50
B100982,2025-05-19,München,zubehör,Lichtset LED,2,71.82,33.60
B100983,2025-05-19,Leipzig,Werkstatt,Inspektion Standard,1,86.33,52.00
B100984,2025-05-19,Leipzig,E-Bikes,E-Bike City,1,2249.10,1690.00
B100985,2025-05-19,Leipzig,Zubehör,Lichtset LED,3,113.71,50.40
B100986,2025-05-20,Hamburg,E-Bikes,E-Bike Trekking,1,2879.10,2170.00
B100987,2025-05-20,Hamburg,Fahrräder,Stadtrad Classic,1,584.10,410.00
B100988,2025-05-20,Hamburg,werkstatt,Inspektion Standard,1,86.33,52.00
B100989,2025-05-20,Hamburg,Fahrräder,Kinderrad 20 Zoll,1,319.13,205.00
B100990,2025-05-20,München,Zubehör,Lichtset LED,2,77.41,33.60
B100991,2025-05-20,München,Werkstatt,Inspektion Standard,1,89.00,52.00
B100992,2025-05-20,Leipzig,Zubehör,Luftpumpe,2,49.80,19.80
B100993,2025-05-20,Leipzig,Bekleidung,Regenjacke,1,116.10,61.00
B100994,2025-05-20,Leipzig,Werkstatt,Schlauchwechsel,1,18.90,9.00
B100995,2025-05-20,Leipzig,Zubehör,Helm Urban,1,71.91,38.00
B100996,2025-05-20,Leipzig,e-bikes,E-Lastenrad,1,4740.50,3490.00
B100997,2025-05-21,Hamburg,Zubehör,Lichtset LED,1,37.90,16.80
B100998,2025-05-21,Hamburg,Bekleidung,Regenjacke,2,250.26,122.00
B100999,2025-05-21,Hamburg,Fahrräder,Stadtrad Classic,1,584.10,410.00
B101000,2025-05-21,Köln,Fahrräder,Gravelbike Kies,1,1169.10,830.00
B101001,2025-05-21,Köln,Bekleidung,Handschuhe,1,29.90,11.50
B101002,2025-05-21,Köln,Werkstatt,Inspektion E-Bike,1,149.00,88.00
B101003,2025-05-21,Köln,Zubehör,Lichtset LED,2,79.80,33.60
B101004,2025-05-21,Köln,Zubehör,Fahrradtasche,3,253.65,132.00
B101005,2025-05-21,München,Bekleidung,Regenjacke,1,122.55,61.00
B101006,2025-05-21,München,Zubehör,Lichtset LED,1,37.90,16.80
B101007,2025-05-21,München,zubehör,Lichtset LED,1,39.90,16.80
B101008,2025-05-21,München,Zubehör,Faltschloss,1,56.90,27.50
B101009,2025-05-21,München,Zubehör,Fahrradtasche,2,178.00,88.00
B101010,2025-05-21,Leipzig,werkstatt,Schlauchwechsel,1,18.90,9.00
B101011,2025-05-22,Hamburg,Zubehör,Faltschloss,2,113.81,55.00
B101012,2025-05-22,Köln,Zubehör,Faltschloss,3,174.31,82.50
B101013,2025-05-22,Köln,Fahrräder,Stadtrad Classic,1,616.55,410.00
B101014,2025-05-22,Köln,bekleidung,Radhose,1,65.55,29.00
B101015,2025-05-22,Köln,Zubehör,Helm Urban,1,71.91,38.00
B101016,2025-05-22,Köln,Fahrräder,Stadtrad Classic,1,616.55,410.00
B101017,2025-05-22,München,E-Bikes,E-Bike City,1,2499.00,1690.00
B101018,2025-05-22,München,Werkstatt,Inspektion Standard,1,89.00,52.00
B101019,2025-05-22,München,E-Bikes,E-Bike Trekking,1,3199.00,2170.00
B101020,2025-05-22,München,Werkstatt,Inspektion E-Bike,1,149.00,88.00
B101021,2025-05-22,München,E-Bikes,E-Bike Trekking,1,2879.10,2170.00
B101022,2025-05-22,Leipzig,Zubehör,Helm Urban,1,71.91,38.00
B101023,2025-05-22,Leipzig,Zubehör,Faltschloss,2,113.81,55.00
B101024,2025-05-22,Leipzig,Zubehör,Helm Urban,2,159.80,76.00
B101025,2025-05-23,Hamburg,werkstatt,Inspektion Standard,1,86.33,52.00
B101026,2025-05-23,Hamburg,Zubehör,Helm Urban,1,73.51,38.00
B101027,2025-05-23,Hamburg ,Zubehör,Helm Urban,2,159.80,76.00
B101028,2025-05-23,Hamburg,Fahrräder,Trekkingrad Tour,1,809.10,560.00
B101029,2025-05-23,Hamburg,Werkstatt,Inspektion Standard,1,89.00,52.00
B101030,2025-05-23,Köln,Bekleidung,Regenjacke,2,258.00,122.00
B101031,2025-05-23,Köln,Bekleidung,Regenjacke,1,125.13,61.00
B101032,2025-05-23,München ,Zubehör,Helm Urban,1,75.91,38.00
B101033,2025-05-23,München,Werkstatt,Inspektion E-Bike,1,141.55,88.00
B101034,2025-05-23,München,Zubehör,Helm Urban,2,159.80,76.00
B101035,2025-05-23,München ,Werkstatt,Inspektion Standard,1,89.00,52.00
B101036,2025-05-23,München ,Werkstatt,Schlauchwechsel,1,18.90,9.00
B101037,2025-05-23,Leipzig,Fahrräder,Stadtrad Classic,1,649.00,410.00
B101038,2025-05-23,Leipzig,Bekleidung,Radhose,1,62.10,29.00
B101039,2025-05-24,Hamburg,E-Bikes,E-Bike Trekking,1,3039.05,2170.00
B101040,2025-05-24,Hamburg,Werkstatt,Schlauchwechsel,1,17.91,9.00
B101041,2025-05-24,Köln,Bekleidung,Regenjacke,2,250.26,122.00
B101042,2025-05-24,Köln,Werkstatt,Inspektion Standard,1,89.00,52.00
B101043,2025-05-24,Köln,Zubehör,Faltschloss,1,58.10,27.50
B101044,2025-05-24,Köln ,werkstatt,Inspektion Standard,1,89.00,52.00
B101045,2025-05-24,Köln,Fahrräder,Stadtrad Classic,1,616.55,410.00
B101046,2025-05-24,Köln ,Werkstatt,Inspektion Standard,1,84.55,52.00
B101047,2025-05-24,Köln,Werkstatt,Schlauchwechsel,1,18.90,9.00
B101048,2025-05-24,München,Werkstatt,Schlauchwechsel,1,18.31,9.00
B101049,2025-05-24,München,Werkstatt,Inspektion Standard,1,89.00,52.00
B101050,2025-05-24,München,Bekleidung,Regenjacke,1,122.55,61.00
B101051,2025-05-24,München,Zubehör,Faltschloss,3,174.31,82.50
B101052,2025-05-24,München,Bekleidung,Regenjacke,2,258.00,122.00
B101053,2025-05-24,Leipzig,Zubehör,Luftpumpe,1,24.90,9.90
B101054,2025-05-24,Leipzig,Werkstatt,Schlauchwechsel,1,18.90,9.00
B101055,2025-05-26,Hamburg,E-Bikes,E-Bike Trekking,1,2879.10,2170.00
B101056,2025-05-26,Hamburg,Zubehör,Lichtset LED,3,119.70,50.40
B101057,2025-05-26,Hamburg,Fahrräder,Stadtrad Classic,1,649.00,410.00
B101058,2025-05-26,Köln,E-Bikes,E-Lastenrad,1,4740.50,3490.00
B101059,2025-05-26,Köln,Zubehör,Luftpumpe,3,74.70,29.70
B101060,2025-05-26,München,Fahrräder,Stadtrad Classic,1,649.00,410.00
B101061,2025-05-26,München,Zubehör,Luftpumpe,3,74.70,29.70
B101062,2025-05-26,München,bekleidung,Radhose,2,131.10,58.00
B101063,2025-05-26,Leipzig ,Werkstatt,Inspektion E-Bike,1,144.53,88.00
B101064,2025-05-26,Leipzig,Zubehör,Helm Urban,1,75.91,38.00
B101065,2025-05-27,Hamburg,Zubehör,Faltschloss,3,179.70,82.50
B101066,2025-05-27,Hamburg,Werkstatt,Inspektion Standard,1,89.00,52.00
B101067,2025-05-27,Hamburg,Fahrräder,Trekkingrad Tour,1,899.00,560.00
B101068,2025-05-27,Hamburg,Fahrräder,Stadtrad Classic,1,584.10,410.00
B101069,2025-05-27,Köln,E-Bikes,E-Bike City,1,2374.05,1690.00
B101070,2025-05-27,Köln,Bekleidung,Handschuhe,1,29.00,11.50
B101071,2025-05-27,Köln,E-Bikes,E-Bike City,1,2424.03,1690.00
B101072,2025-05-27,Köln,Zubehör,Luftpumpe,3,74.70,29.70
B101073,2025-05-27,Köln,Fahrräder,Trekkingrad Tour,1,899.00,560.00
B101074,2025-05-27,München,Fahrräder,Stadtrad Classic,1,616.55,410.00
B101075,2025-05-27,München  ,Werkstatt,Schlauchwechsel,1,19.30,9.00
B101076,2025-05-27,München,Fahrräder,Gravelbike Kies,1,1234.05,830.00
B101077,2025-05-27,München  ,Zubehör,Luftpumpe,2,45.82,19.80
B101078,2025-05-27,München,E-Bikes,E-Bike City,1,2374.05,1690.00
B101079,2025-05-27,Leipzig,Werkstatt,Inspektion Standard,1,89.00,52.00
B101080,2025-05-28,Hamburg,Zubehör,Lichtset LED,1,39.90,16.80
B101081,2025-05-28,Hamburg,Bekleidung,Handschuhe,1,29.90,11.50
B101082,2025-05-28,Hamburg,Zubehör,Fahrradtasche,2,178.00,88.00
B101083,2025-05-28,Köln,Werkstatt,Inspektion E-Bike,1,134.10,88.00
B101084,2025-05-28,Köln,E-Bikes,E-Bike City,1,2249.10,1690.00
B101085,2025-05-28,München,Fahrräder,Trekkingrad Tour,1,827.08,560.00
B101086,2025-05-28,München  ,Werkstatt,Inspektion Standard,1,80.10,52.00
B101087,2025-05-28,München,Zubehör,Lichtset LED,3,119.70,50.40
B101088,2025-05-28,München,Fahrräder,Stadtrad Classic,1,616.55,410.00
B101089,2025-05-28,Leipzig ,Fahrräder,Stadtrad Classic,1,649.00,410.00
B101090,2025-05-28,Leipzig,Werkstatt,Inspektion E-Bike,1,134.10,88.00
B101091,2025-05-28,Leipzig,Zubehör,Helm Urban,3,227.72,114.00
B101092,2025-05-29,Hamburg,Zubehör,Luftpumpe,3,74.70,29.70
B101093,2025-05-29,Hamburg,Zubehör,Helm Urban,1,75.91,38.00
B101094,2025-05-29,Hamburg ,Werkstatt,Inspektion Standard,1,89.00,52.00
B101095,2025-05-29,Hamburg,Werkstatt,Schlauchwechsel,1,19.90,9.00
B101096,2025-05-29,Hamburg,Werkstatt,Inspektion Standard,1,89.00,52.00
B101097,2025-05-29,Hamburg,Zubehör,Fahrradtasche,2,163.76,88.00
B101098,2025-05-29,Köln,Fahrräder,Trekkingrad Tour,1,809.10,560.00
B101099,2025-05-29,Köln,Zubehör,Faltschloss,3,174.31,82.50
B101100,2025-05-29,München,Fahrräder,Kinderrad 20 Zoll,1,329.00,205.00
B101101,2025-05-29,München,Bekleidung,Handschuhe,1,29.90,11.50
B101102,2025-05-29,Leipzig,Werkstatt,Schlauchwechsel,1,19.30,9.00
B101103,2025-05-29,Leipzig,Werkstatt,Schlauchwechsel,1,19.30,9.00
B101104,2025-05-29,Leipzig,Zubehör,Lichtset LED,2,75.81,33.60
B101105,2025-05-29,Leipzig,Werkstatt,Inspektion Standard,1,84.55,52.00
B101106,2025-05-30,Hamburg,Fahrräder,Trekkingrad Tour,1,872.03,560.00
B101107,2025-05-30,Hamburg,Werkstatt,Inspektion Standard,1,81.88,52.00
B101108,2025-05-30,Hamburg,Zubehör,Helm Urban,2,159.80,76.00
B101109,2025-05-30,Hamburg,Werkstatt,Inspektion Standard,1,89.00,52.00
B101110,2025-05-30,Köln,Zubehör,Lichtset LED,2,71.82,33.60
B101111,2025-05-30,Köln,E-Bikes,E-Bike Trekking,1,3039.05,2170.00
B101112,2025-05-30,Köln,Fahrräder,Stadtrad Classic,1,649.00,410.00
B101113,2025-05-30,Köln,Bekleidung,Radhose,1,66.93,29.00
B101114,2025-05-30,München,Fahrräder,Stadtrad Classic,1,649.00,410.00
B101115,2025-05-30,München,E-Bikes,E-Lastenrad,1,4740.50,3490.00
B101116,2025-05-30,München,Zubehör,Luftpumpe,1,23.65,9.90
B101117,2025-05-30,München,Bekleidung,Handschuhe,1,29.90,11.50
B101118,2025-05-30,München,Fahrräder,Stadtrad Classic,1,616.55,410.00
B101119,2025-05-30,Leipzig,Fahrräder,Gravelbike Kies,1,1234.05,830.00
B101120,2025-05-30,Leipzig,Werkstatt,Schlauchwechsel,1,17.91,9.00
B101121,2025-05-31,Hamburg,Zubehör,Faltschloss,1,58.10,27.50
B101122,2025-05-31,Hamburg ,Fahrräder,Trekkingrad Tour,1,872.03,560.00
B101123,2025-05-31,Köln,Fahrräder,Trekkingrad Tour,1,872.03,560.00
B101124,2025-05-31,Köln,Werkstatt,Inspektion Standard,1,89.00,52.00
B101125,2025-05-31,Köln,zubehör,Luftpumpe,3,74.70,29.70
B101126,2025-05-31,Köln,Bekleidung,Radhose,1,62.10,29.00
B101127,2025-05-31,München,Zubehör,Luftpumpe,3,72.46,29.70
B101128,2025-05-31,München,Zubehör,Lichtset LED,3,113.71,50.40
B101129,2025-05-31,München,Zubehör,Luftpumpe,2,47.31,19.80
B101130,2025-05-31,München,Werkstatt,Inspektion Standard,1,84.55,52.00
B101131,2025-05-31,Leipzig,Zubehör,Luftpumpe,2,49.80,19.80
B101132,2025-05-31,Leipzig,Zubehör,Luftpumpe,1,24.90,9.90
B101133,2025-05-31,Leipzig,Fahrräder,Kinderrad 20 Zoll,1,329.00,205.00
B101134,2025-05-31,Leipzig,Zubehör,Luftpumpe,1,22.91,9.90
B101135,2025-05-31,Leipzig,Bekleidung,Handschuhe,1,28.40,11.50
B101136,2025-06-02,Hamburg,Werkstatt,Inspektion Standard,1,84.55,52.00
B101137,2025-06-02,Hamburg,Zubehör,Faltschloss,3,170.71,82.50
B101138,2025-06-02,Hamburg,Zubehör,Lichtset LED,3,119.70,50.40
B101139,2025-06-02,Hamburg,Zubehör,Luftpumpe,1,22.41,9.90
B101140,2025-06-02,Hamburg,Zubehör,Helm Urban,2,155.01,76.00
B101141,2025-06-02,Köln ,Zubehör,Fahrradtasche,2,151.30,88.00
B101142,2025-06-02,Köln,Werkstatt,Inspektion Standard,1,66.75,52.00
B101143,2025-06-02,Köln,Werkstatt,Inspektion Standard,1,71.20,52.00
B101144,2025-06-02,Köln,zubehör,Luftpumpe,3,63.49,29.70
B101145,2025-06-02,München,Werkstatt,Inspektion Standard,1,80.10,52.00
B101146,2025-06-02,München,Zubehör,Lichtset LED,2,75.81,33.60
B101147,2025-06-02,München,Fahrräder,Stadtrad Classic,1,629.53,410.00
B101148,2025-06-02,München,fahrräder,Trekkingrad Tour,1,854.05,560.00
B101149,2025-06-02,München,Werkstatt,Inspektion Standard,1,84.55,52.00
B101150,2025-06-02,München,Zubehör,Lichtset LED,3,113.71,50.40
B101151,2025-06-02,Leipzig,Werkstatt,Schlauchwechsel,1,19.90,9.00
B101152,2025-06-02,Leipzig,Zubehör,Helm Urban,1,75.91,38.00
B101153,2025-06-03,Hamburg,Zubehör,Faltschloss,3,161.73,82.50
B101154,2025-06-03,Hamburg,Zubehör,Helm Urban,2,159.80,76.00
B101155,2025-06-03,Hamburg,Fahrräder,Trekkingrad Tour,1,827.08,560.00
B101156,2025-06-03,Köln,Zubehör,Luftpumpe,1,19.92,9.90
B101157,2025-06-03,Köln,Bekleidung,Regenjacke,2,193.50,122.00
B101158,2025-06-03,München,Zubehör,Helm Urban,3,239.70,114.00
B101159,2025-06-03,München,Zubehör,Luftpumpe,2,48.31,19.80
B101160,2025-06-03,München,e-bikes,E-Bike City,1,2499.00,1690.00
B101161,2025-06-03,München,Fahrräder,Stadtrad Classic,1,616.55,410.00
B101162,2025-06-03,München,Werkstatt,Schlauchwechsel,1,19.90,9.00
B101163,2025-06-03,Leipzig,Werkstatt,Schlauchwechsel,1,18.31,9.00
B101164,2025-06-04,Hamburg,fahrräder,Stadtrad Classic,1,597.08,410.00
B101165,2025-06-04,Hamburg  ,Bekleidung,Radhose,2,138.00,58.00
B101166,2025-06-04,Hamburg,Fahrräder,Kinderrad 20 Zoll,1,329.00,205.00
B101167,2025-06-04,Hamburg,Fahrräder,Trekkingrad Tour,1,827.08,560.00
B101168,2025-06-04,Köln,Bekleidung,Regenjacke,2,193.50,122.00
B101169,2025-06-04,Köln,Zubehör,Helm Urban,3,191.76,114.00
B101170,2025-06-04,Köln,Zubehör,Lichtset LED,2,67.83,33.60
B101171,2025-06-04,Köln,Zubehör,Fahrradtasche,2,142.40,88.00
B101172,2025-06-04,München,Bekleidung,Handschuhe,1,29.90,11.50
B101173,2025-06-04,München,Fahrräder,Gravelbike Kies,1,1260.03,830.00
B101174,2025-06-04,München,Bekleidung,Handschuhe,1,29.90,11.50
B101175,2025-06-04,Leipzig,Werkstatt,Inspektion Standard,1,84.55,52.00
B101176,2025-06-04,Leipzig,Zubehör,Faltschloss,1,56.90,27.50
B101177,2025-06-05,Hamburg,Werkstatt,Schlauchwechsel,1,18.90,9.00
B101178,2025-06-05,Hamburg,Werkstatt,Inspektion Standard,1,89.00,52.00
B101179,2025-06-05,Hamburg,Fahrräder,Stadtrad Classic,1,616.55,410.00
B101180,2025-06-05,Hamburg,Zubehör,Faltschloss,1,56.90,27.50
B101181,2025-06-05,Köln,Zubehör,Fahrradtasche,1,66.75,44.00
B101182,2025-06-05,Köln,Bekleidung,Regenjacke,1,109.65,61.00
B101183,2025-06-05,Köln,Werkstatt,Schlauchwechsel,1,15.92,9.00
B101184,2025-06-05,München,Fahrräder,Trekkingrad Tour,1,899.00,560.00
B101185,2025-06-05,München,Zubehör,Fahrradtasche,2,169.10,88.00
B101186,2025-06-05,München,fahrräder,Stadtrad Classic,1,597.08,410.00
B101187,2025-06-05,München,E-Bikes,E-Bike City,1,2249.10,1690.00
B101188,2025-06-05,München,Werkstatt,Inspektion Standard,1,84.55,52.00
B101189,2025-06-05,München,Zubehör,Faltschloss,3,170.71,82.50
B101190,2025-06-05,München,E-Bikes,E-Bike City,1,2499.00,1690.00
B101191,2025-06-05,München,Fahrräder,Kinderrad 20 Zoll,1,329.00,205.00
B101192,2025-06-05,Leipzig,Zubehör,Helm Urban,1,71.91,38.00
B101193,2025-06-05,Leipzig,Zubehör,Helm Urban,2,155.01,76.00
B101194,2025-06-06,Hamburg,Zubehör,Fahrradtasche,2,178.00,88.00
B101195,2025-06-06,Hamburg,Werkstatt,Inspektion Standard,1,89.00,52.00
B101196,2025-06-06,Hamburg,Zubehör,Faltschloss,3,170.71,82.50
B101197,2025-06-06,Köln,Zubehör,Helm Urban,1,67.92,38.00
B101198,2025-06-06,Köln,Zubehör,Fahrradtasche,1,66.75,44.00
B101199,2025-06-06,Köln,Fahrräder,Trekkingrad Tour,1,719.20,560.00
B101200,2025-06-06,Köln,Fahrräder,Stadtrad Classic,1,519.20,410.00
B101201,2025-06-06,Köln ,Zubehör,Lichtset LED,1,29.92,16.80
B101202,2025-06-06,München,Bekleidung,Radhose,2,131.10,58.00
B101203,2025-06-06,München,Zubehör,Lichtset LED,3,119.70,50.40
B101204,2025-06-06,Leipzig,bekleidung,Radhose,1,62.10,29.00
B101205,2025-06-06,Leipzig,Werkstatt,Inspektion Standard,1,89.00,52.00
B101206,2025-06-07,Hamburg,E-Bikes,E-Lastenrad,1,4990.00,3490.00
B101207,2025-06-07,Hamburg,Zubehör,Helm Urban,2,147.02,76.00
B101208,2025-06-07,Hamburg,Zubehör,Lichtset LED,3,113.71,50.40
B101209,2025-06-07,Hamburg,Zubehör,Luftpumpe,2,44.82,19.80
B101210,2025-06-07,Hamburg,Zubehör,Helm Urban,2,151.81,76.00
B101211,2025-06-07,Hamburg  ,Fahrräder,Trekkingrad Tour,1,827.08,560.00
B101212,2025-06-07,Hamburg,Zubehör,Helm Urban,1,79.90,38.00
B101213,2025-06-07,Köln,zubehör,Lichtset LED,2,59.85,33.60
B101214,2025-06-07,Köln ,Fahrräder,Trekkingrad Tour,1,719.20,560.00
B101215,2025-06-07,München ,Zubehör,Lichtset LED,2,75.81,33.60
B101216,2025-06-07,München,werkstatt,Inspektion Standard,1,84.55,52.00
B101217,2025-06-07,München,fahrräder,Stadtrad Classic,1,649.00,410.00
B101218,2025-06-07,Leipzig,Werkstatt,Inspektion Standard,1,89.00,52.00
B101219,2025-06-07,Leipzig,Werkstatt,Inspektion Standard,1,89.00,52.00
B101220,2025-06-07,Leipzig,Bekleidung,Radhose,2,138.00,58.00
B101221,2025-06-09,Hamburg,Werkstatt,Schlauchwechsel,1,17.91,9.00
B101222,2025-06-09,Hamburg ,Zubehör,Faltschloss,1,58.10,27.50
B101223,2025-06-09,Hamburg,Bekleidung,Handschuhe,1,28.40,11.50
B101224,2025-06-09,Köln,E-Bikes,E-Bike City,1,1874.25,1690.00
B101225,2025-06-09,Köln,Zubehör,Fahrradtasche,2,142.40,88.00
B101226,2025-06-09,Köln,Zubehör,Helm Urban,3,191.76,114.00
B101227,2025-06-09,Köln,Zubehör,Fahrradtasche,2,133.50,88.00
B101228,2025-06-09,München,Zubehör,Lichtset LED,1,35.91,16.80
B101229,2025-06-09,München  ,Werkstatt,Inspektion Standard,1,89.00,52.00
B101230,2025-06-09,München,Zubehör,Lichtset LED,2,75.81,33.60
B101231,2025-06-09,München,Zubehör,Faltschloss,3,179.70,82.50
B101232,2025-06-09,München,Zubehör,Helm Urban,1,79.90,38.00
B101233,2025-06-09,München,Zubehör,Helm Urban,3,239.70,114.00
B101234,2025-06-09,München ,E-Bikes,E-Bike Trekking,1,2879.10,2170.00
B101235,2025-06-09,München,Fahrräder,Stadtrad Classic,1,629.53,410.00
B101236,2025-06-09,Leipzig,Werkstatt,Schlauchwechsel,1,17.91,9.00
B101237,2025-06-09,Leipzig,Werkstatt,Schlauchwechsel,1,19.90,9.00
B101238,2025-06-09,Leipzig,Fahrräder,Kinderrad 20 Zoll,1,319.13,205.00
B101239,2025-06-09,Leipzig,Zubehör,Helm Urban,1,79.90,38.00
B101240,2025-06-10,Hamburg,Werkstatt,Schlauchwechsel,1,18.90,9.00
B101241,2025-06-10,Hamburg,Zubehör,Faltschloss,1,58.10,27.50
B101242,2025-06-10,Hamburg,Zubehör,Lichtset LED,3,119.70,50.40
B101243,2025-06-10,Hamburg,Bekleidung,Regenjacke,2,232.20,122.00
B101244,2025-06-10,Hamburg ,Bekleidung,Radhose,1,69.00,29.00
B101245,2025-06-10,München,Fahrräder,Stadtrad Classic,1,649.00,410.00
B101246,2025-06-10,München,Bekleidung,Radhose,2,138.00,58.00
B101247,2025-06-10,München,e-bikes,E-Bike Trekking,1,3199.00,2170.00
B101248,2025-06-10,Leipzig  ,Zubehör,Luftpumpe,3,68.72,29.70
B101249,2025-06-10,Leipzig,E-Bikes,E-Lastenrad,1,4740.50,3490.00
B101250,2025-06-11,Hamburg,Fahrräder,Kinderrad 20 Zoll,1,296.10,205.00
B101251,2025-06-11,Köln,Zubehör,Helm Urban,2,119.85,76.00
B101252,2025-06-11,Köln,Werkstatt,Schlauchwechsel,1,16.91,9.00
B101253,2025-06-11,Köln,E-Bikes,E-Bike City,1,2124.15,1690.00
B101254,2025-06-11,München,e-bikes,E-Lastenrad,1,4740.50,3490.00
B101255,2025-06-11,München,Zubehör,Helm Urban,2,155.01,76.00
B101256,2025-06-11,München,werkstatt,Inspektion E-Bike,1,141.55,88.00
B101257,2025-06-11,München,Werkstatt,Schlauchwechsel,1,19.90,9.00
B101258,2025-06-11,München,Bekleidung,Regenjacke,1,129.00,61.00
B101259,2025-06-11,München,Bekleidung,Radhose,1,65.55,29.00
B101260,2025-06-11,München ,Werkstatt,Schlauchwechsel,1,18.31,9.00
B101261,2025-06-11,München,Zubehör,Faltschloss,2,119.80,55.00
B101262,2025-06-11,Leipzig,Werkstatt,Schlauchwechsel,1,17.91,9.00
B101263,2025-06-12,Hamburg,Fahrräder,Trekkingrad Tour,1,899.00,560.00
B101264,2025-06-12,Hamburg,Zubehör,Luftpumpe,2,44.82,19.80
B101265,2025-06-12,Hamburg,Zubehör,Luftpumpe,2,49.80,19.80
B101266,2025-06-12,Hamburg,Zubehör,Lichtset LED,3,119.70,50.40
B101267,2025-06-12,Hamburg,Werkstatt,Inspektion E-Bike,1,149.00,88.00
B101268,2025-06-12,Hamburg,Zubehör,Luftpumpe,2,49.80,19.80
B101269,2025-06-12,Hamburg,Fahrräder,Kinderrad 20 Zoll,1,302.68,205.00
B101270,2025-06-12,Köln,Zubehör,Lichtset LED,2,63.84,33.60
B101271,2025-06-12,Köln,Werkstatt,Schlauchwechsel,1,15.92,9.00
B101272,2025-06-12,München,Bekleidung,Radhose,2,138.00,58.00
B101273,2025-06-12,München,Zubehör,Helm Urban,3,215.73,114.00
B101274,2025-06-12,Leipzig,Fahrräder,Trekkingrad Tour,1,854.05,560.00
B101275,2025-06-12,Leipzig,Zubehör,Helm Urban,2,143.82,76.00
B101276,2025-06-12,Leipzig,werkstatt,Inspektion E-Bike,1,141.55,88.00
B101277,2025-06-13,Hamburg  ,werkstatt,Inspektion E-Bike,1,134.10,88.00
B101278,2025-06-13,Hamburg,E-Bikes,E-Bike Trekking,1,2879.10,2170.00
B101279,2025-06-13,Hamburg,E-Bikes,E-Bike Trekking,1,3199.00,2170.00
B101280,2025-06-13,Köln,Fahrräder,Kinderrad 20 Zoll,1,263.20,205.00
B101281,2025-06-13,Köln,Werkstatt,Inspektion Standard,1,75.65,52.00
B101282,2025-06-13,Köln,Zubehör,Faltschloss,3,143.76,82.50
B101283,2025-06-13,Köln,Zubehör,Faltschloss,3,152.74,82.50
B101284,2025-06-13,Köln,Werkstatt,Inspektion Standard,1,71.20,52.00
B101285,2025-06-13,Köln,Zubehör,Luftpumpe,2,39.84,19.80
B101286,2025-06-13,München,Werkstatt,Inspektion E-Bike,1,144.53,88.00
B101287,2025-06-13,München  ,Bekleidung,Handschuhe,2,59.80,23.00
B101288,2025-06-13,München,Werkstatt,Inspektion E-Bike,1,144.53,88.00
B101289,2025-06-13,München,Werkstatt,Schlauchwechsel,1,19.90,9.00
B101290,2025-06-13,München,Fahrräder,Stadtrad Classic,1,629.53,410.00
B101291,2025-06-13,Leipzig,Zubehör,Fahrradtasche,3,245.64,132.00
B101292,2025-06-13,Leipzig,Werkstatt,Inspektion E-Bike,1,149.00,88.00
B101293,2025-06-13,Leipzig,Werkstatt,Inspektion Standard,1,89.00,52.00
B101294,2025-06-14,Hamburg,Werkstatt,Schlauchwechsel,1,17.91,9.00
B101295,2025-06-14,Hamburg  ,Zubehör,Lichtset LED,2,71.82,33.60
B101296,2025-06-14,Hamburg,Zubehör,Helm Urban,3,239.70,114.00
B101297,2025-06-14,Hamburg,Zubehör,Luftpumpe,1,23.65,9.90
B101298,2025-06-14,Köln,Zubehör,Luftpumpe,2,39.84,19.80
B101299,2025-06-14,Köln,Bekleidung,Regenjacke,2,206.40,122.00
B101300,2025-06-14,Köln,Werkstatt,Schlauchwechsel,1,14.92,9.00
B101301,2025-06-14,Köln,Bekleidung,Radhose,1,55.20,29.00
B101302,2025-06-14,Köln,Zubehör,Fahrradtasche,1,71.20,44.00
B101303,2025-06-14,Köln,Fahrräder,Gravelbike Kies,1,1104.15,830.00
B101304,2025-06-14,Köln,Zubehör,Fahrradtasche,1,75.65,44.00
B101305,2025-06-14,Köln,Fahrräder,Stadtrad Classic,1,486.75,410.00
B101306,2025-06-14,München,Bekleidung,Handschuhe,2,53.82,23.00
B101307,2025-06-14,München,Bekleidung,Regenjacke,2,232.20,122.00
B101308,2025-06-14,München,Fahrräder,Stadtrad Classic,1,584.10,410.00
B101309,2025-06-14,München,Zubehör,Fahrradtasche,1,89.00,44.00
B101310,2025-06-14,München,Fahrräder,Stadtrad Classic,1,649.00,410.00
B101311,2025-06-14,München,Bekleidung,Handschuhe,2,59.80,23.00
B101312,2025-06-14,Leipzig,Zubehör,Lichtset LED,3,119.70,50.40
B101313,2025-06-14,Leipzig,Bekleidung,Handschuhe,1,26.91,11.50
B101314,2025-06-16,Hamburg,Werkstatt,Schlauchwechsel,1,17.91,9.00
B101315,2025-06-16,Hamburg,Werkstatt,Inspektion Standard,1,84.55,52.00
B101316,2025-06-16,Hamburg,Werkstatt,Inspektion Standard,1,80.10,52.00
B101317,2025-06-16,Köln,Zubehör,Luftpumpe,3,56.02,29.70
B101318,2025-06-16,München ,Zubehör,Lichtset LED,3,116.11,50.40
B101319,2025-06-16,München,Bekleidung,Handschuhe,1,29.00,11.50
B101320,2025-06-16,München  ,E-Bikes,E-Bike City,1,2499.00,1690.00
B101321,2025-06-16,München,Zubehör,Faltschloss,2,119.80,55.00
B101322,2025-06-16,München,E-Bikes,E-Bike Trekking,1,3199.00,2170.00
B101323,2025-06-16,Leipzig,Bekleidung,Regenjacke,1,118.68,61.00
B101324,2025-06-17,Hamburg,Werkstatt,Inspektion Standard,1,84.55,52.00
B101325,2025-06-17,Hamburg  ,Zubehör,Lichtset LED,1,36.71,16.80
B101326,2025-06-17,Hamburg,Bekleidung,Handschuhe,1,28.40,11.50
B101327,2025-06-17,Köln,Fahrräder,Gravelbike Kies,1,974.25,830.00
B101328,2025-06-17,Köln,Bekleidung,Regenjacke,1,109.65,61.00
B101329,2025-06-17,Köln,Werkstatt,Schlauchwechsel,1,16.91,9.00
B101330,2025-06-17,München,Werkstatt,Inspektion Standard,1,84.55,52.00
B101331,2025-06-17,München,Zubehör,Lichtset LED,1,37.90,16.80
B101332,2025-06-17,München,Werkstatt,Inspektion Standard,1,84.55,52.00
B101333,2025-06-17,München,E-Bikes,E-Bike Trekking,1,3039.05,2170.00
B101334,2025-06-17,Leipzig,Bekleidung,Radhose,1,69.00,29.00
B101335,2025-06-17,Leipzig  ,E-Bikes,E-Bike City,1,2499.00,1690.00
B101336,2025-06-17,Leipzig,Zubehör,Luftpumpe,1,24.90,9.90
B101337,2025-06-18,Hamburg ,Zubehör,Lichtset LED,3,116.11,50.40
B101338,2025-06-18,Hamburg,Werkstatt,Schlauchwechsel,1,19.90,9.00
B101339,2025-06-18,Hamburg,Bekleidung,Handschuhe,1,29.90,11.50
B101340,2025-06-18,Köln,Bekleidung,Radhose,2,110.40,58.00
B101341,2025-06-18,München,Zubehör,Lichtset LED,2,75.81,33.60
B101342,2025-06-18,München,Zubehör,Fahrradtasche,3,253.65,132.00
B101343,2025-06-18,München,Zubehör,Faltschloss,3,179.70,82.50
B101344,2025-06-18,Leipzig,Werkstatt,Inspektion Standard,1,89.00,52.00
B101345,2025-06-19,Hamburg,Zubehör,Helm Urban,3,215.73,114.00
B101346,2025-06-19,Hamburg,Fahrräder,Trekkingrad Tour,1,827.08,560.00
B101347,2025-06-19,Hamburg,Fahrräder,Trekkingrad Tour,1,872.03,560.00
B101348,2025-06-19,Hamburg,Fahrräder,Stadtrad Classic,1,584.10,410.00
B101349,2025-06-19,Köln ,Zubehör,Faltschloss,1,50.91,27.50
B101350,2025-06-19,Köln,E-Bikes,E-Bike Trekking,1,2559.20,2170.00
B101351,2025-06-19,Köln,Bekleidung,Radhose,2,110.40,58.00
B101352,2025-06-19,München,Bekleidung,Handschuhe,1,28.40,11.50
B101353,2025-06-19,München,werkstatt,Schlauchwechsel,1,19.90,9.00
B101354,2025-06-19,München,Zubehör,Helm Urban,3,215.73,114.00
B101355,2025-06-19,München,Bekleidung,Regenjacke,1,129.00,61.00
B101356,2025-06-19,Leipzig,Zubehör,Luftpumpe,2,49.80,19.80
B101357,2025-06-20,Hamburg,E-Bikes,E-Bike Trekking,1,3039.05,2170.00
B101358,2025-06-20,Hamburg,bekleidung,Handschuhe,1,27.51,11.50
B101359,2025-06-20,Hamburg ,Fahrräder,Trekkingrad Tour,1,899.00,560.00
B101360,2025-06-20,Hamburg,Zubehör,Luftpumpe,1,24.15,9.90
B101361,2025-06-20,Hamburg,Bekleidung,Radhose,1,62.10,29.00
B101362,2025-06-20,Köln,Zubehör,Luftpumpe,2,39.84,19.80
B101363,2025-06-20,Köln,Werkstatt,Schlauchwechsel,1,15.92,9.00
B101364,2025-06-20,Köln,Zubehör,Fahrradtasche,1,71.20,44.00
B101365,2025-06-20,Köln,werkstatt,Inspektion Standard,1,66.75,52.00
B101366,2025-06-20,München  ,Bekleidung,Handschuhe,2,56.81,23.00
B101367,2025-06-20,Leipzig ,Werkstatt,Schlauchwechsel,1,18.90,9.00
B101368,2025-06-20,Leipzig,E-Bikes,E-Bike City,1,2249.10,1690.00
B101369,2025-06-20,Leipzig,Werkstatt,Inspektion E-Bike,1,149.00,88.00
B101370,2025-06-20,Leipzig,Werkstatt,Inspektion E-Bike,1,141.55,88.00
B101371,2025-06-21,Hamburg,E-Bikes,E-Bike Trekking,1,3039.05,2170.00
B101372,2025-06-21,Hamburg,Bekleidung,Radhose,2,138.00,58.00
B101373,2025-06-21,Hamburg,E-Bikes,E-Lastenrad,1,4990.00,3490.00
B101374,2025-06-21,Hamburg,Zubehör,Helm Urban,3,232.51,114.00
B101375,2025-06-21,Köln,Bekleidung,Handschuhe,1,25.41,11.50
B101376,2025-06-21,Köln,Zubehör,Luftpumpe,1,18.67,9.90
B101377,2025-06-21,Köln,Fahrräder,Kinderrad 20 Zoll,1,263.20,205.00
B101378,2025-06-21,München,Werkstatt,Inspektion E-Bike,1,149.00,88.00
B101379,2025-06-21,München,Zubehör,Lichtset LED,3,119.70,50.40
B101380,2025-06-21,Leipzig,Werkstatt,Inspektion E-Bike,1,144.53,88.00
B101381,2025-06-21,Leipzig,zubehör,Faltschloss,1,53.91,27.50
B101382,2025-06-23,Hamburg,Fahrräder,Stadtrad Classic,1,584.10,410.00
B101383,2025-06-23,Hamburg,Bekleidung,Handschuhe,1,29.00,11.50
B101384,2025-06-23,Hamburg,Zubehör,Luftpumpe,3,67.23,29.70
B101385,2025-06-23,Hamburg,Bekleidung,Regenjacke,2,258.00,122.00
B101386,2025-06-23,Köln,Bekleidung,Regenjacke,2,206.40,122.00
B101387,2025-06-23,Köln,Bekleidung,Radhose,1,58.65,29.00
B101388,2025-06-23,Köln,Zubehör,Lichtset LED,2,59.85,33.60
B101389,2025-06-23,Köln,Werkstatt,Inspektion E-Bike,1,119.20,88.00
B101390,2025-06-23,München,Bekleidung,Handschuhe,1,29.90,11.50
B101391,2025-06-23,München,Zubehör,Faltschloss,3,161.73,82.50
B101392,2025-06-23,München,Bekleidung,Radhose,1,66.93,29.00
B101393,2025-06-23,München,zubehör,Fahrradtasche,1,84.55,44.00
B101394,2025-06-23,München,Zubehör,Fahrradtasche,3,258.99,132.00
B101395,2025-06-23,Leipzig,Zubehör,Fahrradtasche,3,267.00,132.00
B101396,2025-06-23,Leipzig  ,Zubehör,Helm Urban,1,75.91,38.00
B101397,2025-06-23,Leipzig,Fahrräder,Trekkingrad Tour,1,854.05,560.00
B101398,2025-06-23,Leipzig ,Zubehör,Faltschloss,1,56.90,27.50
B101399,2025-06-24,Hamburg ,Zubehör,Faltschloss,3,165.32,82.50
B101400,2025-06-24,Köln,Fahrräder,Stadtrad Classic,1,519.20,410.00
B101401,2025-06-24,München,Zubehör,Lichtset LED,2,79.80,33.60
B101402,2025-06-24,München,Zubehör,Lichtset LED,1,39.90,16.80
B101403,2025-06-24,München,Zubehör,Helm Urban,1,71.91,38.00
B101404,2025-06-24,München,Zubehör,Luftpumpe,3,74.70,29.70
B101405,2025-06-24,München,E-Bikes,E-Bike Trekking,1,2879.10,2170.00
B101406,2025-06-24,München,Fahrräder,Trekkingrad Tour,1,899.00,560.00
B101407,2025-06-24,München,Werkstatt,Schlauchwechsel,1,19.90,9.00
B101408,2025-06-24,München,Zubehör,Helm Urban,1,71.91,38.00
B101409,2025-06-24,München,E-Bikes,E-Bike Trekking,1,3199.00,2170.00
B101410,2025-06-24,Leipzig,zubehör,Luftpumpe,2,44.82,19.80
B101411,2025-06-25,Hamburg,Werkstatt,Inspektion Standard,1,80.10,52.00
B101412,2025-06-25,Hamburg,Zubehör,Lichtset LED,1,37.90,16.80
B101413,2025-06-25,Hamburg,Zubehör,Lichtset LED,2,75.81,33.60
B101414,2025-06-25,Hamburg,Zubehör,Helm Urban,3,227.72,114.00
B101415,2025-06-25,Hamburg,Bekleidung,Radhose,2,124.20,58.00
B101416,2025-06-25,Hamburg,Zubehör,Faltschloss,2,113.81,55.00
B101417,2025-06-25,Köln,Werkstatt,Schlauchwechsel,1,15.92,9.00
B101418,2025-06-25,Köln,Fahrräder,Kinderrad 20 Zoll,1,263.20,205.00
B101419,2025-06-25,Köln,fahrräder,Trekkingrad Tour,1,719.20,560.00
B101420,2025-06-25,Köln,Fahrräder,Stadtrad Classic,1,486.75,410.00
B101421,2025-06-25,München,Werkstatt,Schlauchwechsel,1,18.90,9.00
B101422,2025-06-25,München,E-Bikes,E-Bike City,1,2499.00,1690.00
B101423,2025-06-25,München,Fahrräder,Trekkingrad Tour,1,899.00,560.00
B101424,2025-06-25,Leipzig,E-Bikes,E-Bike Trekking,1,3199.00,2170.00
B101425,2025-06-25,Leipzig ,Zubehör,Helm Urban,3,239.70,114.00
B101426,2025-06-26,Hamburg,Werkstatt,Inspektion E-Bike,1,149.00,88.00
B101427,2025-06-26,Hamburg,Bekleidung,Handschuhe,1,26.91,11.50
B101428,2025-06-26,Hamburg,Fahrräder,Stadtrad Classic,1,616.55,410.00
B101429,2025-06-26,Hamburg,Werkstatt,Schlauchwechsel,1,17.91,9.00
B101430,2025-06-26,Köln,Werkstatt,Inspektion Standard,1,75.65,52.00
B101431,2025-06-26,München  ,Zubehör,Luftpumpe,3,70.96,29.70
B101432,2025-06-26,München,Werkstatt,Inspektion Standard,1,86.33,52.00
B101433,2025-06-26,München,Fahrräder,Stadtrad Classic,1,584.10,410.00
B101434,2025-06-26,Leipzig,zubehör,Lichtset LED,3,116.11,50.40
B101435,2025-06-27,Köln,Zubehör,Lichtset LED,2,63.84,33.60
B101436,2025-06-27,Köln,Zubehör,Faltschloss,1,47.92,27.50
B101437,2025-06-27,Köln,bekleidung,Radhose,1,55.20,29.00
B101438,2025-06-27,München,Fahrräder,Stadtrad Classic,1,616.55,410.00
B101439,2025-06-27,München,Fahrräder,Trekkingrad Tour,1,854.05,560.00
B101440,2025-06-27,München,Fahrräder,Stadtrad Classic,1,629.53,410.00
B101441,2025-06-27,München,Zubehör,Helm Urban,1,73.51,38.00
B101442,2025-06-27,Leipzig,E-Bikes,E-Bike Trekking,1,3039.05,2170.00
B101443,2025-06-27,Leipzig,Zubehör,Helm Urban,1,79.90,38.00
B101444,2025-06-27,Leipzig,Fahrräder,Stadtrad Classic,1,584.10,410.00
B101445,2025-06-28,Hamburg,Fahrräder,Stadtrad Classic,1,584.10,410.00
B101446,2025-06-28,Hamburg,Zubehör,Lichtset LED,3,113.71,50.40
B101447,2025-06-28,Hamburg,Werkstatt,Schlauchwechsel,1,18.90,9.00
B101448,2025-06-28,Köln,Werkstatt,Inspektion E-Bike,1,126.65,88.00
B101449,2025-06-28,Köln,Zubehör,Fahrradtasche,2,142.40,88.00
B101450,2025-06-28,Köln,Zubehör,Faltschloss,1,50.91,27.50
B101451,2025-06-28,Köln,Zubehör,Helm Urban,1,63.92,38.00
B101452,2025-06-28,Köln,Fahrräder,Trekkingrad Tour,1,674.25,560.00
B101453,2025-06-28,München ,Zubehör,Helm Urban,3,239.70,114.00
B101454,2025-06-28,München,Fahrräder,Kinderrad 20 Zoll,1,329.00,205.00
B101455,2025-06-28,München,Werkstatt,Schlauchwechsel,1,19.90,9.00
B101456,2025-06-28,München,Fahrräder,Kinderrad 20 Zoll,1,296.10,205.00
B101457,2025-06-28,Leipzig,Zubehör,Helm Urban,1,79.90,38.00
B101458,2025-06-28,Leipzig,Bekleidung,Regenjacke,1,129.00,61.00
B101459,2025-06-30,Hamburg,Fahrräder,Stadtrad Classic,1,616.55,410.00
B101460,2025-06-30,Hamburg,Zubehör,Faltschloss,1,53.91,27.50
B101461,2025-06-30,Hamburg,Fahrräder,Stadtrad Classic,1,649.00,410.00
B101462,2025-06-30,Köln,Werkstatt,Schlauchwechsel,1,15.92,9.00
B101463,2025-06-30,München,Zubehör,Luftpumpe,2,48.31,19.80
B101464,2025-06-30,München,Werkstatt,Inspektion Standard,1,89.00,52.00
B101465,2025-06-30,München,E-Bikes,E-Bike City,1,2499.00,1690.00
B101466,2025-06-30,Leipzig,Bekleidung,Regenjacke,2,237.36,122.00
B101467,2025-06-30,Leipzig,Zubehör,Luftpumpe,2,49.80,19.80
B101468,2025-07-01,Hamburg,Fahrräder,Gravelbike Kies,1,1234.05,830.00
B101469,2025-07-01,Hamburg,Werkstatt,Inspektion Standard,1,86.33,52.00
B101470,2025-07-01,Hamburg,Zubehör,Luftpumpe,1,24.15,9.90
B101471,2025-07-01,Hamburg,Zubehör,Faltschloss,1,53.91,27.50
B101472,2025-07-01,Köln,Fahrräder,Kinderrad 20 Zoll,1,263.20,205.00
B101473,2025-07-01,Köln,E-Bikes,E-Lastenrad,1,3742.50,3490.00
B101474,2025-07-01,Köln,E-Bikes,E-Bike Trekking,1,2399.25,2170.00
B101475,2025-07-01,München,Zubehör,Helm Urban,1,71.91,38.00
B101476,2025-07-01,München,e-bikes,E-Bike Trekking,1,3039.05,2170.00
B101477,2025-07-01,Leipzig,E-Bikes,E-Bike City,1,2249.10,1690.00
B101478,2025-07-01,Leipzig,Zubehör,Faltschloss,1,56.90,27.50
B101479,2025-07-02,Hamburg,Zubehör,Helm Urban,2,151.81,76.00
B101480,2025-07-02,Hamburg,E-Bikes,E-Bike City,1,2374.05,1690.00
B101481,2025-07-02,Köln,Bekleidung,Radhose,2,103.50,58.00
B101482,2025-07-02,Köln,Werkstatt,Schlauchwechsel,1,15.92,9.00
B101483,2025-07-02,Köln,Bekleidung,Handschuhe,2,44.85,23.00
B101484,2025-07-02,München ,Werkstatt,Schlauchwechsel,1,19.90,9.00
B101485,2025-07-02,München,Bekleidung,Regenjacke,1,129.00,61.00
B101486,2025-07-02,München,zubehör,Luftpumpe,3,74.70,29.70
B101487,2025-07-02,München,Fahrräder,Gravelbike Kies,1,1299.00,830.00
B101488,2025-07-02,München,Zubehör,Fahrradtasche,1,89.00,44.00
B101489,2025-07-02,München,Zubehör,Helm Urban,3,239.70,114.00
B101490,2025-07-02,München,Werkstatt,Inspektion Standard,1,84.55,52.00
B101491,2025-07-02,Leipzig,bekleidung,Handschuhe,1,28.40,11.50
B101492,2025-07-03,Hamburg,Werkstatt,Schlauchwechsel,1,19.90,9.00
B101493,2025-07-03,Hamburg ,Zubehör,Lichtset LED,3,116.11,50.40
B101494,2025-07-03,Hamburg,Zubehör,Luftpumpe,2,49.80,19.80
B101495,2025-07-03,Köln,Werkstatt,Schlauchwechsel,1,15.92,9.00
B101496,2025-07-03,Köln,Zubehör,Luftpumpe,1,19.92,9.90
B101497,2025-07-03,München,Zubehör,Luftpumpe,1,22.41,9.90
B101498,2025-07-03,München,Bekleidung,Radhose,1,69.00,29.00
B101499,2025-07-03,München,E-Bikes,E-Bike Trekking,1,3199.00,2170.00
B101500,2025-07-03,München,Zubehör,Helm Urban,2,155.01,76.00
B101501,2025-07-03,München,Zubehör,Lichtset LED,2,79.80,33.60
B101502,2025-07-03,Leipzig,Zubehör,Helm Urban,2,159.80,76.00
B101503,2025-07-04,Hamburg,Fahrräder,Gravelbike Kies,1,1169.10,830.00
B101504,2025-07-04,Hamburg,Zubehör,Fahrradtasche,1,80.10,44.00
B101505,2025-07-04,Köln,Fahrräder,Stadtrad Classic,1,486.75,410.00
B101506,2025-07-04,Köln,zubehör,Lichtset LED,3,95.76,50.40
B101507,2025-07-04,München,Fahrräder,Stadtrad Classic,1,616.55,410.00
B101508,2025-07-04,München,Zubehör,Fahrradtasche,1,80.10,44.00
B101509,2025-07-04,München,Werkstatt,Inspektion Standard,1,89.00,52.00
B101510,2025-07-04,München,Zubehör,Helm Urban,1,75.91,38.00
B101511,2025-07-04,Leipzig,Werkstatt,Schlauchwechsel,1,17.91,9.00
B101512,2025-07-04,Leipzig,Zubehör,Lichtset LED,3,113.71,50.40
B101513,2025-07-05,Hamburg,E-Bikes,E-Lastenrad,1,4491.00,3490.00
B101514,2025-07-05,Hamburg,Werkstatt,Inspektion E-Bike,1,149.00,88.00
B101515,2025-07-05,Köln,Zubehör,Lichtset LED,2,63.84,33.60
B101516,2025-07-05,Köln,E-Bikes,E-Bike Trekking,1,2719.15,2170.00
B101517,2025-07-05,Köln,E-Bikes,E-Bike City,1,2124.15,1690.00
B101518,2025-07-05,Köln,Fahrräder,Stadtrad Classic,1,551.65,410.00
B101519,2025-07-05,Köln,E-Bikes,E-Bike City,1,2124.15,1690.00
B101520,2025-07-05,München  ,Zubehör,Fahrradtasche,3,267.00,132.00
B101521,2025-07-05,München,Zubehör,Faltschloss,3,170.71,82.50
B101522,2025-07-05,München,Werkstatt,Inspektion E-Bike,1,134.10,88.00
B101523,2025-07-05,München ,Bekleidung,Regenjacke,2,245.10,122.00
B101524,2025-07-05,München,Werkstatt,Inspektion E-Bike,1,149.00,88.00
B101525,2025-07-05,Leipzig  ,Werkstatt,Schlauchwechsel,1,19.90,9.00
B101526,2025-07-05,Leipzig,Zubehör,Luftpumpe,2,48.31,19.80
B101527,2025-07-07,Hamburg,zubehör,Lichtset LED,2,77.41,33.60
B101528,2025-07-07,Hamburg,zubehör,Lichtset LED,1,35.91,16.80
B101529,2025-07-07,Köln,Werkstatt,Inspektion E-Bike,1,119.20,88.00
B101530,2025-07-07,Köln,Zubehör,Lichtset LED,1,31.92,16.80
B101531,2025-07-07,Köln,Zubehör,Fahrradtasche,3,200.25,132.00
B101532,2025-07-07,Köln,Zubehör,Lichtset LED,1,33.91,16.80
B101533,2025-07-07,München  ,Fahrräder,Trekkingrad Tour,1,899.00,560.00
B101534,2025-07-07,München,Zubehör,Helm Urban,1,71.91,38.00
B101535,2025-07-07,München,Werkstatt,Inspektion E-Bike,1,141.55,88.00
B101536,2025-07-07,München,Zubehör,Lichtset LED,1,38.70,16.80
B101537,2025-07-07,München,Zubehör,Helm Urban,3,220.52,114.00
B101538,2025-07-07,München,Bekleidung,Regenjacke,1,118.68,61.00
B101539,2025-07-07,München,Werkstatt,Inspektion Standard,1,86.33,52.00
B101540,2025-07-07,Leipzig,Bekleidung,Handschuhe,2,56.81,23.00
B101541,2025-07-07,Leipzig,Zubehör,Luftpumpe,3,67.23,29.70
B101542,2025-07-07,Leipzig,Zubehör,Faltschloss,1,58.10,27.50
B101543,2025-07-08,Hamburg,Werkstatt,Schlauchwechsel,1,17.91,9.00
B101544,2025-07-08,Hamburg,Zubehör,Fahrradtasche,3,253.65,132.00
B101545,2025-07-08,Hamburg,Fahrräder,Kinderrad 20 Zoll,1,312.55,205.00
B101546,2025-07-08,Hamburg,Werkstatt,Inspektion E-Bike,1,149.00,88.00
B101547,2025-07-08,Hamburg,Bekleidung,Handschuhe,1,27.51,11.50
B101548,2025-07-08,Hamburg,Zubehör,Fahrradtasche,2,178.00,88.00
B101549,2025-07-08,Hamburg,Zubehör,Lichtset LED,1,35.91,16.80
B101550,2025-07-08,Köln,Werkstatt,Inspektion Standard,1,66.75,52.00
B101551,2025-07-08,Köln,E-Bikes,E-Bike Trekking,1,2719.15,2170.00
B101552,2025-07-08,München,Werkstatt,Inspektion E-Bike,1,149.00,88.00
B101553,2025-07-08,Leipzig,Werkstatt,Inspektion Standard,1,81.88,52.00
B101554,2025-07-08,Leipzig,E-Bikes,E-Bike Trekking,1,3039.05,2170.00
B101555,2025-07-08,Leipzig,Zubehör,Helm Urban,2,155.01,76.00
B101556,2025-07-09,Hamburg ,Zubehör,Helm Urban,2,159.80,76.00
B101557,2025-07-09,Hamburg,Werkstatt,Schlauchwechsel,1,19.30,9.00
B101558,2025-07-09,Hamburg,Werkstatt,Inspektion Standard,1,80.10,52.00
B101559,2025-07-09,Hamburg,Zubehör,Lichtset LED,3,119.70,50.40
B101560,2025-07-09,Köln,Fahrräder,Kinderrad 20 Zoll,1,263.20,205.00
B101561,2025-07-09,Köln ,Zubehör,Helm Urban,2,119.85,76.00
B101562,2025-07-09,München,Zubehör,Luftpumpe,1,24.90,9.90
B101563,2025-07-10,Hamburg,werkstatt,Inspektion Standard,1,84.55,52.00
B101564,2025-07-10,Hamburg,E-Bikes,E-Bike City,1,2249.10,1690.00
B101565,2025-07-10,Hamburg,werkstatt,Inspektion E-Bike,1,149.00,88.00
B101566,2025-07-10,Köln,Bekleidung,Regenjacke,2,193.50,122.00
B101567,2025-07-10,Köln,Zubehör,Helm Urban,1,63.92,38.00
B101568,2025-07-10,München,Zubehör,Faltschloss,3,179.70,82.50
B101569,2025-07-10,München,Zubehör,Helm Urban,1,75.91,38.00
B101570,2025-07-11,Hamburg,Zubehör,Faltschloss,1,56.90,27.50
B101571,2025-07-11,Köln,Zubehör,Faltschloss,1,47.92,27.50
B101572,2025-07-11,Köln,Fahrräder,Kinderrad 20 Zoll,1,263.20,205.00
B101573,2025-07-11,Köln,E-Bikes,E-Bike Trekking,1,2719.15,2170.00
B101574,2025-07-11,Köln,Bekleidung,Handschuhe,1,23.92,11.50
B101575,2025-07-11,München,E-Bikes,E-Bike City,1,2374.05,1690.00
B101576,2025-07-11,München,Werkstatt,Inspektion E-Bike,1,137.08,88.00
B101577,2025-07-11,München,bekleidung,Handschuhe,1,29.90,11.50
B101578,2025-07-11,Leipzig,Zubehör,Helm Urban,1,71.91,38.00
B101579,2025-07-11,Leipzig ,Werkstatt,Inspektion E-Bike,1,134.10,88.00
B101580,2025-07-12,Hamburg,Werkstatt,Inspektion E-Bike,1,141.55,88.00
B101581,2025-07-12,Hamburg,E-Bikes,E-Lastenrad,1,4740.50,3490.00
B101582,2025-07-12,Hamburg,E-Bikes,E-Bike City,1,2299.08,1690.00
B101583,2025-07-12,Hamburg,Zubehör,Faltschloss,1,56.90,27.50
B101584,2025-07-12,Köln,Zubehör,Helm Urban,2,135.83,76.00
B101585,2025-07-12,Köln,zubehör,Helm Urban,1,67.92,38.00
B101586,2025-07-12,Köln ,E-Bikes,E-Bike Trekking,1,2399.25,2170.00
B101587,2025-07-12,Köln,Zubehör,Luftpumpe,1,19.92,9.90
B101588,2025-07-12,Köln,Fahrräder,Gravelbike Kies,1,1104.15,830.00
B101589,2025-07-12,Köln,Werkstatt,Inspektion Standard,1,66.75,52.00
B101590,2025-07-12,Köln,Fahrräder,Kinderrad 20 Zoll,1,263.20,205.00
B101591,2025-07-12,München,Zubehör,Luftpumpe,1,22.41,9.90
B101592,2025-07-12,München,Fahrräder,Gravelbike Kies,1,1234.05,830.00
B101593,2025-07-12,München,Zubehör,Lichtset LED,1,35.91,16.80
B101594,2025-07-12,München,Zubehör,Faltschloss,2,107.82,55.00
B101595,2025-07-12,München,Zubehör,Helm Urban,1,79.90,38.00
B101596,2025-07-12,München,Zubehör,Lichtset LED,3,119.70,50.40
B101597,2025-07-12,Leipzig,Bekleidung,Regenjacke,2,245.10,122.00
B101598,2025-07-12,Leipzig,Zubehör,Helm Urban,3,232.51,114.00
B101599,2025-07-14,Hamburg,Zubehör,Helm Urban,1,71.91,38.00
B101600,2025-07-14,Hamburg,Werkstatt,Inspektion E-Bike,1,149.00,88.00
B101601,2025-07-14,Köln,Bekleidung,Radhose,2,110.40,58.00
B101602,2025-07-14,Köln,Zubehör,Helm Urban,2,135.83,76.00
B101603,2025-07-14,Köln,Fahrräder,Kinderrad 20 Zoll,1,279.65,205.00
B101604,2025-07-14,Köln,Zubehör,Faltschloss,1,44.92,27.50
B101605,2025-07-14,München ,Zubehör,Helm Urban,2,159.80,76.00
B101606,2025-07-14,München,Bekleidung,Handschuhe,2,56.81,23.00
B101607,2025-07-14,München,Zubehör,Helm Urban,1,75.91,38.00
B101608,2025-07-14,Leipzig ,E-Bikes,E-Bike Trekking,1,3039.05,2170.00
B101609,2025-07-14,Leipzig,Zubehör,Lichtset LED,2,79.80,33.60
B101610,2025-07-14,Leipzig,Zubehör,Faltschloss,2,119.80,55.00
B101611,2025-07-14,Leipzig,Zubehör,Fahrradtasche,1,84.55,44.00
B101612,2025-07-15,Köln,Werkstatt,Inspektion Standard,1,71.20,52.00
B101613,2025-07-15,Köln,bekleidung,Regenjacke,2,206.40,122.00
B101614,2025-07-15,Köln,Zubehör,Lichtset LED,1,31.92,16.80
B101615,2025-07-15,Köln ,Werkstatt,Inspektion Standard,1,75.65,52.00
B101616,2025-07-15,München,Zubehör,Luftpumpe,1,24.15,9.90
B101617,2025-07-15,München,Fahrräder,Trekkingrad Tour,1,899.00,560.00
B101618,2025-07-15,München,Zubehör,Helm Urban,3,239.70,114.00
B101619,2025-07-15,Leipzig,Zubehör,Faltschloss,2,113.81,55.00
B101620,2025-07-15,Leipzig,Fahrräder,Kinderrad 20 Zoll,1,302.68,205.00
B101621,2025-07-16,Hamburg,Zubehör,Luftpumpe,2,49.80,19.80
B101622,2025-07-16,Hamburg,Zubehör,Lichtset LED,3,107.73,50.40
B101623,2025-07-16,Hamburg,Fahrräder,Kinderrad 20 Zoll,1,296.10,205.00
B101624,2025-07-16,Hamburg,Werkstatt,Inspektion E-Bike,1,134.10,88.00
B101625,2025-07-16,Hamburg  ,Zubehör,Faltschloss,2,116.21,55.00
B101626,2025-07-16,Köln,Fahrräder,Stadtrad Classic,1,486.75,410.00
B101627,2025-07-16,Köln,Werkstatt,Schlauchwechsel,1,15.92,9.00
B101628,2025-07-16,Köln,Werkstatt,Schlauchwechsel,1,16.91,9.00
B101629,2025-07-16,München,Fahrräder,Stadtrad Classic,1,584.10,410.00
B101630,2025-07-16,München,Zubehör,Fahrradtasche,3,267.00,132.00
B101631,2025-07-16,Leipzig,Bekleidung,Radhose,2,131.10,58.00
B101632,2025-07-16,Leipzig,bekleidung,Radhose,1,65.55,29.00
B101633,2025-07-17,Hamburg,Werkstatt,Inspektion E-Bike,1,141.55,88.00
B101634,2025-07-17,Hamburg,Zubehör,Helm Urban,1,79.90,38.00
B101635,2025-07-17,Hamburg  ,Zubehör,Lichtset LED,3,113.71,50.40
B101636,2025-07-17,Hamburg,Bekleidung,Handschuhe,1,26.91,11.50
B101637,2025-07-17,Köln ,Bekleidung,Handschuhe,2,44.85,23.00
B101638,2025-07-17,Köln,Fahrräder,Stadtrad Classic,1,551.65,410.00
B101639,2025-07-17,Köln,Werkstatt,Inspektion Standard,1,66.75,52.00
B101640,2025-07-17,München,Werkstatt,Inspektion Standard,1,81.88,52.00
B101641,2025-07-17,München  ,Fahrräder,Trekkingrad Tour,1,899.00,560.00
B101642,2025-07-17,München,Bekleidung,Handschuhe,2,53.82,23.00
B101643,2025-07-17,Leipzig,Bekleidung,Radhose,2,124.20,58.00
B101644,2025-07-18,Hamburg,Bekleidung,Radhose,2,124.20,58.00
B101645,2025-07-18,Köln,werkstatt,Inspektion Standard,1,75.65,52.00
B101646,2025-07-18,Köln,E-Bikes,E-Bike Trekking,1,2719.15,2170.00
B101647,2025-07-18,Köln  ,Bekleidung,Handschuhe,1,23.92,11.50
B101648,2025-07-18,München,Fahrräder,Stadtrad Classic,1,584.10,410.00
B101649,2025-07-18,München,Zubehör,Faltschloss,1,56.90,27.50
B101650,2025-07-18,München,werkstatt,Schlauchwechsel,1,19.90,9.00
B101651,2025-07-18,München,Zubehör,Luftpumpe,3,74.70,29.70
B101652,2025-07-18,Leipzig,Bekleidung,Handschuhe,2,59.80,23.00
B101653,2025-07-18,Leipzig,E-Bikes,E-Bike City,1,2249.10,1690.00
B101654,2025-07-19,Hamburg,Zubehör,Lichtset LED,1,35.91,16.80
B101655,2025-07-19,Hamburg ,Zubehör,Helm Urban,1,75.91,38.00
B101656,2025-07-19,Hamburg,Bekleidung,Radhose,2,124.20,58.00
B101657,2025-07-19,Köln,Zubehör,Helm Urban,2,119.85,76.00
B101658,2025-07-19,Köln,Werkstatt,Inspektion E-Bike,1,119.20,88.00
B101659,2025-07-19,München,Bekleidung,Handschuhe,1,26.91,11.50
B101660,2025-07-19,München,Fahrräder,Trekkingrad Tour,1,872.03,560.00
B101661,2025-07-19,München,Werkstatt,Inspektion E-Bike,1,149.00,88.00
B101662,2025-07-19,München,Werkstatt,Schlauchwechsel,1,19.30,9.00
B101663,2025-07-19,München,Zubehör,Lichtset LED,1,37.90,16.80
B101664,2025-07-19,Leipzig,Werkstatt,Inspektion E-Bike,1,141.55,88.00
B101665,2025-07-21,Hamburg,Zubehör,Lichtset LED,2,71.82,33.60
B101666,2025-07-21,Hamburg,Zubehör,Lichtset LED,2,75.81,33.60
B101667,2025-07-21,Hamburg,Zubehör,Luftpumpe,1,24.90,9.90
B101668,2025-07-21,Köln,Zubehör,Lichtset LED,2,67.83,33.60
B101669,2025-07-21,Köln,Zubehör,Faltschloss,1,47.92,27.50
B101670,2025-07-21,München,E-Bikes,E-Bike Trekking,1,3103.03,2170.00
B101671,2025-07-21,München,Bekleidung,Handschuhe,2,59.80,23.00
B101672,2025-07-21,München,Werkstatt,Inspektion Standard,1,89.00,52.00
B101673,2025-07-21,München,Zubehör,Fahrradtasche,2,169.10,88.00
B101674,2025-07-21,München,Zubehör,Helm Urban,1,75.91,38.00
B101675,2025-07-21,München ,Werkstatt,Inspektion Standard,1,89.00,52.00
B101676,2025-07-21,München,zubehör,Faltschloss,3,170.71,82.50
B101677,2025-07-21,Leipzig,Werkstatt,Schlauchwechsel,1,17.91,9.00
B101678,2025-07-22,Hamburg,Zubehör,Faltschloss,2,107.82,55.00
B101679,2025-07-22,Hamburg,Werkstatt,Inspektion Standard,1,89.00,52.00
B101680,2025-07-22,Hamburg  ,Fahrräder,Trekkingrad Tour,1,899.00,560.00
B101681,2025-07-22,Hamburg,E-Bikes,E-Lastenrad,1,4491.00,3490.00
B101682,2025-07-22,Köln,Zubehör,Helm Urban,1,63.92,38.00
B101683,2025-07-22,Köln,Fahrräder,Kinderrad 20 Zoll,1,263.20,205.00
B101684,2025-07-22,Köln,Fahrräder,Gravelbike Kies,1,1039.20,830.00
B101685,2025-07-22,München,zubehör,Faltschloss,2,113.81,55.00
B101686,2025-07-22,München,Zubehör,Lichtset LED,1,39.90,16.80
B101687,2025-07-22,München,Zubehör,Fahrradtasche,3,240.30,132.00
B101688,2025-07-22,München,Zubehör,Fahrradtasche,1,86.33,44.00
B101689,2025-07-22,Leipzig,Zubehör,Luftpumpe,1,22.41,9.90
B101690,2025-07-22,Leipzig,Werkstatt,Schlauchwechsel,1,19.90,9.00
B101691,2025-07-22,Leipzig,Zubehör,Luftpumpe,1,23.65,9.90
B101692,2025-07-22,Leipzig,Werkstatt,Schlauchwechsel,1,19.90,9.00
B101693,2025-07-23,Hamburg,Fahrräder,Stadtrad Classic,1,616.55,410.00
B101694,2025-07-23,Köln,Fahrräder,Kinderrad 20 Zoll,1,263.20,205.00
B101695,2025-07-23,Köln,Zubehör,Fahrradtasche,3,226.95,132.00
B101696,2025-07-23,Köln,Bekleidung,Regenjacke,1,103.20,61.00
B101697,2025-07-23,München,Zubehör,Helm Urban,1,75.91,38.00
B101698,2025-07-23,München,Bekleidung,Radhose,2,131.10,58.00
B101699,2025-07-23,München,Zubehör,Lichtset LED,3,119.70,50.40
B101700,2025-07-23,Leipzig,fahrräder,Trekkingrad Tour,1,899.00,560.00
B101701,2025-07-23,Leipzig,Bekleidung,Handschuhe,1,28.40,11.50
B101702,2025-07-24,Hamburg,Werkstatt,Schlauchwechsel,1,17.91,9.00
B101703,2025-07-24,Hamburg,Bekleidung,Regenjacke,2,245.10,122.00
B101704,2025-07-24,Hamburg,bekleidung,Handschuhe,1,29.00,11.50
B101705,2025-07-24,Hamburg,Werkstatt,Inspektion Standard,1,84.55,52.00
B101706,2025-07-24,Köln,Bekleidung,Handschuhe,1,22.42,11.50
B101707,2025-07-24,Köln,Zubehör,Fahrradtasche,3,200.25,132.00
B101708,2025-07-24,München,Fahrräder,Gravelbike Kies,1,1299.00,830.00
B101709,2025-07-24,München,Werkstatt,Inspektion Standard,1,80.10,52.00
B101710,2025-07-24,München,Werkstatt,Inspektion E-Bike,1,149.00,88.00
B101711,2025-07-24,München,Bekleidung,Regenjacke,2,258.00,122.00
B101712,2025-07-24,Leipzig,Werkstatt,Inspektion Standard,1,80.10,52.00
B101713,2025-07-24,Leipzig,Zubehör,Faltschloss,2,116.21,55.00
B101714,2025-07-24,Leipzig,Zubehör,Faltschloss,1,56.90,27.50
B101715,2025-07-25,Hamburg,Werkstatt,Inspektion E-Bike,1,134.10,88.00
B101716,2025-07-25,Hamburg,Werkstatt,Inspektion E-Bike,1,141.55,88.00
B101717,2025-07-25,Hamburg,Bekleidung,Handschuhe,2,56.81,23.00
B101718,2025-07-25,Hamburg,Zubehör,Luftpumpe,2,44.82,19.80
B101719,2025-07-25,Köln  ,Zubehör,Fahrradtasche,2,133.50,88.00
B101720,2025-07-25,Köln,E-Bikes,E-Bike Trekking,1,2559.20,2170.00
B101721,2025-07-25,Köln,Zubehör,Luftpumpe,3,59.76,29.70
B101722,2025-07-26,Hamburg,Zubehör,Faltschloss,3,170.71,82.50
B101723,2025-07-26,Hamburg,E-Bikes,E-Bike City,1,2374.05,1690.00
B101724,2025-07-26,Hamburg,Zubehör,Lichtset LED,2,79.80,33.60
B101725,2025-07-26,Hamburg,E-Bikes,E-Bike City,1,2374.05,1690.00
B101726,2025-07-26,Hamburg,Fahrräder,Kinderrad 20 Zoll,1,296.10,205.00
B101727,2025-07-26,Köln,Fahrräder,Stadtrad Classic,1,486.75,410.00
B101728,2025-07-26,Köln  ,Zubehör,Faltschloss,3,152.74,82.50
B101729,2025-07-26,Köln,Fahrräder,Stadtrad Classic,1,486.75,410.00
B101730,2025-07-26,München,E-Bikes,E-Bike Trekking,1,2879.10,2170.00
B101731,2025-07-26,München,E-Bikes,E-Bike City,1,2499.00,1690.00
B101732,2025-07-26,München,Fahrräder,Trekkingrad Tour,1,854.05,560.00
B101733,2025-07-26,München,Fahrräder,Stadtrad Classic,1,616.55,410.00
B101734,2025-07-26,München,Zubehör,Fahrradtasche,1,86.33,44.00
,,,,,,,
B101735,2025-07-26,München,Zubehör,Luftpumpe,2,45.82,19.80
B101736,2025-07-28,Hamburg,Zubehör,Fahrradtasche,2,160.20,88.00
B101737,2025-07-28,Hamburg,E-Bikes,E-Bike City,1,2249.10,1690.00
B101738,2025-07-28,Köln,Zubehör,Faltschloss,1,47.92,27.50
B101739,2025-07-28,Köln,Werkstatt,Schlauchwechsel,1,14.92,9.00
B101740,2025-07-28,Köln,Zubehör,Luftpumpe,2,37.35,19.80
B101741,2025-07-28,München,Zubehör,Luftpumpe,2,47.31,19.80
B101742,2025-07-28,München,Fahrräder,Trekkingrad Tour,1,899.00,560.00
B101743,2025-07-28,München,Werkstatt,Inspektion Standard,1,89.00,52.00
B101744,2025-07-28,Leipzig,E-Bikes,E-Lastenrad,1,4590.80,3490.00
B101745,2025-07-28,Leipzig  ,Zubehör,Lichtset LED,1,37.90,16.80
B101746,2025-07-28,Leipzig ,Fahrräder,Stadtrad Classic,1,616.55,410.00
B101747,2025-07-29,Hamburg,Bekleidung,Radhose,1,62.10,29.00
B101748,2025-07-29,Hamburg,E-Bikes,E-Bike City,1,2374.05,1690.00
B101749,2025-07-29,Köln,Fahrräder,Trekkingrad Tour,1,764.15,560.00
B101750,2025-07-29,Köln,Zubehör,Helm Urban,1,67.92,38.00
B101751,2025-07-29,Köln,Zubehör,Faltschloss,1,47.92,27.50
B101752,2025-07-29,München,Fahrräder,Stadtrad Classic,1,649.00,410.00
B101753,2025-07-29,München,Werkstatt,Schlauchwechsel,1,19.90,9.00
B101754,2025-07-29,München,bekleidung,Handschuhe,2,59.80,23.00
B101755,2025-07-30,Hamburg,zubehör,Helm Urban,1,71.91,38.00
B101756,2025-07-30,Köln,Zubehör,Lichtset LED,1,29.92,16.80
B101757,2025-07-30,Köln ,Zubehör,Helm Urban,3,191.76,114.00
B101758,2025-07-30,Köln,Bekleidung,Regenjacke,1,103.20,61.00
B101759,2025-07-30,Köln,Zubehör,Helm Urban,2,127.84,76.00
B101760,2025-07-30,Köln,Bekleidung,Regenjacke,2,219.30,122.00
B101761,2025-07-30,München,Zubehör,Helm Urban,3,239.70,114.00
B101762,2025-07-30,München,Bekleidung,Regenjacke,1,129.00,61.00
B101763,2025-07-30,München,Zubehör,Faltschloss,2,113.81,55.00
B101764,2025-07-30,München,Werkstatt,Schlauchwechsel,1,19.90,9.00
B101765,2025-07-30,München,Zubehör,Lichtset LED,2,79.80,33.60
B101766,2025-07-30,Leipzig,bekleidung,Regenjacke,1,129.00,61.00
B101767,2025-07-31,Hamburg,Werkstatt,Inspektion Standard,1,89.00,52.00
B101768,2025-07-31,Hamburg,Zubehör,Lichtset LED,2,79.80,33.60
B101769,2025-07-31,Hamburg,Zubehör,Helm Urban,1,77.50,38.00
B101770,2025-07-31,Hamburg,Werkstatt,Inspektion E-Bike,1,137.08,88.00
B101771,2025-07-31,Köln,Zubehör,Lichtset LED,1,31.92,16.80
B101772,2025-07-31,Köln,Werkstatt,Inspektion E-Bike,1,119.20,88.00
B101773,2025-07-31,Köln,Zubehör,Faltschloss,2,95.84,55.00
B101774,2025-07-31,Köln,Bekleidung,Regenjacke,1,103.20,61.00
B101775,2025-07-31,München,Fahrräder,Trekkingrad Tour,1,899.00,560.00
B101776,2025-07-31,München,Zubehör,Helm Urban,3,239.70,114.00
B101777,2025-07-31,München,Werkstatt,Schlauchwechsel,1,18.90,9.00
B101778,2025-07-31,München  ,E-Bikes,E-Bike City,1,2499.00,1690.00
B101779,2025-07-31,München,Bekleidung,Radhose,1,69.00,29.00
B101780,2025-07-31,Leipzig,Werkstatt,Schlauchwechsel,1,19.90,9.00
B101781,2025-07-31,Leipzig,Fahrräder,Stadtrad Classic,1,597.08,410.00
B101782,2025-07-31,Leipzig,Zubehör,Lichtset LED,1,39.90,16.80
B101783,2025-08-01,Hamburg,Zubehör,Fahrradtasche,1,80.10,44.00
B101784,2025-08-01,Hamburg,Fahrräder,Stadtrad Classic,1,584.10,410.00
B101785,2025-08-01,Köln,Zubehör,Luftpumpe,1,21.16,9.90
B101786,2025-08-01,Köln,Zubehör,Helm Urban,3,191.76,114.00
B101787,2025-08-01,München,Bekleidung,Handschuhe,2,55.02,23.00
B101788,2025-08-01,Leipzig,Bekleidung,Radhose,1,66.93,29.00
B101789,2025-08-02,Hamburg,Werkstatt,Inspektion Standard,1,84.55,52.00
B101790,2025-08-02,Hamburg,Zubehör,Fahrradtasche,3,267.00,132.00
B101791,2025-08-02,Hamburg,Werkstatt,Inspektion Standard,1,84.55,52.00
B101792,2025-08-02,Hamburg,Zubehör,Luftpumpe,1,23.65,9.90
B101793,2025-08-02,Köln  ,Fahrräder,Trekkingrad Tour,1,719.20,560.00
B101794,2025-08-02,Köln ,Fahrräder,Trekkingrad Tour,1,764.15,560.00
B101795,2025-08-02,München,fahrräder,Stadtrad Classic,1,584.10,410.00
B101796,2025-08-02,München,Werkstatt,Schlauchwechsel,1,19.90,9.00
B101797,2025-08-02,München,E-Bikes,E-Bike Trekking,1,2879.10,2170.00
B101798,2025-08-02,München,Zubehör,Faltschloss,2,110.22,55.00
B101799,2025-08-02,München,Zubehör,Faltschloss,3,161.73,82.50
B101800,2025-08-02,München,Fahrräder,Gravelbike Kies,1,1234.05,830.00
B101801,2025-08-02,Leipzig  ,Zubehör,Fahrradtasche,3,253.65,132.00
B101802,2025-08-02,Leipzig,Zubehör,Luftpumpe,1,22.41,9.90
B101803,2025-08-04,Hamburg  ,E-Bikes,E-Bike Trekking,1,3199.00,2170.00
B101804,2025-08-04,Hamburg,Zubehör,Lichtset LED,3,119.70,50.40
B101805,2025-08-04,Köln,Zubehör,Fahrradtasche,1,75.65,44.00
B101806,2025-08-04,Köln ,Werkstatt,Schlauchwechsel,1,15.92,9.00
B101807,2025-08-04,Köln,Zubehör,Helm Urban,3,191.76,114.00
B101808,2025-08-04,Köln,Zubehör,Faltschloss,2,95.84,55.00
B101809,2025-08-04,Köln,Zubehör,Helm Urban,3,191.76,114.00
B101810,2025-08-04,München ,Zubehör,Helm Urban,2,159.80,76.00
B101811,2025-08-04,München,E-Bikes,E-Bike Trekking,1,3199.00,2170.00
B101812,2025-08-04,München,Zubehör,Fahrradtasche,3,240.30,132.00
B101813,2025-08-04,München,E-Bikes,E-Bike City,1,2374.05,1690.00
B101814,2025-08-04,Leipzig,Zubehör,Lichtset LED,1,37.90,16.80
B101815,2025-08-04,Leipzig,E-Bikes,E-Bike City,1,2374.05,1690.00
,,,,,,,
B101816,2025-08-04,Leipzig,bekleidung,Regenjacke,2,237.36,122.00
B101817,2025-08-04,Leipzig,Zubehör,Fahrradtasche,2,160.20,88.00
B101818,2025-08-04,Leipzig,E-Bikes,E-Bike City,1,2499.00,1690.00
B101819,2025-08-04,Leipzig,Zubehör,Fahrradtasche,2,172.66,88.00
B101820,2025-08-05,Hamburg,Werkstatt,Schlauchwechsel,1,18.90,9.00
B101821,2025-08-05,Hamburg,Zubehör,Helm Urban,2,151.81,76.00
B101822,2025-08-05,Hamburg,Zubehör,Lichtset LED,3,113.71,50.40
B101823,2025-08-05,Hamburg,bekleidung,Handschuhe,1,28.40,11.50
B101824,2025-08-05,Köln,Fahrräder,Trekkingrad Tour,1,719.20,560.00
B101825,2025-08-05,Köln,Fahrräder,Trekkingrad Tour,1,719.20,560.00
B101826,2025-08-05,München,Werkstatt,Inspektion E-Bike,1,149.00,88.00
B101827,2025-08-05,München,E-Bikes,E-Lastenrad,1,4740.50,3490.00
B101828,2025-08-05,München ,Fahrräder,Kinderrad 20 Zoll,1,296.10,205.00
B101829,2025-08-05,München,Zubehör,Luftpumpe,2,47.31,19.80
B101830,2025-08-05,München,Werkstatt,Inspektion Standard,1,84.55,52.00
B101831,2025-08-05,Leipzig,Bekleidung,Regenjacke,2,232.20,122.00
B101832,2025-08-05,Leipzig,E-Bikes,E-Bike City,1,2374.05,1690.00
B101833,2025-08-06,Hamburg,Bekleidung,Regenjacke,1,122.55,61.00
B101834,2025-08-06,Hamburg,Zubehör,Luftpumpe,3,70.96,29.70
B101835,2025-08-06,Köln,Fahrräder,Stadtrad Classic,1,519.20,410.00
B101836,2025-08-06,München,Zubehör,Luftpumpe,2,44.82,19.80
B101837,2025-08-06,München,Werkstatt,Inspektion Standard,1,84.55,52.00
B101838,2025-08-06,München,Bekleidung,Handschuhe,2,56.81,23.00
B101839,2025-08-06,München,Zubehör,Helm Urban,2,159.80,76.00
B101840,2025-08-06,München,Bekleidung,Regenjacke,2,258.00,122.00
B101841,2025-08-06,München,Werkstatt,Schlauchwechsel,1,19.90,9.00
B101842,2025-08-06,Leipzig,Fahrräder,Stadtrad Classic,1,616.55,410.00
B101843,2025-08-06,Leipzig,Zubehör,Fahrradtasche,3,240.30,132.00
B101844,2025-08-07,Hamburg,Fahrräder,Stadtrad Classic,1,584.10,410.00
B101845,2025-08-07,Hamburg,Fahrräder,Stadtrad Classic,1,584.10,410.00
B101846,2025-08-07,Hamburg,Fahrräder,Trekkingrad Tour,1,872.03,560.00
B101847,2025-08-07,Hamburg,Zubehör,Faltschloss,3,161.73,82.50
B101848,2025-08-07,Köln,zubehör,Faltschloss,1,47.92,27.50
B101849,2025-08-07,Köln,Zubehör,Faltschloss,3,143.76,82.50
B101850,2025-08-07,Köln,Zubehör,Luftpumpe,1,21.16,9.90
B101851,2025-08-07,München,Bekleidung,Regenjacke,1,116.10,61.00
B101852,2025-08-07,München,Werkstatt,Inspektion Standard,1,86.33,52.00
B101853,2025-08-07,München,Zubehör,Helm Urban,1,71.91,38.00
B101854,2025-08-07,Leipzig,Zubehör,Helm Urban,2,151.81,76.00
B101855,2025-08-07,Leipzig,Bekleidung,Handschuhe,2,56.81,23.00
B101856,2025-08-08,Hamburg,Bekleidung,Handschuhe,1,26.91,11.50
B101857,2025-08-08,Hamburg,Werkstatt,Inspektion E-Bike,1,149.00,88.00
B101858,2025-08-08,Hamburg,Zubehör,Luftpumpe,3,74.70,29.70
B101859,2025-08-08,Hamburg,Fahrräder,Trekkingrad Tour,1,899.00,560.00
B101860,2025-08-08,Köln,fahrräder,Stadtrad Classic,1,486.75,410.00
B101861,2025-08-08,Köln,Zubehör,Lichtset LED,3,95.76,50.40
B101862,2025-08-08,Köln,Werkstatt,Schlauchwechsel,1,15.92,9.00
B101863,2025-08-08,Köln,zubehör,Lichtset LED,1,33.91,16.80
B101864,2025-08-08,München,Zubehör,Fahrradtasche,2,178.00,88.00
B101865,2025-08-08,München,E-Bikes,E-Bike City,1,2374.05,1690.00
B101866,2025-08-08,München,Zubehör,Lichtset LED,1,35.91,16.80
B101867,2025-08-08,Leipzig,Zubehör,Luftpumpe,3,72.46,29.70
B101868,2025-08-08,Leipzig,Zubehör,Faltschloss,1,59.90,27.50
B101869,2025-08-08,Leipzig,Werkstatt,Inspektion E-Bike,1,149.00,88.00
B101870,2025-08-08,Leipzig,Werkstatt,Inspektion E-Bike,1,149.00,88.00
B101871,2025-08-09,Hamburg,Zubehör,Luftpumpe,3,74.70,29.70
B101872,2025-08-09,Hamburg,Zubehör,Faltschloss,1,53.91,27.50
B101873,2025-08-09,Hamburg,Bekleidung,Handschuhe,1,28.40,11.50
B101874,2025-08-09,Hamburg,Zubehör,Fahrradtasche,3,267.00,132.00
B101875,2025-08-09,Hamburg ,Fahrräder,Gravelbike Kies,1,1169.10,830.00
B101876,2025-08-09,Köln,zubehör,Helm Urban,3,203.75,114.00
B101877,2025-08-09,Köln,Bekleidung,Handschuhe,2,47.84,23.00
B101878,2025-08-09,Köln,Bekleidung,Radhose,2,110.40,58.00
B101879,2025-08-09,Köln,fahrräder,Gravelbike Kies,1,1039.20,830.00
B101880,2025-08-09,München,Bekleidung,Radhose,1,65.55,29.00
B101881,2025-08-09,München ,Bekleidung,Handschuhe,2,56.81,23.00
B101882,2025-08-09,München,Bekleidung,Radhose,2,131.10,58.00
B101883,2025-08-09,München,Fahrräder,Stadtrad Classic,1,649.00,410.00
B101884,2025-08-09,München,Zubehör,Lichtset LED,2,71.82,33.60
B101885,2025-08-09,München,bekleidung,Handschuhe,2,59.80,23.00
B101886,2025-08-09,Leipzig,Zubehör,Faltschloss,1,58.10,27.50
B101887,2025-08-09,Leipzig  ,Zubehör,Helm Urban,1,73.51,38.00
B101888,2025-08-09,Leipzig,Werkstatt,Inspektion E-Bike,1,141.55,88.00
B101889,2025-08-11,Hamburg,Zubehör,Luftpumpe,3,74.70,29.70
B101890,2025-08-11,Hamburg,Bekleidung,Handschuhe,1,26.91,11.50
B101891,2025-08-11,Hamburg,E-Bikes,E-Bike City,1,2499.00,1690.00
B101892,2025-08-11,Köln,Zubehör,Luftpumpe,1,21.16,9.90
B101893,2025-08-11,Köln,Zubehör,Lichtset LED,2,67.83,33.60
B101894,2025-08-11,Köln,Zubehör,Lichtset LED,2,59.85,33.60
B101895,2025-08-11,München,Werkstatt,Inspektion Standard,1,86.33,52.00
B101896,2025-08-11,München,Fahrräder,Stadtrad Classic,1,629.53,410.00
B101897,2025-08-11,München,Fahrräder,Stadtrad Classic,1,616.55,410.00
B101898,2025-08-11,Leipzig,Fahrräder,Kinderrad 20 Zoll,1,329.00,205.00
B101899,2025-08-11,Leipzig,Fahrräder,Stadtrad Classic,1,584.10,410.00
B101900,2025-08-11,Leipzig,Zubehör,Lichtset LED,3,107.73,50.40
B101901,2025-08-11,Leipzig,Zubehör,Helm Urban,3,239.70,114.00
B101902,2025-08-12,Hamburg,Zubehör,Helm Urban,1,75.91,38.00
B101903,2025-08-12,Hamburg,Zubehör,Helm Urban,1,75.91,38.00
B101904,2025-08-12,Hamburg,Zubehör,Lichtset LED,1,39.90,16.80
B101905,2025-08-12,Köln,Zubehör,Fahrradtasche,3,200.25,132.00
B101906,2025-08-12,Köln,Bekleidung,Handschuhe,2,44.85,23.00
B101907,2025-08-12,München,Zubehör,Fahrradtasche,3,267.00,132.00
B101908,2025-08-12,München,Zubehör,Lichtset LED,2,79.80,33.60
B101909,2025-08-12,Leipzig,Bekleidung,Handschuhe,1,29.90,11.50
B101910,2025-08-13,Hamburg ,Zubehör,Helm Urban,2,151.81,76.00
B101911,2025-08-13,Hamburg,Zubehör,Faltschloss,3,174.31,82.50
B101912,2025-08-13,Köln,Fahrräder,Stadtrad Classic,1,486.75,410.00
B101913,2025-08-13,Köln,Zubehör,Fahrradtasche,2,142.40,88.00
B101914,2025-08-13,München,Zubehör,Fahrradtasche,3,245.64,132.00
B101915,2025-08-13,München ,Bekleidung,Handschuhe,2,59.80,23.00
B101916,2025-08-13,München,Zubehör,Lichtset LED,2,73.42,33.60
B101917,2025-08-13,München,Fahrräder,Gravelbike Kies,1,1234.05,830.00
B101918,2025-08-13,München,Bekleidung,Handschuhe,2,59.80,23.00
B101919,2025-08-13,München,E-Bikes,E-Bike City,1,2424.03,1690.00
B101920,2025-08-13,Leipzig,Fahrräder,Trekkingrad Tour,1,899.00,560.00
B101921,2025-08-14,Hamburg,E-Bikes,E-Bike City,1,2374.05,1690.00
B101922,2025-08-14,Hamburg,Werkstatt,Schlauchwechsel,1,18.90,9.00
B101923,2025-08-14,Hamburg,Zubehör,Fahrradtasche,1,84.55,44.00
B101924,2025-08-14,Hamburg,E-Bikes,E-Bike Trekking,1,2879.10,2170.00
B101925,2025-08-14,Hamburg,Zubehör,Faltschloss,2,119.80,55.00
B101926,2025-08-14,Köln,Zubehör,Helm Urban,2,119.85,76.00
B101927,2025-08-14,Köln,E-Bikes,E-Bike City,1,1999.20,1690.00
B101928,2025-08-14,München,Zubehör,Helm Urban,3,227.72,114.00
B101929,2025-08-14,Leipzig,Zubehör,Luftpumpe,1,22.41,9.90
B101930,2025-08-14,Leipzig,werkstatt,Inspektion E-Bike,1,149.00,88.00
B101931,2025-08-14,Leipzig,Zubehör,Lichtset LED,3,113.71,50.40
B101932,2025-08-15,Köln,Zubehör,Helm Urban,1,59.93,38.00
B101933,2025-08-15,Köln  ,Fahrräder,Trekkingrad Tour,1,764.15,560.00
B101934,2025-08-15,Köln,Werkstatt,Inspektion E-Bike,1,119.20,88.00
B101935,2025-08-15,Köln,Werkstatt,Inspektion Standard,1,71.20,52.00
B101936,2025-08-15,Köln,Zubehör,Lichtset LED,3,89.77,50.40
B101937,2025-08-15,Köln,Zubehör,Faltschloss,1,50.91,27.50
B101938,2025-08-15,Köln,Zubehör,Fahrradtasche,1,71.20,44.00
B101939,2025-08-15,München,E-Bikes,E-Bike City,1,2499.00,1690.00
B101940,2025-08-15,München,Werkstatt,Inspektion Standard,1,86.33,52.00
B101941,2025-08-15,München ,Werkstatt,Inspektion Standard,1,80.10,52.00
B101942,2025-08-16,Hamburg,Werkstatt,Schlauchwechsel,1,18.90,9.00
B101943,2025-08-16,Hamburg,Werkstatt,Inspektion E-Bike,1,149.00,88.00
B101944,2025-08-16,Hamburg,Zubehör,Lichtset LED,3,119.70,50.40
B101945,2025-08-16,Hamburg,Zubehör,Faltschloss,3,179.70,82.50
B101946,2025-08-16,Hamburg,E-Bikes,E-Bike Trekking,1,3199.00,2170.00
B101947,2025-08-16,Köln,Zubehör,Lichtset LED,2,63.84,33.60
B101948,2025-08-16,Köln,Werkstatt,Inspektion Standard,1,71.20,52.00
B101949,2025-08-16,München,Werkstatt,Schlauchwechsel,1,19.30,9.00
B101950,2025-08-16,München,Fahrräder,Stadtrad Classic,1,649.00,410.00
B101951,2025-08-16,München,Zubehör,Lichtset LED,1,35.91,16.80
B101952,2025-08-16,München,Werkstatt,Inspektion Standard,1,84.55,52.00
B101953,2025-08-16,München,Werkstatt,Inspektion E-Bike,1,149.00,88.00
B101954,2025-08-16,Leipzig,Zubehör,Lichtset LED,3,107.73,50.40
B101955,2025-08-16,Leipzig,E-Bikes,E-Bike City,1,2499.00,1690.00
B101956,2025-08-16,Leipzig,Fahrräder,Stadtrad Classic,1,584.10,410.00
B101957,2025-08-18,Hamburg,Zubehör,Lichtset LED,3,119.70,50.40
B101958,2025-08-18,Hamburg,Werkstatt,Inspektion Standard,1,86.33,52.00
B101959,2025-08-18,Hamburg,Zubehör,Helm Urban,1,79.90,38.00
B101960,2025-08-18,Hamburg,Zubehör,Lichtset LED,1,37.90,16.80
B101961,2025-08-18,Köln,Bekleidung,Handschuhe,2,44.85,23.00
B101962,2025-08-18,Köln,Werkstatt,Inspektion Standard,1,71.20,52.00
B101963,2025-08-18,Köln,werkstatt,Inspektion E-Bike,1,126.65,88.00
B101964,2025-08-18,Köln,Zubehör,Fahrradtasche,2,142.40,88.00
B101965,2025-08-18,München,Zubehör,Lichtset LED,3,107.73,50.40
B101966,2025-08-18,München,Fahrräder,Stadtrad Classic,1,629.53,410.00
B101967,2025-08-19,Hamburg ,zubehör,Faltschloss,1,53.91,27.50
B101968,2025-08-19,Hamburg,Bekleidung,Regenjacke,2,258.00,122.00
B101969,2025-08-19,Hamburg,Bekleidung,Radhose,1,62.10,29.00
B101970,2025-08-19,Hamburg,Zubehör,Lichtset LED,3,119.70,50.40
B101971,2025-08-19,Köln,Bekleidung,Radhose,2,103.50,58.00
B101972,2025-08-19,Köln,Zubehör,Luftpumpe,2,39.84,19.80
B101973,2025-08-19,München,Bekleidung,Regenjacke,2,245.10,122.00
B101974,2025-08-19,München,E-Bikes,E-Bike City,1,2499.00,1690.00
B101975,2025-08-19,München ,Zubehör,Helm Urban,3,239.70,114.00
B101976,2025-08-19,München,Zubehör,Faltschloss,3,174.31,82.50
B101977,2025-08-19,München,Werkstatt,Schlauchwechsel,1,19.90,9.00
B101978,2025-08-19,München  ,Zubehör,Luftpumpe,1,24.90,9.90
B101979,2025-08-19,Leipzig,Bekleidung,Handschuhe,2,56.81,23.00
B101980,2025-08-20,Hamburg,Fahrräder,Stadtrad Classic,1,649.00,410.00
B101981,2025-08-20,Hamburg,Bekleidung,Handschuhe,1,28.40,11.50
B101982,2025-08-20,Hamburg,Fahrräder,Trekkingrad Tour,1,809.10,560.00
B101983,2025-08-20,Hamburg,Zubehör,Luftpumpe,2,47.31,19.80
B101984,2025-08-20,Köln,Werkstatt,Inspektion Standard,1,66.75,52.00
B101985,2025-08-20,München,Bekleidung,Regenjacke,2,250.26,122.00
B101986,2025-08-20,München,bekleidung,Regenjacke,1,122.55,61.00
B101987,2025-08-20,München,Zubehör,Luftpumpe,2,47.31,19.80
B101988,2025-08-20,München,Zubehör,Lichtset LED,1,37.90,16.80
B101989,2025-08-20,München,Zubehör,Faltschloss,1,53.91,27.50
B101990,2025-08-20,Leipzig,Zubehör,Fahrradtasche,3,267.00,132.00
B101991,2025-08-20,Leipzig,Werkstatt,Schlauchwechsel,1,17.91,9.00
B101992,2025-08-21,Hamburg,Werkstatt,Inspektion E-Bike,1,134.10,88.00
B101993,2025-08-21,Hamburg,Werkstatt,Schlauchwechsel,1,17.91,9.00
B101994,2025-08-21,Hamburg,Zubehör,Lichtset LED,1,39.90,16.80
B101995,2025-08-21,Hamburg,Zubehör,Lichtset LED,1,39.90,16.80
B101996,2025-08-21,München  ,Fahrräder,Stadtrad Classic,1,616.55,410.00
B101997,2025-08-21,München,werkstatt,Schlauchwechsel,1,19.90,9.00
B101998,2025-08-21,München ,Werkstatt,Schlauchwechsel,1,17.91,9.00
B101999,2025-08-21,München,Fahrräder,Trekkingrad Tour,1,899.00,560.00
B102000,2025-08-21,Leipzig,Werkstatt,Inspektion E-Bike,1,149.00,88.00
B102001,2025-08-22,Hamburg,Bekleidung,Radhose,2,133.86,58.00
B102002,2025-08-22,Hamburg,Zubehör,Luftpumpe,1,24.90,9.90
B102003,2025-08-22,Hamburg,Zubehör,Helm Urban,3,215.73,114.00
B102004,2025-08-22,Köln ,bekleidung,Radhose,2,103.50,58.00
B102005,2025-08-22,Köln,Zubehör,Faltschloss,3,143.76,82.50
B102006,2025-08-22,Köln,Bekleidung,Handschuhe,2,44.85,23.00
B102007,2025-08-22,Köln,Bekleidung,Regenjacke,2,219.30,122.00
B102008,2025-08-22,Köln,bekleidung,Handschuhe,2,50.83,23.00
B102009,2025-08-22,Köln,Zubehör,Helm Urban,1,63.92,38.00
B102010,2025-08-22,München,Bekleidung,Radhose,1,66.93,29.00
B102011,2025-08-22,München  ,Werkstatt,Schlauchwechsel,1,19.90,9.00
B102012,2025-08-22,München  ,Werkstatt,Inspektion Standard,1,89.00,52.00
B102013,2025-08-22,München,Zubehör,Faltschloss,3,179.70,82.50
B102014,2025-08-22,Leipzig,Zubehör,Helm Urban,3,227.72,114.00
B102015,2025-08-22,Leipzig,Zubehör,Luftpumpe,2,45.82,19.80
B102016,2025-08-23,Hamburg,Fahrräder,Trekkingrad Tour,1,872.03,560.00
B102017,2025-08-23,Hamburg,Werkstatt,Inspektion Standard,1,86.33,52.00
B102018,2025-08-23,Hamburg,Zubehör,Fahrradtasche,2,169.10,88.00
B102019,2025-08-23,Köln,Zubehör,Fahrradtasche,3,200.25,132.00
B102020,2025-08-23,Köln,Werkstatt,Schlauchwechsel,1,16.91,9.00
B102021,2025-08-23,Köln,Zubehör,Helm Urban,3,203.75,114.00
B102022,2025-08-23,München,Zubehör,Lichtset LED,3,113.71,50.40
B102023,2025-08-23,München,Werkstatt,Inspektion Standard,1,84.55,52.00
B102024,2025-08-23,München,Fahrräder,Stadtrad Classic,1,584.10,410.00
B102025,2025-08-23,München,Zubehör,Helm Urban,3,215.73,114.00
B102026,2025-08-23,Leipzig,Werkstatt,Inspektion Standard,1,84.55,52.00
B102027,2025-08-23,Leipzig,E-Bikes,E-Bike City,1,2424.03,1690.00
B102028,2025-08-25,Hamburg,Bekleidung,Handschuhe,1,29.00,11.50
B102029,2025-08-25,Hamburg,Zubehör,Luftpumpe,2,45.82,19.80
B102030,2025-08-25,Hamburg,Zubehör,Helm Urban,1,75.91,38.00
B102031,2025-08-25,Hamburg,Zubehör,Lichtset LED,2,71.82,33.60
B102032,2025-08-25,Köln  ,Zubehör,Fahrradtasche,3,213.60,132.00
B102033,2025-08-25,Köln,Bekleidung,Radhose,1,58.65,29.00
B102034,2025-08-25,Köln,Werkstatt,Inspektion Standard,1,66.75,52.00
B102035,2025-08-25,Köln,Zubehör,Lichtset LED,1,31.92,16.80
B102036,2025-08-25,München,werkstatt,Schlauchwechsel,1,19.90,9.00
B102037,2025-08-25,München,Werkstatt,Inspektion E-Bike,1,134.10,88.00
B102038,2025-08-25,Leipzig,Zubehör,Faltschloss,2,107.82,55.00
B102039,2025-08-25,Leipzig  ,Fahrräder,Stadtrad Classic,1,616.55,410.00
B102040,2025-08-25,Leipzig,Zubehör,Lichtset LED,3,107.73,50.40
B102041,2025-08-25,Leipzig,Zubehör,Helm Urban,2,151.81,76.00
B102042,2025-08-26,Hamburg,Werkstatt,Inspektion E-Bike,1,149.00,88.00
B102043,2025-08-26,Hamburg,Zubehör,Luftpumpe,3,70.96,29.70
B102044,2025-08-26,Hamburg,Zubehör,Helm Urban,1,75.91,38.00
B102045,2025-08-26,Köln,Werkstatt,Schlauchwechsel,1,15.92,9.00
B102046,2025-08-26,Köln,Werkstatt,Inspektion Standard,1,71.20,52.00
B102047,2025-08-26,Köln,Zubehör,Fahrradtasche,3,200.25,132.00
B102048,2025-08-26,München,Zubehör,Helm Urban,3,215.73,114.00
B102049,2025-08-26,München,Werkstatt,Inspektion E-Bike,1,149.00,88.00
B102050,2025-08-26,München,Zubehör,Faltschloss,3,179.70,82.50
B102051,2025-08-26,München,Fahrräder,Trekkingrad Tour,1,809.10,560.00
B102052,2025-08-27,Hamburg,Fahrräder,Stadtrad Classic,1,597.08,410.00
B102053,2025-08-27,Hamburg,Werkstatt,Inspektion Standard,1,80.10,52.00
B102054,2025-08-27,Hamburg,E-Bikes,E-Bike Trekking,1,3199.00,2170.00
B102055,2025-08-27,Hamburg,Fahrräder,Gravelbike Kies,1,1299.00,830.00
B102056,2025-08-27,Hamburg,Zubehör,Luftpumpe,3,67.23,29.70
B102057,2025-08-27,Hamburg  ,werkstatt,Inspektion Standard,1,84.55,52.00
B102058,2025-08-27,Hamburg,fahrräder,Kinderrad 20 Zoll,1,329.00,205.00
B102059,2025-08-27,Köln  ,Fahrräder,Gravelbike Kies,1,1039.20,830.00
B102060,2025-08-27,Köln,zubehör,Helm Urban,3,179.78,114.00
B102061,2025-08-27,Köln  ,Bekleidung,Regenjacke,1,96.75,61.00
B102062,2025-08-27,Köln,Bekleidung,Radhose,1,55.20,29.00
B102063,2025-08-27,München,Fahrräder,Kinderrad 20 Zoll,1,296.10,205.00
B102064,2025-08-27,München,Bekleidung,Handschuhe,1,29.90,11.50
B102065,2025-08-27,München,Zubehör,Helm Urban,3,239.70,114.00
B102066,2025-08-27,München,werkstatt,Inspektion Standard,1,80.10,52.00
B102067,2025-08-27,Leipzig,Fahrräder,Gravelbike Kies,1,1299.00,830.00
B102068,2025-08-28,Hamburg,Zubehör,Faltschloss,2,119.80,55.00
B102069,2025-08-28,Hamburg,E-Bikes,E-Bike City,1,2249.10,1690.00
B102070,2025-08-28,Hamburg,Bekleidung,Regenjacke,1,116.10,61.00
B102071,2025-08-28,Hamburg,Zubehör,Luftpumpe,3,74.70,29.70
B102072,2025-08-28,Hamburg,Werkstatt,Schlauchwechsel,1,19.90,9.00
B102073,2025-08-28,Hamburg,werkstatt,Schlauchwechsel,1,17.91,9.00
B102074,2025-08-28,Hamburg,Fahrräder,Kinderrad 20 Zoll,1,296.10,205.00
B102075,2025-08-28,Köln,Bekleidung,Radhose,2,117.30,58.00
B102076,2025-08-28,Köln ,Werkstatt,Inspektion Standard,1,75.65,52.00
B102077,2025-08-28,München,Bekleidung,Radhose,1,66.93,29.00
B102078,2025-08-28,München,werkstatt,Schlauchwechsel,1,19.90,9.00
B102079,2025-08-28,Leipzig,Zubehör,Helm Urban,2,155.01,76.00
B102080,2025-08-28,Leipzig,Zubehör,Luftpumpe,2,47.31,19.80
B102081,2025-08-28,Leipzig,Fahrräder,Stadtrad Classic,1,584.10,410.00
B102082,2025-08-29,Hamburg,Bekleidung,Handschuhe,1,29.90,11.50
B102083,2025-08-29,Hamburg,Fahrräder,Stadtrad Classic,1,584.10,410.00
B102084,2025-08-29,Hamburg,Fahrräder,Gravelbike Kies,1,1234.05,830.00
B102085,2025-08-29,Hamburg,Werkstatt,Inspektion E-Bike,1,149.00,88.00
B102086,2025-08-29,Köln,E-Bikes,E-Bike Trekking,1,2399.25,2170.00
B102087,2025-08-29,Köln ,Werkstatt,Schlauchwechsel,1,14.92,9.00
B102088,2025-08-29,Köln,Bekleidung,Handschuhe,1,23.92,11.50
B102089,2025-08-29,Köln ,Zubehör,Faltschloss,1,44.92,27.50
B102090,2025-08-29,München,Werkstatt,Inspektion Standard,1,84.55,52.00
B102091,2025-08-29,München,Bekleidung,Regenjacke,1,129.00,61.00
B102092,2025-08-29,Leipzig,Fahrräder,Kinderrad 20 Zoll,1,296.10,205.00
B102093,2025-08-30,Hamburg,Werkstatt,Schlauchwechsel,1,19.90,9.00
B102094,2025-08-30,Hamburg,Fahrräder,Trekkingrad Tour,1,899.00,560.00
B102095,2025-08-30,Hamburg,Werkstatt,Schlauchwechsel,1,17.91,9.00
B102096,2025-08-30,Köln,bekleidung,Regenjacke,1,103.20,61.00
B102097,2025-08-30,Köln,Bekleidung,Handschuhe,2,50.83,23.00
B102098,2025-08-30,Köln,Zubehör,Fahrradtasche,1,71.20,44.00
B102099,2025-08-30,Köln,Zubehör,Fahrradtasche,3,213.60,132.00
B102100,2025-08-30,Köln,Bekleidung,Regenjacke,1,103.20,61.00
B102101,2025-08-30,Köln,Zubehör,Helm Urban,2,135.83,76.00
B102102,2025-08-30,München,Werkstatt,Inspektion E-Bike,1,149.00,88.00
B102103,2025-08-30,München,zubehör,Luftpumpe,3,74.70,29.70
B102104,2025-08-30,München,Werkstatt,Schlauchwechsel,1,18.90,9.00
B102105,2025-08-30,München,Zubehör,Faltschloss,2,113.81,55.00
B102106,2025-08-30,Leipzig,Zubehör,Faltschloss,3,161.73,82.50
B102107,2025-09-01,Hamburg,Zubehör,Helm Urban,1,75.91,38.00
B102108,2025-09-01,Köln,Zubehör,Lichtset LED,1,31.92,16.80
B102109,2025-09-01,München,Werkstatt,Schlauchwechsel,1,17.91,9.00
B102110,2025-09-02,Hamburg  ,Zubehör,Fahrradtasche,2,178.00,88.00
B102111,2025-09-02,Köln,Werkstatt,Inspektion E-Bike,1,126.65,88.00
B102112,2025-09-02,Köln,Zubehör,Lichtset LED,1,33.91,16.80
B102113,2025-09-02,Köln,Werkstatt,Inspektion Standard,1,71.20,52.00
B102114,2025-09-02,Köln,E-Bikes,E-Bike Trekking,1,2559.20,2170.00
B102115,2025-09-02,Leipzig,Zubehör,Faltschloss,3,179.70,82.50
B102116,2025-09-02,Leipzig,e-bikes,E-Bike City,1,2499.00,1690.00
B102117,2025-09-02,Leipzig,werkstatt,Inspektion E-Bike,1,141.55,88.00
B102118,2025-09-03,Hamburg,Zubehör,Helm Urban,1,75.91,38.00
B102119,2025-09-03,Köln,Fahrräder,Kinderrad 20 Zoll,1,246.75,205.00
B102120,2025-09-03,Köln,E-Bikes,E-Lastenrad,1,3992.00,3490.00
B102121,2025-09-03,Köln,Werkstatt,Schlauchwechsel,1,14.92,9.00
B102122,2025-09-03,München,Werkstatt,Schlauchwechsel,1,17.91,9.00
B102123,2025-09-03,München,Zubehör,Fahrradtasche,2,169.10,88.00
B102124,2025-09-03,Leipzig,Bekleidung,Regenjacke,2,258.00,122.00
B102125,2025-09-04,Hamburg,Bekleidung,Regenjacke,2,258.00,122.00
B102126,2025-09-04,Hamburg,E-Bikes,E-Bike Trekking,1,3039.05,2170.00
B102127,2025-09-04,Hamburg,Zubehör,Lichtset LED,3,119.70,50.40
B102128,2025-09-04,Köln,Zubehör,Fahrradtasche,2,151.30,88.00
B102129,2025-09-04,Köln,Fahrräder,Stadtrad Classic,1,551.65,410.00
B102130,2025-09-04,München,Fahrräder,Gravelbike Kies,1,1234.05,830.00
B102131,2025-09-04,München  ,Zubehör,Helm Urban,2,155.01,76.00
B102132,2025-09-04,München ,Zubehör,Luftpumpe,3,72.46,29.70
B102133,2025-09-04,München,Zubehör,Luftpumpe,3,74.70,29.70
B102134,2025-09-04,München,Zubehör,Helm Urban,2,155.01,76.00
B102135,2025-09-05,Köln,Werkstatt,Schlauchwechsel,1,14.92,9.00
B102136,2025-09-05,Köln ,zubehör,Faltschloss,1,50.91,27.50
B102137,2025-09-05,München ,Werkstatt,Schlauchwechsel,1,18.90,9.00
B102138,2025-09-05,München,Zubehör,Luftpumpe,1,22.41,9.90
B102139,2025-09-05,Leipzig,Zubehör,Helm Urban,2,151.81,76.00
B102140,2025-09-05,Leipzig,Werkstatt,Schlauchwechsel,1,19.90,9.00
B102141,2025-09-05,Leipzig,zubehör,Fahrradtasche,1,80.10,44.00
B102142,2025-09-06,Hamburg,Werkstatt,Inspektion E-Bike,1,134.10,88.00
B102143,2025-09-06,Hamburg,Zubehör,Helm Urban,3,215.73,114.00
B102144,2025-09-06,Hamburg,Werkstatt,Inspektion E-Bike,1,144.53,88.00
B102145,2025-09-06,München,Werkstatt,Inspektion E-Bike,1,134.10,88.00
B102146,2025-09-06,München,Werkstatt,Inspektion Standard,1,89.00,52.00
B102147,2025-09-06,München,Fahrräder,Stadtrad Classic,1,584.10,410.00
B102148,2025-09-06,Leipzig  ,Zubehör,Helm Urban,1,77.50,38.00
B102149,2025-09-06,Leipzig,Fahrräder,Stadtrad Classic,1,616.55,410.00
B102150,2025-09-08,Hamburg,zubehör,Fahrradtasche,1,80.10,44.00
B102151,2025-09-08,Hamburg,Werkstatt,Inspektion E-Bike,1,137.08,88.00
B102152,2025-09-08,Hamburg,Bekleidung,Handschuhe,1,29.90,11.50
B102153,2025-09-08,Hamburg,Werkstatt,Schlauchwechsel,1,19.90,9.00
B102154,2025-09-08,Hamburg,Bekleidung,Handschuhe,2,58.01,23.00
B102155,2025-09-08,Hamburg,Bekleidung,Handschuhe,2,59.80,23.00
B102156,2025-09-08,Köln,Fahrräder,Kinderrad 20 Zoll,1,246.75,205.00
B102157,2025-09-08,Köln,Zubehör,Lichtset LED,2,63.84,33.60
B102158,2025-09-08,Köln,Zubehör,Luftpumpe,1,19.92,9.90
B102159,2025-09-08,Köln,Werkstatt,Schlauchwechsel,1,14.92,9.00
B102160,2025-09-08,München,Fahrräder,Trekkingrad Tour,1,854.05,560.00
B102161,2025-09-08,München,Zubehör,Luftpumpe,1,24.90,9.90
B102162,2025-09-08,Leipzig,Fahrräder,Stadtrad Classic,1,584.10,410.00
B102163,2025-09-09,Hamburg,Werkstatt,Inspektion Standard,1,89.00,52.00
B102164,2025-09-09,Köln,Zubehör,Helm Urban,2,119.85,76.00
B102165,2025-09-09,Köln,Zubehör,Lichtset LED,2,63.84,33.60
B102166,2025-09-09,München,Bekleidung,Radhose,1,69.00,29.00
B102167,2025-09-09,München,Werkstatt,Schlauchwechsel,1,17.91,9.00
B102168,2025-09-10,Hamburg,Zubehör,Helm Urban,3,232.51,114.00
B102169,2025-09-10,Hamburg,Werkstatt,Inspektion Standard,1,89.00,52.00
B102170,2025-09-10,Köln,E-Bikes,E-Bike City,1,2124.15,1690.00
B102171,2025-09-10,Köln,Zubehör,Helm Urban,2,127.84,76.00
B102172,2025-09-10,Köln,Fahrräder,Stadtrad Classic,1,519.20,410.00
B102173,2025-09-10,Köln,Zubehör,Luftpumpe,2,39.84,19.80
B102174,2025-09-10,Köln,Fahrräder,Gravelbike Kies,1,1039.20,830.00
B102175,2025-09-10,Köln,Zubehör,Faltschloss,1,47.92,27.50
B102176,2025-09-10,München,Zubehör,Luftpumpe,1,22.41,9.90
B102177,2025-09-10,München,E-Bikes,E-Bike Trekking,1,3199.00,2170.00
B102178,2025-09-10,München,Werkstatt,Inspektion Standard,1,84.55,52.00
B102179,2025-09-10,Leipzig,Fahrräder,Stadtrad Classic,1,616.55,410.00
B102180,2025-09-11,Hamburg  ,Zubehör,Luftpumpe,3,67.23,29.70
B102181,2025-09-11,München,E-Bikes,E-Bike City,1,2499.00,1690.00
B102182,2025-09-11,München ,Zubehör,Luftpumpe,1,24.15,9.90
B102183,2025-09-11,München,Werkstatt,Schlauchwechsel,1,19.30,9.00
B102184,2025-09-11,München,Zubehör,Fahrradtasche,1,89.00,44.00
B102185,2025-09-11,München,Fahrräder,Stadtrad Classic,1,616.55,410.00
B102186,2025-09-11,Leipzig,Werkstatt,Schlauchwechsel,1,18.90,9.00
B102187,2025-09-12,Hamburg,Bekleidung,Regenjacke,1,116.10,61.00
B102188,2025-09-12,Hamburg,Zubehör,Helm Urban,2,147.02,76.00
B102189,2025-09-12,Hamburg,Zubehör,Faltschloss,1,53.91,27.50
B102190,2025-09-12,Köln,Werkstatt,Schlauchwechsel,1,15.92,9.00
B102191,2025-09-12,Köln,Zubehör,Helm Urban,3,179.78,114.00
B102192,2025-09-12,Köln,E-Bikes,E-Bike Trekking,1,2559.20,2170.00
B102193,2025-09-12,München,Bekleidung,Radhose,2,138.00,58.00
B102194,2025-09-12,Leipzig,Werkstatt,Schlauchwechsel,1,18.31,9.00
B102195,2025-09-12,Leipzig,Zubehör,Faltschloss,1,59.90,27.50
B102196,2025-09-13,Hamburg,E-Bikes,E-Bike City,1,2424.03,1690.00
B102197,2025-09-13,Hamburg  ,Bekleidung,Radhose,1,62.10,29.00
B102198,2025-09-13,Hamburg,Bekleidung,Regenjacke,2,250.26,122.00
B102199,2025-09-13,Köln,Zubehör,Helm Urban,2,127.84,76.00
B102200,2025-09-13,Köln,Werkstatt,Inspektion Standard,1,71.20,52.00
B102201,2025-09-13,Köln,Zubehör,Helm Urban,2,127.84,76.00
B102202,2025-09-13,Köln,Zubehör,Helm Urban,3,179.78,114.00
B102203,2025-09-13,Köln,Zubehör,Lichtset LED,2,63.84,33.60
B102204,2025-09-13,Köln,Bekleidung,Radhose,1,51.75,29.00
B102205,2025-09-13,München  ,Bekleidung,Handschuhe,2,56.81,23.00
B102206,2025-09-13,München,Zubehör,Lichtset LED,3,113.71,50.40
B102207,2025-09-13,München,Zubehör,Luftpumpe,1,24.15,9.90
B102208,2025-09-13,München,Zubehör,Lichtset LED,3,119.70,50.40
,,,,,,,
B102209,2025-09-13,München,Fahrräder,Gravelbike Kies,1,1234.05,830.00
B102210,2025-09-13,München,Werkstatt,Inspektion Standard,1,89.00,52.00
B102211,2025-09-13,Leipzig,E-Bikes,E-Bike City,1,2374.05,1690.00
B102212,2025-09-13,Leipzig,Zubehör,Fahrradtasche,2,169.10,88.00
B102213,2025-09-13,Leipzig,Werkstatt,Schlauchwechsel,1,18.90,9.00
B102214,2025-09-13,Leipzig,Werkstatt,Inspektion E-Bike,1,144.53,88.00
B102215,2025-09-15,Hamburg,Zubehör,Helm Urban,1,79.90,38.00
B102216,2025-09-15,Köln,Bekleidung,Regenjacke,2,219.30,122.00
B102217,2025-09-15,Köln,Werkstatt,Inspektion E-Bike,1,111.75,88.00
B102218,2025-09-15,München,Werkstatt,Inspektion Standard,1,89.00,52.00
B102219,2025-09-15,München,Zubehör,Luftpumpe,1,22.41,9.90
B102220,2025-09-15,Leipzig,Zubehör,Fahrradtasche,1,81.88,44.00
B102221,2025-09-15,Leipzig,Zubehör,Helm Urban,3,215.73,114.00
B102222,2025-09-16,Köln,Werkstatt,Schlauchwechsel,1,16.91,9.00
B102223,2025-09-16,Köln ,E-Bikes,E-Bike City,1,1999.20,1690.00
B102224,2025-09-16,Köln,Werkstatt,Inspektion Standard,1,71.20,52.00
B102225,2025-09-16,Köln,Fahrräder,Stadtrad Classic,1,551.65,410.00
B102226,2025-09-16,München,Bekleidung,Handschuhe,2,59.80,23.00
B102227,2025-09-16,München,Zubehör,Helm Urban,3,215.73,114.00
B102228,2025-09-16,Leipzig,E-Bikes,E-Bike Trekking,1,2879.10,2170.00
B102229,2025-09-16,Leipzig,Zubehör,Faltschloss,1,56.90,27.50
B102230,2025-09-17,Hamburg,Fahrräder,Trekkingrad Tour,1,809.10,560.00
B102231,2025-09-17,Hamburg,Werkstatt,Inspektion E-Bike,1,141.55,88.00
B102232,2025-09-17,Hamburg,Bekleidung,Radhose,2,131.10,58.00
B102233,2025-09-17,Hamburg,fahrräder,Trekkingrad Tour,1,809.10,560.00
B102234,2025-09-17,Köln,Zubehör,Fahrradtasche,2,142.40,88.00
B102235,2025-09-17,München,Werkstatt,Schlauchwechsel,1,19.90,9.00
B102236,2025-09-17,München,E-Bikes,E-Lastenrad,1,4840.30,3490.00
B102237,2025-09-17,München,Werkstatt,Inspektion Standard,1,84.55,52.00
B102238,2025-09-17,Leipzig,Werkstatt,Inspektion Standard,1,89.00,52.00
B102239,2025-09-17,Leipzig ,Werkstatt,Inspektion Standard,1,86.33,52.00
B102240,2025-09-17,Leipzig,E-Bikes,E-Bike City,1,2249.10,1690.00
B102241,2025-09-17,Leipzig,Zubehör,Faltschloss,2,119.80,55.00
B102242,2025-09-18,Hamburg,E-Bikes,E-Bike Trekking,1,3039.05,2170.00
B102243,2025-09-18,Hamburg,Bekleidung,Handschuhe,2,59.80,23.00
B102244,2025-09-18,Hamburg,Werkstatt,Inspektion Standard,1,86.33,52.00
B102245,2025-09-18,Köln,Fahrräder,Trekkingrad Tour,1,719.20,560.00
B102246,2025-09-18,Köln  ,Zubehör,Luftpumpe,1,21.16,9.90
B102247,2025-09-18,München,Zubehör,Helm Urban,2,143.82,76.00
B102248,2025-09-18,München,Zubehör,Faltschloss,2,107.82,55.00
B102249,2025-09-18,Leipzig,Zubehör,Helm Urban,3,215.73,114.00
B102250,2025-09-19,Hamburg ,Bekleidung,Radhose,2,131.10,58.00
B102251,2025-09-19,Hamburg,Fahrräder,Stadtrad Classic,1,649.00,410.00
B102252,2025-09-19,Hamburg,fahrräder,Kinderrad 20 Zoll,1,312.55,205.00
B102253,2025-09-19,Hamburg,Werkstatt,Schlauchwechsel,1,19.90,9.00
B102254,2025-09-19,Köln,Werkstatt,Inspektion Standard,1,71.20,52.00
B102255,2025-09-19,Köln,Werkstatt,Schlauchwechsel,1,15.92,9.00
B102256,2025-09-19,Köln,E-Bikes,E-Bike Trekking,1,2399.25,2170.00
B102257,2025-09-19,Köln,zubehör,Faltschloss,1,44.92,27.50
B102258,2025-09-19,München,Zubehör,Faltschloss,3,161.73,82.50
B102259,2025-09-19,München,Werkstatt,Inspektion Standard,1,89.00,52.00
B102260,2025-09-19,Leipzig,Bekleidung,Radhose,2,133.86,58.00
B102261,2025-09-20,Hamburg,Werkstatt,Schlauchwechsel,1,19.90,9.00
B102262,2025-09-20,Hamburg,Zubehör,Helm Urban,3,239.70,114.00
B102263,2025-09-20,Hamburg,E-Bikes,E-Bike City,1,2374.05,1690.00
B102264,2025-09-20,Köln,Zubehör,Faltschloss,2,95.84,55.00
B102265,2025-09-20,Köln,E-Bikes,E-Bike Trekking,1,2559.20,2170.00
B102266,2025-09-20,Köln ,Zubehör,Faltschloss,1,47.92,27.50
B102267,2025-09-20,München,Zubehör,Fahrradtasche,2,169.10,88.00
B102268,2025-09-20,München,Zubehör,Faltschloss,3,179.70,82.50
B102269,2025-09-20,München,Werkstatt,Inspektion Standard,1,84.55,52.00
B102270,2025-09-20,München,Werkstatt,Inspektion E-Bike,1,134.10,88.00
B102271,2025-09-20,München,Bekleidung,Handschuhe,2,58.01,23.00
B102272,2025-09-20,Leipzig,Zubehör,Faltschloss,3,170.71,82.50
B102273,2025-09-20,Leipzig,Zubehör,Helm Urban,2,143.82,76.00
B102274,2025-09-22,Hamburg,Fahrräder,Stadtrad Classic,1,616.55,410.00
B102275,2025-09-22,Hamburg,Zubehör,Helm Urban,2,151.81,76.00
B102276,2025-09-22,Köln,zubehör,Luftpumpe,3,59.76,29.70
B102277,2025-09-22,Köln,Zubehör,Fahrradtasche,3,213.60,132.00
B102278,2025-09-22,München,Werkstatt,Inspektion Standard,1,89.00,52.00
B102279,2025-09-22,Leipzig,werkstatt,Schlauchwechsel,1,18.90,9.00
B102280,2025-09-23,Hamburg,Zubehör,Helm Urban,3,239.70,114.00
B102281,2025-09-23,Hamburg ,Fahrräder,Stadtrad Classic,1,616.55,410.00
B102282,2025-09-23,Hamburg,E-Bikes,E-Bike City,1,2249.10,1690.00
B102283,2025-09-23,Hamburg  ,Zubehör,Helm Urban,1,71.91,38.00
B102284,2025-09-23,Köln,Zubehör,Lichtset LED,3,95.76,50.40
B102285,2025-09-23,München,Zubehör,Fahrradtasche,3,267.00,132.00
B102286,2025-09-23,München,Werkstatt,Inspektion E-Bike,1,149.00,88.00
B102287,2025-09-24,Hamburg,Zubehör,Luftpumpe,2,48.31,19.80
B102288,2025-09-24,Hamburg,Zubehör,Helm Urban,3,239.70,114.00
B102289,2025-09-24,Hamburg,E-Bikes,E-Bike City,1,2499.00,1690.00
B102290,2025-09-24,Köln,E-Bikes,E-Lastenrad,1,3992.00,3490.00
B102291,2025-09-24,Köln,E-Bikes,E-Bike Trekking,1,2559.20,2170.00
B102292,2025-09-24,Köln,E-Bikes,E-Lastenrad,1,3992.00,3490.00
B102293,2025-09-24,München,E-Bikes,E-Lastenrad,1,4990.00,3490.00
B102294,2025-09-24,München,werkstatt,Schlauchwechsel,1,18.90,9.00
B102295,2025-09-24,München,Zubehör,Lichtset LED,3,119.70,50.40
B102296,2025-09-24,München ,Fahrräder,Trekkingrad Tour,1,809.10,560.00
B102297,2025-09-24,Leipzig,Zubehör,Lichtset LED,2,75.81,33.60
B102298,2025-09-25,Hamburg,Zubehör,Luftpumpe,3,72.46,29.70
B102299,2025-09-25,Köln,Zubehör,Luftpumpe,1,18.67,9.90
B102300,2025-09-25,Köln,Zubehör,Helm Urban,3,191.76,114.00
B102301,2025-09-25,Köln,Zubehör,Lichtset LED,1,31.92,16.80
B102302,2025-09-25,Köln,Zubehör,Luftpumpe,2,37.35,19.80
B102303,2025-09-25,München,Fahrräder,Gravelbike Kies,1,1260.03,830.00
B102304,2025-09-25,München,Zubehör,Fahrradtasche,3,240.30,132.00
B102305,2025-09-25,Leipzig,zubehör,Luftpumpe,3,74.70,29.70
B102306,2025-09-25,Leipzig,Fahrräder,Gravelbike Kies,1,1169.10,830.00
B102307,2025-09-26,Hamburg,Zubehör,Faltschloss,2,113.81,55.00
B102308,2025-09-26,Hamburg,bekleidung,Radhose,2,131.10,58.00
B102309,2025-09-26,Köln,Bekleidung,Regenjacke,1,103.20,61.00
B102310,2025-09-26,Köln,Zubehör,Faltschloss,3,152.74,82.50
B102311,2025-09-26,München,Werkstatt,Inspektion Standard,1,84.55,52.00
B102312,2025-09-26,München,Fahrräder,Kinderrad 20 Zoll,1,312.55,205.00
B102313,2025-09-26,München,E-Bikes,E-Bike City,1,2499.00,1690.00
B102314,2025-09-26,Leipzig,Werkstatt,Inspektion Standard,1,80.10,52.00
B102315,2025-09-27,Hamburg,Bekleidung,Handschuhe,1,28.40,11.50
B102316,2025-09-27,Hamburg,Fahrräder,Stadtrad Classic,1,649.00,410.00
B102317,2025-09-27,Köln,zubehör,Helm Urban,1,59.93,38.00
B102318,2025-09-27,Köln  ,zubehör,Luftpumpe,1,19.92,9.90
B102319,2025-09-27,Köln,Fahrräder,Trekkingrad Tour,1,674.25,560.00
B102320,2025-09-27,Köln,Fahrräder,Stadtrad Classic,1,519.20,410.00
B102321,2025-09-27,München,Fahrräder,Trekkingrad Tour,1,872.03,560.00
B102322,2025-09-27,Leipzig,E-Bikes,E-Bike City,1,2374.05,1690.00
B102323,2025-09-29,Hamburg,Bekleidung,Handschuhe,2,55.02,23.00
B102324,2025-09-29,Köln,E-Bikes,E-Bike Trekking,1,2719.15,2170.00
B102325,2025-09-29,München,Werkstatt,Inspektion Standard,1,86.33,52.00
B102326,2025-09-29,München,Zubehör,Lichtset LED,2,71.82,33.60
B102327,2025-09-29,München,Werkstatt,Inspektion Standard,1,89.00,52.00
B102328,2025-09-29,München,E-Bikes,E-Bike Trekking,1,3199.00,2170.00
B102329,2025-09-29,München,Zubehör,Faltschloss,3,179.70,82.50
B102330,2025-09-29,Leipzig,Bekleidung,Handschuhe,1,27.51,11.50
B102331,2025-09-29,Leipzig,Werkstatt,Inspektion E-Bike,1,149.00,88.00
B102332,2025-09-30,Hamburg,Zubehör,Luftpumpe,3,70.96,29.70
B102333,2025-09-30,Hamburg,Zubehör,Helm Urban,3,215.73,114.00
B102334,2025-09-30,Köln,Bekleidung,Radhose,1,58.65,29.00
B102335,2025-09-30,Köln,Werkstatt,Inspektion Standard,1,75.65,52.00
B102336,2025-09-30,München,Zubehör,Lichtset LED,2,79.80,33.60
B102337,2025-09-30,München,Werkstatt,Schlauchwechsel,1,19.90,9.00
B102338,2025-09-30,München,Zubehör,Fahrradtasche,3,267.00,132.00
B102339,2025-09-30,Leipzig,Fahrräder,Stadtrad Classic,1,649.00,410.00
B102340,2025-09-30,Leipzig,Werkstatt,Inspektion Standard,1,89.00,52.00
B102341,2025-10-01,Hamburg,E-Bikes,E-Bike City,1,2374.05,1690.00
B102342,2025-10-01,Köln,Zubehör,Fahrradtasche,3,213.60,132.00
B102343,2025-10-01,München,Fahrräder,Stadtrad Classic,1,616.55,410.00
B102344,2025-10-02,Hamburg,Werkstatt,Inspektion E-Bike,1,149.00,88.00
B102345,2025-10-02,Hamburg,Zubehör,Fahrradtasche,2,169.10,88.00
B102346,2025-10-02,Köln,Zubehör,Lichtset LED,2,63.84,33.60
B102347,2025-10-02,München  ,Bekleidung,Regenjacke,2,232.20,122.00
B102348,2025-10-02,München,Werkstatt,Schlauchwechsel,1,19.90,9.00
B102349,2025-10-02,München,Zubehör,Faltschloss,3,179.70,82.50
B102350,2025-10-02,Leipzig,E-Bikes,E-Bike City,1,2499.00,1690.00
B102351,2025-10-02,Leipzig,Zubehör,Lichtset LED,3,119.70,50.40
B102352,2025-10-03,Hamburg,Zubehör,Helm Urban,1,79.90,38.00
B102353,2025-10-03,Hamburg,Zubehör,Luftpumpe,2,47.31,19.80
B102354,2025-10-03,Hamburg,Zubehör,Luftpumpe,2,44.82,19.80
B102355,2025-10-03,München,Werkstatt,Inspektion E-Bike,1,141.55,88.00
B102356,2025-10-04,Hamburg,Zubehör,Faltschloss,2,119.80,55.00
B102357,2025-10-04,Köln,Fahrräder,Trekkingrad Tour,1,719.20,560.00
B102358,2025-10-04,München,Werkstatt,Inspektion Standard,1,84.55,52.00
B102359,2025-10-04,Leipzig,E-Bikes,E-Bike Trekking,1,3039.05,2170.00
B102360,2025-10-04,Leipzig,Werkstatt,Schlauchwechsel,1,18.90,9.00
B102361,2025-10-04,Leipzig,Zubehör,Lichtset LED,2,79.80,33.60
B102362,2025-10-06,Hamburg,Zubehör,Lichtset LED,1,36.71,16.80
B102363,2025-10-06,Köln,werkstatt,Inspektion Standard,1,75.65,52.00
B102364,2025-10-06,Köln ,Zubehör,Faltschloss,3,134.77,82.50
B102365,2025-10-06,München,Fahrräder,Stadtrad Classic,1,649.00,410.00
B102366,2025-10-06,München,Werkstatt,Schlauchwechsel,1,17.91,9.00
B102367,2025-10-07,Köln,werkstatt,Inspektion Standard,1,66.75,52.00
B102368,2025-10-07,Köln,Bekleidung,Handschuhe,2,47.84,23.00
B102369,2025-10-07,München,Werkstatt,Schlauchwechsel,1,19.30,9.00
B102370,2025-10-07,München,Zubehör,Helm Urban,3,215.73,114.00
B102371,2025-10-07,München,Zubehör,Faltschloss,1,53.91,27.50
B102372,2025-10-08,Hamburg ,Werkstatt,Inspektion Standard,1,84.55,52.00
B102373,2025-10-08,Hamburg,zubehör,Fahrradtasche,1,89.00,44.00
B102374,2025-10-08,München,Bekleidung,Regenjacke,1,125.13,61.00
B102375,2025-10-08,München,Werkstatt,Schlauchwechsel,1,17.91,9.00
B102376,2025-10-08,München,e-bikes,E-Bike City,1,2249.10,1690.00
B102377,2025-10-09,Hamburg,Werkstatt,Inspektion Standard,1,80.10,52.00
B102378,2025-10-09,Hamburg ,E-Bikes,E-Bike Trekking,1,3103.03,2170.00
B102379,2025-10-09,Köln,Werkstatt,Schlauchwechsel,1,15.92,9.00
B102380,2025-10-09,München,E-Bikes,E-Bike City,1,2499.00,1690.00
B102381,2025-10-09,München,Zubehör,Lichtset LED,1,39.90,16.80
B102382,2025-10-09,München,Zubehör,Luftpumpe,2,44.82,19.80
B102383,2025-10-10,Hamburg,Fahrräder,Stadtrad Classic,1,649.00,410.00
B102384,2025-10-10,Hamburg  ,zubehör,Lichtset LED,2,75.81,33.60
B102385,2025-10-10,Hamburg,Zubehör,Helm Urban,2,159.80,76.00
B102386,2025-10-10,Köln,Werkstatt,Schlauchwechsel,1,15.92,9.00
B102387,2025-10-10,Köln,werkstatt,Schlauchwechsel,1,15.92,9.00
B102388,2025-10-10,München,E-Bikes,E-Lastenrad,1,4740.50,3490.00
B102389,2025-10-10,München ,Zubehör,Faltschloss,3,170.71,82.50
B102390,2025-10-10,München,E-Bikes,E-Bike City,1,2499.00,1690.00
B102391,2025-10-10,Leipzig,Werkstatt,Inspektion E-Bike,1,141.55,88.00
B102392,2025-10-10,Leipzig,Zubehör,Faltschloss,2,113.81,55.00
B102393,2025-10-10,Leipzig,Fahrräder,Kinderrad 20 Zoll,1,312.55,205.00
B102394,2025-10-11,Hamburg,Werkstatt,Inspektion Standard,1,86.33,52.00
B102395,2025-10-11,Hamburg,Zubehör,Lichtset LED,2,71.82,33.60
B102396,2025-10-11,Köln,Bekleidung,Handschuhe,2,47.84,23.00
B102397,2025-10-11,Köln,Zubehör,Faltschloss,3,143.76,82.50
B102398,2025-10-11,Köln  ,Fahrräder,Kinderrad 20 Zoll,1,246.75,205.00
B102399,2025-10-11,München,Werkstatt,Schlauchwechsel,1,18.90,9.00
B102400,2025-10-11,Leipzig,E-Bikes,E-Bike Trekking,1,3199.00,2170.00
B102401,2025-10-11,Leipzig,Zubehör,Helm Urban,2,143.82,76.00
B102402,2025-10-13,Hamburg,Werkstatt,Inspektion E-Bike,1,149.00,88.00
B102403,2025-10-13,Hamburg,Zubehör,Fahrradtasche,2,160.20,88.00
B102404,2025-10-13,Köln,Zubehör,Lichtset LED,2,63.84,33.60
B102405,2025-10-13,München,Fahrräder,Stadtrad Classic,1,649.00,410.00
B102406,2025-10-13,München,E-Bikes,E-Bike Trekking,1,3199.00,2170.00
B102407,2025-10-13,München,Fahrräder,Kinderrad 20 Zoll,1,319.13,205.00
B102408,2025-10-14,Hamburg,fahrräder,Kinderrad 20 Zoll,1,312.55,205.00
B102409,2025-10-14,Hamburg,Bekleidung,Handschuhe,1,29.90,11.50
B102410,2025-10-14,München,Zubehör,Faltschloss,2,107.82,55.00
B102411,2025-10-14,München,Zubehör,Lichtset LED,2,79.80,33.60
B102412,2025-10-14,München,Fahrräder,Trekkingrad Tour,1,899.00,560.00
B102413,2025-10-15,Hamburg,Werkstatt,Inspektion Standard,1,80.10,52.00
B102414,2025-10-15,Hamburg,Werkstatt,Inspektion Standard,1,84.55,52.00
B102415,2025-10-15,Hamburg,Werkstatt,Schlauchwechsel,1,19.90,9.00
B102416,2025-10-15,Hamburg,Zubehör,Faltschloss,3,174.31,82.50
B102417,2025-10-15,München,Bekleidung,Regenjacke,2,245.10,122.00
B102418,2025-10-15,München,Werkstatt,Inspektion Standard,1,84.55,52.00
B102419,2025-10-16,Hamburg,Fahrräder,Trekkingrad Tour,1,809.10,560.00
B102420,2025-10-16,Hamburg,Fahrräder,Trekkingrad Tour,1,899.00,560.00
B102421,2025-10-16,Köln,Zubehör,Luftpumpe,3,59.76,29.70
B102422,2025-10-16,München,werkstatt,Inspektion Standard,1,84.55,52.00
B102423,2025-10-17,Hamburg,Zubehör,Helm Urban,2,159.80,76.00
B102424,2025-10-17,Köln,Werkstatt,Schlauchwechsel,1,15.92,9.00
B102425,2025-10-17,Köln,Zubehör,Helm Urban,2,127.84,76.00
B102426,2025-10-17,München,Werkstatt,Inspektion Standard,1,89.00,52.00
B102427,2025-10-18,Hamburg,Zubehör,Luftpumpe,1,24.90,9.90
B102428,2025-10-18,Hamburg  ,Werkstatt,Inspektion Standard,1,89.00,52.00
B102429,2025-10-18,Hamburg,Fahrräder,Gravelbike Kies,1,1234.05,830.00
B102430,2025-10-18,Köln  ,Fahrräder,Stadtrad Classic,1,519.20,410.00
B102431,2025-10-18,Köln,Zubehör,Faltschloss,2,95.84,55.00
B102432,2025-10-18,Köln,Werkstatt,Inspektion Standard,1,75.65,52.00
B102433,2025-10-18,Köln,E-Bikes,E-Bike Trekking,1,2399.25,2170.00
B102434,2025-10-18,München,Werkstatt,Schlauchwechsel,1,19.90,9.00
B102435,2025-10-18,München,Werkstatt,Inspektion Standard,1,89.00,52.00
B102436,2025-10-18,München,Zubehör,Lichtset LED,1,39.90,16.80
B102437,2025-10-18,München,Bekleidung,Handschuhe,2,58.01,23.00
B102438,2025-10-18,München,Zubehör,Faltschloss,3,179.70,82.50
B102439,2025-10-18,Leipzig,Zubehör,Faltschloss,2,113.81,55.00
B102440,2025-10-20,Hamburg,Bekleidung,Regenjacke,2,250.26,122.00
B102441,2025-10-20,Köln,werkstatt,Inspektion E-Bike,1,126.65,88.00
B102442,2025-10-20,Köln,E-Bikes,E-Bike City,1,1874.25,1690.00
B102443,2025-10-20,München,Zubehör,Lichtset LED,2,79.80,33.60
B102444,2025-10-20,Leipzig ,Werkstatt,Inspektion Standard,1,84.55,52.00
B102445,2025-10-21,Hamburg,Werkstatt,Inspektion Standard,1,86.33,52.00
B102446,2025-10-21,Hamburg,Bekleidung,Radhose,1,69.00,29.00
B102447,2025-10-21,Köln,Fahrräder,Gravelbike Kies,1,1039.20,830.00
B102448,2025-10-21,München  ,Fahrräder,Trekkingrad Tour,1,854.05,560.00
B102449,2025-10-21,München,Zubehör,Luftpumpe,1,23.65,9.90
B102450,2025-10-21,Leipzig,Werkstatt,Inspektion Standard,1,89.00,52.00
B102451,2025-10-22,Hamburg,Fahrräder,Trekkingrad Tour,1,899.00,560.00
B102452,2025-10-22,Hamburg,Fahrräder,Trekkingrad Tour,1,827.08,560.00
B102453,2025-10-22,München  ,Werkstatt,Schlauchwechsel,1,18.90,9.00
B102454,2025-10-22,München ,E-Bikes,E-Lastenrad,1,4740.50,3490.00
B102455,2025-10-22,München,Werkstatt,Inspektion Standard,1,84.55,52.00
B102456,2025-10-22,München,Zubehör,Lichtset LED,1,39.90,16.80
B102457,2025-10-23,Hamburg,Fahrräder,Stadtrad Classic,1,629.53,410.00
B102458,2025-10-23,Köln,Zubehör,Helm Urban,3,203.75,114.00
B102459,2025-10-23,Köln,Zubehör,Helm Urban,3,191.76,114.00
B102460,2025-10-23,München ,Zubehör,Fahrradtasche,1,89.00,44.00
B102461,2025-10-23,München,Zubehör,Helm Urban,3,215.73,114.00
B102462,2025-10-23,Leipzig,Bekleidung,Handschuhe,1,29.90,11.50
B102463,2025-10-24,Hamburg,Bekleidung,Radhose,2,126.96,58.00
B102464,2025-10-24,Hamburg,Zubehör,Faltschloss,3,170.71,82.50
,,,,,,,
B102465,2025-10-24,Hamburg,Fahrräder,Kinderrad 20 Zoll,1,329.00,205.00
B102466,2025-10-24,Köln,Zubehör,Helm Urban,1,63.92,38.00
B102467,2025-10-24,München,Zubehör,Helm Urban,1,75.91,38.00
B102468,2025-10-24,Leipzig,Bekleidung,Radhose,1,69.00,29.00
B102469,2025-10-24,Leipzig,Fahrräder,Gravelbike Kies,1,1234.05,830.00
B102470,2025-10-24,Leipzig,Fahrräder,Trekkingrad Tour,1,827.08,560.00
B102471,2025-10-25,Hamburg  ,Zubehör,Helm Urban,1,77.50,38.00
B102472,2025-10-25,Hamburg,Werkstatt,Schlauchwechsel,1,18.31,9.00
B102473,2025-10-25,Hamburg,Zubehör,Fahrradtasche,3,240.30,132.00
B102474,2025-10-25,Köln,Werkstatt,Inspektion Standard,1,71.20,52.00
B102475,2025-10-25,München,Fahrräder,Gravelbike Kies,1,1299.00,830.00
B102476,2025-10-25,München,zubehör,Helm Urban,2,155.01,76.00
B102477,2025-10-25,München,fahrräder,Stadtrad Classic,1,616.55,410.00
B102478,2025-10-25,München,Bekleidung,Radhose,1,66.93,29.00
B102479,2025-10-25,München,Zubehör,Faltschloss,3,170.71,82.50
B102480,2025-10-25,Leipzig,Fahrräder,Stadtrad Classic,1,629.53,410.00
B102481,2025-10-25,Leipzig,Werkstatt,Inspektion Standard,1,80.10,52.00
B102482,2025-10-25,Leipzig,Zubehör,Faltschloss,3,179.70,82.50
B102483,2025-10-27,Hamburg,bekleidung,Radhose,2,124.20,58.00
B102484,2025-10-27,Hamburg,Bekleidung,Regenjacke,1,116.10,61.00
B102485,2025-10-27,Köln,Fahrräder,Trekkingrad Tour,1,674.25,560.00
B102486,2025-10-27,Köln,Bekleidung,Radhose,1,55.20,29.00
B102487,2025-10-27,München,Fahrräder,Trekkingrad Tour,1,827.08,560.00
B102488,2025-10-27,München,Fahrräder,Kinderrad 20 Zoll,1,329.00,205.00
B102489,2025-10-27,Leipzig,Werkstatt,Schlauchwechsel,1,17.91,9.00
B102490,2025-10-28,Hamburg,Bekleidung,Handschuhe,2,56.81,23.00
B102491,2025-10-28,Hamburg,Werkstatt,Schlauchwechsel,1,19.30,9.00
B102492,2025-10-28,Hamburg,Werkstatt,Schlauchwechsel,1,19.90,9.00
B102493,2025-10-28,Köln,Zubehör,Helm Urban,2,135.83,76.00
B102494,2025-10-28,Köln,Werkstatt,Schlauchwechsel,1,16.91,9.00
B102495,2025-10-28,München,Bekleidung,Handschuhe,2,58.01,23.00
B102496,2025-10-28,München,Zubehör,Luftpumpe,3,72.46,29.70
B102497,2025-10-28,München,Zubehör,Fahrradtasche,1,89.00,44.00
B102498,2025-10-29,Hamburg,Zubehör,Lichtset LED,3,107.73,50.40
B102499,2025-10-29,Hamburg,Zubehör,Faltschloss,3,165.32,82.50
B102500,2025-10-29,Hamburg,Fahrräder,Stadtrad Classic,1,649.00,410.00
B102501,2025-10-29,München,Werkstatt,Inspektion E-Bike,1,149.00,88.00
B102502,2025-10-29,München,Zubehör,Faltschloss,2,113.81,55.00
B102503,2025-10-29,München,Werkstatt,Inspektion Standard,1,84.55,52.00
B102504,2025-10-29,München,Zubehör,Lichtset LED,2,71.82,33.60
B102505,2025-10-29,Leipzig,Werkstatt,Inspektion E-Bike,1,141.55,88.00
B102506,2025-10-29,Leipzig,Zubehör,Helm Urban,1,79.90,38.00
B102507,2025-10-30,Hamburg  ,Zubehör,Fahrradtasche,1,84.55,44.00
B102508,2025-10-30,Hamburg,Zubehör,Helm Urban,3,227.72,114.00
B102509,2025-10-30,München,Fahrräder,Stadtrad Classic,1,616.55,410.00
B102510,2025-10-30,München,Bekleidung,Regenjacke,2,232.20,122.00
B102511,2025-10-30,Leipzig  ,Zubehör,Faltschloss,2,107.82,55.00
B102512,2025-10-30,Leipzig,Zubehör,Lichtset LED,1,37.90,16.80
B102513,2025-10-30,Leipzig,Zubehör,Lichtset LED,1,37.90,16.80
B102514,2025-10-31,Hamburg ,zubehör,Helm Urban,2,159.80,76.00
B102515,2025-10-31,Hamburg,Zubehör,Lichtset LED,2,71.82,33.60
B102516,2025-10-31,Hamburg,E-Bikes,E-Bike City,1,2424.03,1690.00
B102517,2025-10-31,Köln  ,Zubehör,Faltschloss,3,143.76,82.50
B102518,2025-10-31,Köln  ,Werkstatt,Inspektion E-Bike,1,119.20,88.00
B102519,2025-10-31,Köln,Zubehör,Lichtset LED,2,63.84,33.60
B102520,2025-10-31,München,Zubehör,Luftpumpe,1,24.90,9.90
B102521,2025-10-31,München,Bekleidung,Handschuhe,1,29.90,11.50
B102522,2025-10-31,München  ,Werkstatt,Schlauchwechsel,1,19.90,9.00
B102523,2025-10-31,Leipzig,Werkstatt,Inspektion Standard,1,84.55,52.00
B102524,2025-11-01,Hamburg,Fahrräder,Trekkingrad Tour,1,854.05,560.00
B102525,2025-11-01,Hamburg,Zubehör,Fahrradtasche,1,80.10,44.00
B102526,2025-11-01,Hamburg,Zubehör,Faltschloss,1,58.10,27.50
B102527,2025-11-01,Köln ,Zubehör,Luftpumpe,1,19.92,9.90
B102528,2025-11-01,München,Bekleidung,Regenjacke,2,232.20,122.00
B102529,2025-11-01,München,werkstatt,Inspektion Standard,1,89.00,52.00
B102530,2025-11-01,Leipzig,Zubehör,Luftpumpe,2,44.82,19.80
B102531,2025-11-01,Leipzig,Zubehör,Helm Urban,3,220.52,114.00
B102532,2025-11-04,Hamburg,Bekleidung,Regenjacke,2,258.00,122.00
B102533,2025-11-04,München,Zubehör,Faltschloss,1,59.90,27.50
B102534,2025-11-04,München,Zubehör,Luftpumpe,3,74.70,29.70
B102535,2025-11-04,München,Bekleidung,Regenjacke,1,116.10,61.00
B102536,2025-11-04,Leipzig  ,Bekleidung,Radhose,1,63.48,29.00
B102537,2025-11-05,Hamburg,Zubehör,Luftpumpe,2,49.80,19.80
B102538,2025-11-05,München,Bekleidung,Regenjacke,1,129.00,61.00
B102539,2025-11-06,Hamburg,werkstatt,Schlauchwechsel,1,18.90,9.00
B102540,2025-11-06,Hamburg,Zubehör,Luftpumpe,1,23.65,9.90
B102541,2025-11-06,München,Zubehör,Lichtset LED,1,38.70,16.80
B102542,2025-11-06,München ,Zubehör,Helm Urban,3,227.72,114.00
B102543,2025-11-06,München,Zubehör,Helm Urban,3,232.51,114.00
B102544,2025-11-07,Hamburg,Zubehör,Luftpumpe,3,67.23,29.70
B102545,2025-11-07,Köln,werkstatt,Schlauchwechsel,1,15.92,9.00
B102546,2025-11-07,München,E-Bikes,E-Bike City,1,2424.03,1690.00
B102547,2025-11-07,München,Zubehör,Fahrradtasche,1,84.55,44.00
B102548,2025-11-07,München,Bekleidung,Radhose,1,69.00,29.00
B102549,2025-11-07,München,E-Bikes,E-Bike Trekking,1,3199.00,2170.00
B102550,2025-11-07,München,Werkstatt,Inspektion E-Bike,1,134.10,88.00
B102551,2025-11-07,Leipzig,Fahrräder,Stadtrad Classic,1,616.55,410.00
B102552,2025-11-08,Hamburg,Fahrräder,Gravelbike Kies,1,1169.10,830.00
B102553,2025-11-08,Hamburg,Fahrräder,Trekkingrad Tour,1,854.05,560.00
B102554,2025-11-08,Köln,Werkstatt,Inspektion Standard,1,66.75,52.00
B102555,2025-11-08,München,Zubehör,Lichtset LED,3,113.71,50.40
B102556,2025-11-08,Leipzig,Fahrräder,Gravelbike Kies,1,1299.00,830.00
B102557,2025-11-08,Leipzig,Zubehör,Faltschloss,1,53.91,27.50
B102558,2025-11-10,Hamburg,Werkstatt,Schlauchwechsel,1,19.90,9.00
B102559,2025-11-10,Hamburg,Werkstatt,Inspektion Standard,1,89.00,52.00
B102560,2025-11-10,Köln,zubehör,Luftpumpe,2,42.33,19.80
B102561,2025-11-10,Köln,Werkstatt,Schlauchwechsel,1,14.92,9.00
B102562,2025-11-10,München,zubehör,Helm Urban,2,159.80,76.00
B102563,2025-11-10,München,Bekleidung,Handschuhe,1,27.51,11.50
B102564,2025-11-10,Leipzig  ,Werkstatt,Inspektion Standard,1,89.00,52.00
B102565,2025-11-10,Leipzig,Fahrräder,Stadtrad Classic,1,629.53,410.00
B102566,2025-11-11,Hamburg,Zubehör,Luftpumpe,2,48.31,19.80
B102567,2025-11-11,Köln,E-Bikes,E-Bike City,1,1999.20,1690.00
B102568,2025-11-11,München,Werkstatt,Schlauchwechsel,1,17.91,9.00
B102569,2025-11-11,Leipzig,Fahrräder,Stadtrad Classic,1,629.53,410.00
B102570,2025-11-12,Köln,Bekleidung,Regenjacke,1,103.20,61.00
B102571,2025-11-12,Köln,Werkstatt,Schlauchwechsel,1,14.92,9.00
B102572,2025-11-12,München,Zubehör,Faltschloss,2,107.82,55.00
B102573,2025-11-12,München,Zubehör,Luftpumpe,3,72.46,29.70
B102574,2025-11-12,München,Fahrräder,Trekkingrad Tour,1,899.00,560.00
B102575,2025-11-12,Leipzig,Werkstatt,Inspektion E-Bike,1,137.08,88.00
B102576,2025-11-12,Leipzig,Zubehör,Helm Urban,1,79.90,38.00
B102577,2025-11-12,Leipzig,Fahrräder,Kinderrad 20 Zoll,1,296.10,205.00
B102578,2025-11-13,Hamburg,Werkstatt,Schlauchwechsel,1,19.90,9.00
B102579,2025-11-13,Hamburg,fahrräder,Trekkingrad Tour,1,809.10,560.00
B102580,2025-11-13,Köln,Werkstatt,Schlauchwechsel,1,15.92,9.00
B102581,2025-11-13,Köln,Zubehör,Fahrradtasche,1,71.20,44.00
B102582,2025-11-13,München,Werkstatt,Inspektion Standard,1,89.00,52.00
B102583,2025-11-13,München,Werkstatt,Inspektion Standard,1,86.33,52.00
B102584,2025-11-13,Leipzig,Bekleidung,Handschuhe,2,53.82,23.00
B102585,2025-11-14,Hamburg ,Werkstatt,Inspektion Standard,1,86.33,52.00
B102586,2025-11-14,Hamburg,e-bikes,E-Bike City,1,2499.00,1690.00
B102587,2025-11-14,Hamburg  ,Zubehör,Faltschloss,1,56.90,27.50
B102588,2025-11-14,Köln,Zubehör,Luftpumpe,3,63.49,29.70
B102589,2025-11-14,Köln,Zubehör,Fahrradtasche,3,226.95,132.00
B102590,2025-11-14,Köln,Werkstatt,Schlauchwechsel,1,16.91,9.00
B102591,2025-11-14,Köln,Zubehör,Faltschloss,1,50.91,27.50
B102592,2025-11-14,Köln,E-Bikes,E-Bike Trekking,1,2559.20,2170.00
B102593,2025-11-15,Hamburg,Zubehör,Lichtset LED,3,107.73,50.40
B102594,2025-11-15,Köln,Zubehör,Lichtset LED,1,29.92,16.80
B102595,2025-11-15,Köln,Zubehör,Helm Urban,1,63.92,38.00
B102596,2025-11-15,Köln,Zubehör,Fahrradtasche,3,213.60,132.00
B102597,2025-11-17,Köln,Zubehör,Fahrradtasche,2,142.40,88.00
B102598,2025-11-17,Köln,Zubehör,Faltschloss,1,44.92,27.50
B102599,2025-11-17,München,Werkstatt,Inspektion Standard,1,84.55,52.00
B102600,2025-11-17,München  ,Werkstatt,Schlauchwechsel,1,17.91,9.00
B102601,2025-11-17,München ,Bekleidung,Regenjacke,1,116.10,61.00
B102602,2025-11-17,München,Fahrräder,Gravelbike Kies,1,1234.05,830.00
B102603,2025-11-17,Leipzig,Bekleidung,Regenjacke,2,258.00,122.00
B102604,2025-11-18,Hamburg,E-Bikes,E-Bike Trekking,1,3199.00,2170.00
B102605,2025-11-18,Hamburg,Zubehör,Lichtset LED,1,39.90,16.80
B102606,2025-11-18,München,Bekleidung,Radhose,1,69.00,29.00
B102607,2025-11-18,München,Zubehör,Faltschloss,1,56.90,27.50
B102608,2025-11-19,Hamburg,Fahrräder,Stadtrad Classic,1,649.00,410.00
B102609,2025-11-19,Köln,Werkstatt,Inspektion Standard,1,66.75,52.00
B102610,2025-11-19,Köln,Werkstatt,Schlauchwechsel,1,15.92,9.00
B102611,2025-11-19,München,Zubehör,Fahrradtasche,1,86.33,44.00
B102612,2025-11-19,München,Zubehör,Lichtset LED,3,119.70,50.40
B102613,2025-11-19,Leipzig,Bekleidung,Handschuhe,2,56.81,23.00
B102614,2025-11-20,Hamburg,E-Bikes,E-Bike City,1,2499.00,1690.00
B102615,2025-11-20,Hamburg,Fahrräder,Trekkingrad Tour,1,899.00,560.00
B102616,2025-11-20,Köln,Fahrräder,Kinderrad 20 Zoll,1,279.65,205.00
B102617,2025-11-20,Köln,Zubehör,Helm Urban,3,179.78,114.00
B102618,2025-11-20,Köln,Zubehör,Helm Urban,3,203.75,114.00
B102619,2025-11-20,München,Bekleidung,Handschuhe,1,26.91,11.50
B102620,2025-11-20,München,Zubehör,Luftpumpe,2,47.31,19.80
B102621,2025-11-20,Leipzig,Zubehör,Lichtset LED,2,77.41,33.60
B102622,2025-11-21,Hamburg,Zubehör,Lichtset LED,1,35.91,16.80
B102623,2025-11-21,Hamburg,Fahrräder,Stadtrad Classic,1,616.55,410.00
B102624,2025-11-21,Köln,zubehör,Helm Urban,3,203.75,114.00
B102625,2025-11-21,München,Zubehör,Fahrradtasche,2,163.76,88.00
B102626,2025-11-21,Leipzig,Zubehör,Luftpumpe,2,49.80,19.80
B102627,2025-11-22,Hamburg,Zubehör,Helm Urban,1,79.90,38.00
B102628,2025-11-22,Hamburg,E-Bikes,E-Bike Trekking,1,3199.00,2170.00
B102629,2025-11-22,Hamburg,zubehör,Luftpumpe,1,24.15,9.90
B102630,2025-11-22,Köln,E-Bikes,E-Bike Trekking,1,2559.20,2170.00
B102631,2025-11-22,Köln,Werkstatt,Schlauchwechsel,1,15.92,9.00
B102632,2025-11-22,München,Werkstatt,Inspektion Standard,1,80.10,52.00
B102633,2025-11-24,Hamburg,Werkstatt,Inspektion Standard,1,80.10,52.00
B102634,2025-11-24,Hamburg,Bekleidung,Regenjacke,1,116.10,61.00
B102635,2025-11-24,Hamburg,Zubehör,Fahrradtasche,2,169.10,88.00
B102636,2025-11-24,Hamburg,Zubehör,Helm Urban,2,155.01,76.00
B102637,2025-11-24,Hamburg,Zubehör,Luftpumpe,2,44.82,19.80
B102638,2025-11-24,Köln,E-Bikes,E-Bike City,1,1999.20,1690.00
B102639,2025-11-24,Köln,Werkstatt,Inspektion E-Bike,1,119.20,88.00
B102640,2025-11-24,München,Bekleidung,Regenjacke,2,258.00,122.00
B102641,2025-11-24,München  ,Zubehör,Lichtset LED,1,36.71,16.80
B102642,2025-11-24,München,Werkstatt,Inspektion Standard,1,89.00,52.00
B102643,2025-11-25,Hamburg,Bekleidung,Regenjacke,2,232.20,122.00
B102644,2025-11-25,Köln,Fahrräder,Kinderrad 20 Zoll,1,263.20,205.00
B102645,2025-11-25,München,Werkstatt,Schlauchwechsel,1,17.91,9.00
B102646,2025-11-25,München,Werkstatt,Schlauchwechsel,1,18.90,9.00
B102647,2025-11-25,Leipzig,Bekleidung,Handschuhe,1,28.40,11.50
B102648,2025-11-26,Hamburg,Zubehör,Faltschloss,2,107.82,55.00
B102649,2025-11-26,München,Zubehör,Helm Urban,1,71.91,38.00
B102650,2025-11-26,München,Werkstatt,Inspektion E-Bike,1,149.00,88.00
B102651,2025-11-26,München,Zubehör,Faltschloss,2,113.81,55.00
B102652,2025-11-26,Leipzig,Fahrräder,Trekkingrad Tour,1,809.10,560.00
B102653,2025-11-27,Hamburg,bekleidung,Regenjacke,2,258.00,122.00
B102654,2025-11-27,Hamburg,Fahrräder,Trekkingrad Tour,1,899.00,560.00
B102655,2025-11-27,Köln,Zubehör,Fahrradtasche,2,151.30,88.00
B102656,2025-11-27,Köln,Zubehör,Lichtset LED,1,33.91,16.80
B102657,2025-11-27,München,fahrräder,Stadtrad Classic,1,649.00,410.00
B102658,2025-11-27,München,Zubehör,Faltschloss,1,58.10,27.50
B102659,2025-11-27,München,Werkstatt,Inspektion Standard,1,89.00,52.00
B102660,2025-11-27,München,Werkstatt,Inspektion E-Bike,1,141.55,88.00
B102661,2025-11-27,München ,Fahrräder,Kinderrad 20 Zoll,1,296.10,205.00
B102662,2025-11-28,Hamburg ,E-Bikes,E-Bike City,1,2374.05,1690.00
B102663,2025-11-28,Hamburg,Bekleidung,Handschuhe,1,29.90,11.50
B102664,2025-11-28,Hamburg,Zubehör,Faltschloss,1,58.10,27.50
B102665,2025-11-28,Köln,Werkstatt,Schlauchwechsel,1,15.92,9.00
B102666,2025-11-28,München ,Zubehör,Lichtset LED,2,79.80,33.60
B102667,2025-11-28,München ,Fahrräder,Stadtrad Classic,1,629.53,410.00
B102668,2025-11-28,Leipzig,Werkstatt,Inspektion E-Bike,1,141.55,88.00
B102669,2025-11-29,Hamburg,Bekleidung,Radhose,1,63.48,29.00
B102670,2025-11-29,Hamburg,Zubehör,Faltschloss,2,113.81,55.00
B102671,2025-11-29,Hamburg,Zubehör,Helm Urban,1,79.90,38.00
B102672,2025-11-29,Hamburg,Fahrräder,Gravelbike Kies,1,1299.00,830.00
B102673,2025-11-29,Köln,Zubehör,Lichtset LED,3,95.76,50.40
B102674,2025-12-01,Hamburg ,Bekleidung,Radhose,2,126.96,58.00
B102675,2025-12-01,Hamburg,Werkstatt,Schlauchwechsel,1,17.91,9.00
B102676,2025-12-01,Hamburg,Werkstatt,Schlauchwechsel,1,19.90,9.00
B102677,2025-12-01,Köln,Bekleidung,Handschuhe,2,47.84,23.00
B102678,2025-12-01,München,Zubehör,Helm Urban,1,77.50,38.00
B102679,2025-12-01,München,Zubehör,Luftpumpe,3,70.96,29.70
B102680,2025-12-01,Leipzig,Zubehör,Lichtset LED,1,38.70,16.80
B102681,2025-12-01,Leipzig,Bekleidung,Regenjacke,1,129.00,61.00
B102682,2025-12-01,Leipzig,Bekleidung,Radhose,1,62.10,29.00
B102683,2025-12-02,Hamburg ,Bekleidung,Handschuhe,1,29.90,11.50
B102684,2025-12-02,Köln,E-Bikes,E-Bike Trekking,1,2559.20,2170.00
B102685,2025-12-02,München,Werkstatt,Inspektion E-Bike,1,141.55,88.00
B102686,2025-12-02,München ,Zubehör,Helm Urban,1,79.90,38.00
B102687,2025-12-02,München,Bekleidung,Radhose,1,69.00,29.00
B102688,2025-12-02,Leipzig,Zubehör,Luftpumpe,1,23.65,9.90
B102689,2025-12-03,Hamburg,Zubehör,Helm Urban,3,227.72,114.00
B102690,2025-12-03,Hamburg,Fahrräder,Gravelbike Kies,1,1299.00,830.00
B102691,2025-12-03,Hamburg,Zubehör,Faltschloss,1,56.90,27.50
B102692,2025-12-03,Köln,zubehör,Faltschloss,3,143.76,82.50
B102693,2025-12-03,Köln  ,Werkstatt,Inspektion Standard,1,71.20,52.00
B102694,2025-12-03,Leipzig,Fahrräder,Stadtrad Classic,1,629.53,410.00
B102695,2025-12-03,Leipzig,Werkstatt,Inspektion Standard,1,81.88,52.00
B102696,2025-12-03,Leipzig,werkstatt,Inspektion E-Bike,1,144.53,88.00
B102697,2025-12-03,Leipzig,Zubehör,Fahrradtasche,2,160.20,88.00
B102698,2025-12-04,Köln,Zubehör,Helm Urban,1,67.92,38.00
B102699,2025-12-04,Köln ,Bekleidung,Handschuhe,2,50.83,23.00
B102700,2025-12-04,Köln,Zubehör,Helm Urban,2,127.84,76.00
B102701,2025-12-04,Köln  ,Zubehör,Faltschloss,1,44.92,27.50
B102702,2025-12-04,München,Werkstatt,Schlauchwechsel,1,18.90,9.00
B102703,2025-12-04,München ,werkstatt,Inspektion Standard,1,84.55,52.00
B102704,2025-12-04,München,Zubehör,Helm Urban,2,155.01,76.00
B102705,2025-12-05,Hamburg,Zubehör,Fahrradtasche,2,169.10,88.00
B102706,2025-12-05,München,E-Bikes,E-Bike Trekking,1,3103.03,2170.00
B102707,2025-12-05,München,Werkstatt,Inspektion Standard,1,89.00,52.00
B102708,2025-12-06,Hamburg,Zubehör,Lichtset LED,2,75.81,33.60
B102709,2025-12-06,Hamburg,Werkstatt,Inspektion Standard,1,89.00,52.00
B102710,2025-12-06,Köln,Zubehör,Luftpumpe,1,19.92,9.90
B102711,2025-12-06,Köln,Werkstatt,Inspektion Standard,1,75.65,52.00
B102712,2025-12-06,München,Zubehör,Fahrradtasche,3,267.00,132.00
B102713,2025-12-06,München ,Werkstatt,Schlauchwechsel,1,19.90,9.00
B102714,2025-12-06,Leipzig,Zubehör,Helm Urban,3,239.70,114.00
B102715,2025-12-08,Hamburg  ,Bekleidung,Handschuhe,2,56.81,23.00
B102716,2025-12-08,Hamburg,Bekleidung,Handschuhe,1,26.91,11.50
B102717,2025-12-08,Hamburg,zubehör,Luftpumpe,3,70.96,29.70
B102718,2025-12-08,Köln,Werkstatt,Inspektion Standard,1,71.20,52.00
B102719,2025-12-08,Köln ,Werkstatt,Inspektion E-Bike,1,119.20,88.00
B102720,2025-12-08,München,Zubehör,Luftpumpe,2,49.80,19.80
B102721,2025-12-08,München,E-Bikes,E-Bike Trekking,1,3199.00,2170.00
B102722,2025-12-08,München,Werkstatt,Inspektion E-Bike,1,134.10,88.00
B102723,2025-12-08,Leipzig,E-Bikes,E-Bike Trekking,1,2943.08,2170.00
B102724,2025-12-09,Köln,e-bikes,E-Bike Trekking,1,2559.20,2170.00
B102725,2025-12-09,Köln,Werkstatt,Inspektion Standard,1,75.65,52.00
B102726,2025-12-09,Köln  ,Werkstatt,Inspektion Standard,1,71.20,52.00
B102727,2025-12-09,Köln,Fahrräder,Kinderrad 20 Zoll,1,263.20,205.00
B102728,2025-12-09,München,Bekleidung,Regenjacke,1,129.00,61.00
B102729,2025-12-09,München ,Werkstatt,Inspektion Standard,1,86.33,52.00
B102730,2025-12-09,München,Zubehör,Faltschloss,2,119.80,55.00
B102731,2025-12-09,München,Fahrräder,Trekkingrad Tour,1,872.03,560.00
B102732,2025-12-09,München,Zubehör,Lichtset LED,3,107.73,50.40
B102733,2025-12-10,Hamburg,Werkstatt,Schlauchwechsel,1,17.91,9.00
B102734,2025-12-10,München,Bekleidung,Handschuhe,2,53.82,23.00
B102735,2025-12-10,München ,Zubehör,Lichtset LED,2,71.82,33.60
B102736,2025-12-10,München,Bekleidung,Radhose,2,138.00,58.00
B102737,2025-12-10,Leipzig,Zubehör,Helm Urban,3,215.73,114.00
B102738,2025-12-10,Leipzig,Zubehör,Helm Urban,2,159.80,76.00
B102739,2025-12-11,Hamburg,E-Bikes,E-Bike Trekking,1,3199.00,2170.00
B102740,2025-12-11,Köln,zubehör,Faltschloss,2,89.85,55.00
B102741,2025-12-11,Köln,Bekleidung,Radhose,2,110.40,58.00
B102742,2025-12-11,Köln,Zubehör,Fahrradtasche,2,151.30,88.00
B102743,2025-12-11,München,Bekleidung,Regenjacke,1,122.55,61.00
B102744,2025-12-11,München,E-Bikes,E-Bike City,1,2499.00,1690.00
B102745,2025-12-11,München,Zubehör,Helm Urban,1,79.90,38.00
B102746,2025-12-12,Hamburg,fahrräder,Stadtrad Classic,1,649.00,410.00
B102747,2025-12-12,Hamburg,bekleidung,Handschuhe,1,29.90,11.50
B102748,2025-12-12,Hamburg,Fahrräder,Stadtrad Classic,1,629.53,410.00
B102749,2025-12-12,Hamburg,Bekleidung,Radhose,2,124.20,58.00
B102750,2025-12-12,Hamburg,Zubehör,Helm Urban,1,75.91,38.00
B102751,2025-12-12,Köln,Zubehör,Luftpumpe,3,59.76,29.70
B102752,2025-12-12,Köln,Werkstatt,Schlauchwechsel,1,14.92,9.00
B102753,2025-12-12,München,Werkstatt,Schlauchwechsel,1,18.90,9.00
B102754,2025-12-12,Leipzig,Fahrräder,Gravelbike Kies,1,1299.00,830.00
B102755,2025-12-13,Hamburg,E-Bikes,E-Lastenrad,1,4491.00,3490.00
B102756,2025-12-13,Hamburg,Bekleidung,Regenjacke,1,118.68,61.00
B102757,2025-12-13,Hamburg,E-Bikes,E-Bike Trekking,1,3199.00,2170.00
B102758,2025-12-13,Hamburg,werkstatt,Inspektion Standard,1,84.55,52.00
B102759,2025-12-13,Köln,e-bikes,E-Bike Trekking,1,2559.20,2170.00
B102760,2025-12-13,Köln,Bekleidung,Regenjacke,1,96.75,61.00
B102761,2025-12-13,Köln,Werkstatt,Inspektion Standard,1,71.20,52.00
B102762,2025-12-13,München,Werkstatt,Inspektion Standard,1,84.55,52.00
B102763,2025-12-13,München,Fahrräder,Stadtrad Classic,1,649.00,410.00
B102764,2025-12-13,München,Werkstatt,Inspektion Standard,1,89.00,52.00
B102765,2025-12-13,München,Bekleidung,Handschuhe,2,56.81,23.00
B102766,2025-12-13,Leipzig,Werkstatt,Inspektion E-Bike,1,149.00,88.00
B102767,2025-12-15,Köln,E-Bikes,E-Bike Trekking,1,2559.20,2170.00
B102768,2025-12-15,München,E-Bikes,E-Bike Trekking,1,3103.03,2170.00
B102769,2025-12-16,Hamburg,Zubehör,Helm Urban,2,151.81,76.00
B102770,2025-12-16,Hamburg ,E-Bikes,E-Bike Trekking,1,3199.00,2170.00
B102771,2025-12-16,Köln,Fahrräder,Kinderrad 20 Zoll,1,246.75,205.00
B102772,2025-12-16,Köln ,Werkstatt,Schlauchwechsel,1,16.91,9.00
B102773,2025-12-16,München,Werkstatt,Schlauchwechsel,1,18.90,9.00
B102774,2025-12-16,Leipzig,Zubehör,Faltschloss,1,56.90,27.50
B102775,2025-12-16,Leipzig,Zubehör,Lichtset LED,1,39.90,16.80
B102776,2025-12-17,Hamburg,Fahrräder,Trekkingrad Tour,1,899.00,560.00
B102777,2025-12-17,Hamburg,Zubehör,Luftpumpe,1,24.90,9.90
B102778,2025-12-17,Hamburg,Zubehör,Helm Urban,2,159.80,76.00
B102779,2025-12-17,Hamburg,Werkstatt,Inspektion E-Bike,1,141.55,88.00
B102780,2025-12-17,Köln,Werkstatt,Inspektion Standard,1,71.20,52.00
B102781,2025-12-17,Köln,Zubehör,Lichtset LED,1,31.92,16.80
B102782,2025-12-17,Köln,Werkstatt,Inspektion E-Bike,1,119.20,88.00
B102783,2025-12-17,München,fahrräder,Stadtrad Classic,1,649.00,410.00
B102784,2025-12-17,Leipzig  ,Fahrräder,Trekkingrad Tour,1,854.05,560.00
B102785,2025-12-18,Hamburg,Zubehör,Lichtset LED,3,116.11,50.40
B102786,2025-12-18,Hamburg,Bekleidung,Handschuhe,2,59.80,23.00
B102787,2025-12-18,Köln,E-Bikes,E-Bike City,1,1999.20,1690.00
B102788,2025-12-18,München,fahrräder,Kinderrad 20 Zoll,1,312.55,205.00
B102789,2025-12-18,München,Bekleidung,Handschuhe,1,28.40,11.50
B102790,2025-12-18,München,Werkstatt,Inspektion Standard,1,84.55,52.00
B102791,2025-12-18,Leipzig,Zubehör,Faltschloss,3,174.31,82.50
B102792,2025-12-19,Hamburg,Zubehör,Luftpumpe,3,70.96,29.70
B102793,2025-12-19,Hamburg,Werkstatt,Schlauchwechsel,1,18.90,9.00
B102794,2025-12-19,Hamburg,Fahrräder,Kinderrad 20 Zoll,1,329.00,205.00
B102795,2025-12-19,Köln,Bekleidung,Handschuhe,1,23.92,11.50
B102796,2025-12-19,München,Zubehör,Helm Urban,3,227.72,114.00
B102797,2025-12-19,München,Zubehör,Helm Urban,1,75.91,38.00
B102798,2025-12-19,München,fahrräder,Trekkingrad Tour,1,827.08,560.00
B102799,2025-12-20,Hamburg,Zubehör,Faltschloss,2,107.82,55.00
B102800,2025-12-20,Hamburg,Bekleidung,Regenjacke,1,125.13,61.00
B102801,2025-12-20,Hamburg,Fahrräder,Stadtrad Classic,1,616.55,410.00
B102802,2025-12-20,Hamburg,E-Bikes,E-Bike Trekking,1,3199.00,2170.00
B102803,2025-12-20,Köln,E-Bikes,E-Bike City,1,1999.20,1690.00
B102804,2025-12-20,Köln,Bekleidung,Handschuhe,1,23.92,11.50
B102805,2025-12-20,München  ,Fahrräder,Stadtrad Classic,1,616.55,410.00
B102806,2025-12-20,München,E-Bikes,E-Bike Trekking,1,3039.05,2170.00
B102807,2025-12-22,Hamburg,bekleidung,Handschuhe,1,29.90,11.50
B102808,2025-12-22,Köln,Fahrräder,Trekkingrad Tour,1,764.15,560.00
B102809,2025-12-22,Köln,Fahrräder,Kinderrad 20 Zoll,1,246.75,205.00
B102810,2025-12-22,Köln,Zubehör,Fahrradtasche,2,133.50,88.00
B102811,2025-12-22,München,Werkstatt,Inspektion E-Bike,1,141.55,88.00
B102812,2025-12-22,München,Bekleidung,Regenjacke,2,258.00,122.00
B102813,2025-12-22,München,Fahrräder,Trekkingrad Tour,1,899.00,560.00
B102814,2025-12-22,Leipzig,Werkstatt,Inspektion E-Bike,1,149.00,88.00
B102815,2025-12-23,Hamburg,Bekleidung,Regenjacke,1,129.00,61.00
B102816,2025-12-23,Hamburg,Zubehör,Fahrradtasche,2,178.00,88.00
B102817,2025-12-23,Köln,Werkstatt,Inspektion E-Bike,1,119.20,88.00
B102818,2025-12-23,Köln,Werkstatt,Inspektion E-Bike,1,111.75,88.00
B102819,2025-12-23,München,Werkstatt,Schlauchwechsel,1,19.90,9.00
B102820,2025-12-23,München,werkstatt,Schlauchwechsel,1,19.90,9.00
B102821,2025-12-23,München,Werkstatt,Inspektion Standard,1,89.00,52.00
B102822,2025-12-23,München,Zubehör,Helm Urban,3,239.70,114.00
B102823,2025-12-23,Leipzig,Werkstatt,Inspektion Standard,1,84.55,52.00
B102824,2025-12-24,Köln,Zubehör,Lichtset LED,3,95.76,50.40
B102825,2025-12-24,Köln,Zubehör,Lichtset LED,2,63.84,33.60
B102826,2025-12-24,München,zubehör,Fahrradtasche,2,178.00,88.00
B102827,2025-12-24,München,Zubehör,Fahrradtasche,1,84.55,44.00
B102828,2025-12-24,München,Zubehör,Luftpumpe,3,70.96,29.70
B102829,2025-12-24,München,zubehör,Helm Urban,3,215.73,114.00
B102830,2025-12-24,Leipzig,Zubehör,Fahrradtasche,2,160.20,88.00
B102831,2025-12-25,Köln,Zubehör,Lichtset LED,1,31.92,16.80
B102832,2025-12-25,Köln,Fahrräder,Trekkingrad Tour,1,719.20,560.00
B102833,2025-12-25,Leipzig,Werkstatt,Schlauchwechsel,1,17.91,9.00
B102834,2025-12-26,Hamburg,Zubehör,Faltschloss,1,53.91,27.50
B102835,2025-12-26,Köln,Zubehör,Faltschloss,1,44.92,27.50
B102836,2025-12-26,München,Fahrräder,Stadtrad Classic,1,649.00,410.00
B102837,2025-12-26,Leipzig,Werkstatt,Inspektion Standard,1,89.00,52.00
B102838,2025-12-27,Hamburg,Werkstatt,Inspektion E-Bike,1,149.00,88.00
B102839,2025-12-27,Hamburg,E-Bikes,E-Lastenrad,1,4740.50,3490.00
B102840,2025-12-27,Hamburg,Zubehör,Helm Urban,2,159.80,76.00
B102841,2025-12-27,Hamburg,Zubehör,Luftpumpe,3,70.96,29.70
B102842,2025-12-27,Hamburg,Zubehör,Fahrradtasche,3,240.30,132.00
B102843,2025-12-27,Hamburg,Werkstatt,Inspektion Standard,1,84.55,52.00
B102844,2025-12-27,Köln ,Zubehör,Lichtset LED,1,29.92,16.80
B102845,2025-12-27,Köln,Zubehör,Fahrradtasche,2,151.30,88.00
B102846,2025-12-27,Köln,Werkstatt,Inspektion Standard,1,75.65,52.00
B102847,2025-12-27,Köln,Zubehör,Faltschloss,2,101.83,55.00
B102848,2025-12-27,München,e-bikes,E-Bike Trekking,1,3199.00,2170.00
B102849,2025-12-27,Leipzig,Werkstatt,Inspektion Standard,1,84.55,52.00
B102850,2025-12-27,Leipzig,Bekleidung,Regenjacke,2,232.20,122.00
B102851,2025-12-29,Hamburg,Zubehör,Fahrradtasche,3,253.65,132.00
B102852,2025-12-29,Hamburg,Zubehör,Helm Urban,3,239.70,114.00
B102853,2025-12-29,Hamburg,E-Bikes,E-Bike City,1,2249.10,1690.00
B102854,2025-12-29,Hamburg,Werkstatt,Inspektion E-Bike,1,134.10,88.00
B102855,2025-12-29,Hamburg,Werkstatt,Inspektion Standard,1,86.33,52.00
B102856,2025-12-29,Köln,Zubehör,Helm Urban,2,127.84,76.00
B102857,2025-12-29,Köln,Zubehör,Helm Urban,2,127.84,76.00
B102858,2025-12-29,München,Zubehör,Fahrradtasche,2,160.20,88.00
B102859,2025-12-29,München,Zubehör,Faltschloss,3,179.70,82.50
B102860,2025-12-29,Leipzig ,Zubehör,Fahrradtasche,1,84.55,44.00
B102861,2025-12-29,Leipzig,Bekleidung,Regenjacke,2,245.10,122.00
B102862,2025-12-30,Hamburg  ,Zubehör,Lichtset LED,3,107.73,50.40
B102863,2025-12-30,Hamburg,Zubehör,Helm Urban,1,79.90,38.00
B102864,2025-12-30,Hamburg,Werkstatt,Inspektion Standard,1,80.10,52.00
B102865,2025-12-30,Köln,Zubehör,Helm Urban,1,63.92,38.00
B102866,2025-12-30,München,Zubehör,Lichtset LED,2,77.41,33.60
B102867,2025-12-30,München,Werkstatt,Schlauchwechsel,1,18.90,9.00
B102868,2025-12-30,München,Werkstatt,Schlauchwechsel,1,19.90,9.00
B102869,2025-12-31,Hamburg  ,Werkstatt,Schlauchwechsel,1,19.90,9.00
B102870,2025-12-31,Hamburg,Werkstatt,Inspektion E-Bike,1,149.00,88.00
B102871,2025-12-31,Köln,Fahrräder,Kinderrad 20 Zoll,1,246.75,205.00
B102872,2025-12-31,Köln,Zubehör,Faltschloss,3,143.76,82.50
B102873,2025-12-31,Köln ,Fahrräder,Trekkingrad Tour,1,719.20,560.00
B102874,2025-12-31,Köln,Werkstatt,Schlauchwechsel,1,14.92,9.00
B102875,2025-12-31,München,Fahrräder,Gravelbike Kies,1,1299.00,830.00
B102876,2025-12-31,München,Bekleidung,Regenjacke,2,258.00,122.00
B102877,2025-12-31,München,fahrräder,Stadtrad Classic,1,629.53,410.00
