BuchungsID;Personalnr;Kursnr;Kurstitel;Buchungsdatum;Kursbeginn;Kursende;Status;Stunden;Kosten;Feedback
253170;396;K-002;Arbeitsschutz-Unterweisung;04.11.2024;03.01.2025;03.01.2025;abgeschlossen;2;0,00 €;
252191;273;K-001;Datenschutz-Grundlagen;06.11.2024;03.01.2025;03.01.2025;teilgenommen;1;0,00 €;
253207;400;K-003;Verhaltenskodex & Compliance;06.11.2024;03.01.2025;03.01.2025;Abgeschlossen;1;0,00 €;4
252731;343;K-003;Verhaltenskodex & Compliance;08.11.2024;06.01.2025;06.01.2025;abgeschlossen;1;0,00 €;4
251734;213;K-003;Verhaltenskodex & Compliance;11.11.2024;07.01.2025;07.01.2025;abgeschlossen;1;0,00 €;3
252602;325;K-002;Arbeitsschutz-Unterweisung;11.11.2024;06.01.2025;06.01.2025;abgeschlossen;2;0,00 €;5
252080;258;K-003;Verhaltenskodex & Compliance;12.11.2024;02.01.2025;02.01.2025;teilgenommen;1;0,00 €;
252800;352;K-003;Verhaltenskodex & Compliance;12.11.2024;02.01.2025;02.01.2025;abgeschlossen;1;0,00 €;4
253020;378;K-002;Arbeitsschutz-Unterweisung;13.11.2024;06.01.2025;06.01.2025;teilgenommen;2;0,00 €;5
253152;394;K-003;Verhaltenskodex & Compliance;13.11.2024;07.01.2025;07.01.2025;abgeschlossen;1;0,00 €;4
251178;146;K-003;Verhaltenskodex & Compliance;15.11.2024;03.01.2025;03.01.2025;abgeschlossen;1;0,00 €;4
253240;405;K-002;Arbeitsschutz-Unterweisung;17.11.2024;10.01.2025;10.01.2025;abgeschlossen;2;0,00 €;2
251169;145;K-202;Konfliktgespräche führen;20.11.2024;03.01.2025;03.01.2025;teilgenommen;8;664,88 €;
252955;370;K-003;Verhaltenskodex & Compliance;20.11.2024;15.01.2025;15.01.2025;abgeschlossen;1;0,00 €;2
251549;191;K-002;Arbeitsschutz-Unterweisung;21.11.2024;14.01.2025;14.01.2025;abgeschlossen;2;0,00 €;
252467;308;K-001;Datenschutz-Grundlagen;21.11.2024;14.01.2025;14.01.2025;abgeschlossen;1;0,00 €;4
250263;34;K-302;CNC-Programmierung;22.11.2024;08.01.2025;10.01.2025;storniert;0;668,02 €;
250825;105;K-001;Datenschutz-Grundlagen;22.11.2024;16.01.2025;16.01.2025;Abgeschlossen;1;0,00 €;
251125;140;K-003;Verhaltenskodex & Compliance;22.11.2024;15.01.2025;15.01.2025;teilgenommen;1;0,00 €;2
253137;393;K-002;Arbeitsschutz-Unterweisung;23.11.2024;16.01.2025;16.01.2025;Abgeschlossen;2;0,00 €;3
251289;160;K-002;Arbeitsschutz-Unterweisung;24.11.2024;10.01.2025;10.01.2025;abgeschlossen;2;0,00 €;
251291;160;K-003;Verhaltenskodex & Compliance;24.11.2024;03.01.2025;03.01.2025;abgeschlossen;1;0,00 €;
251523;188;K-502;Deutsch am Arbeitsplatz;24.11.2024;02.01.2025;03.01.2025;abgeschlossen;20;388,70 €;4
252552;319;K-003;Verhaltenskodex & Compliance;25.11.2024;14.01.2025;14.01.2025;teilgenommen;1;0,00 €;
252606;325;K-501;Business English B1;25.11.2024;20.01.2025;21.01.2025;abgeschlossen;20;576,24 €;4
250584;74;K-003;Verhaltenskodex & Compliance;26.11.2024;07.01.2025;07.01.2025;teilgenommen;1;0,00 €;
252337;292;K-001;Datenschutz-Grundlagen;26.11.2024;16.01.2025;16.01.2025;abgeschlossen;1;0,00 €;4
252748;346;K-002;Arbeitsschutz-Unterweisung;26.11.2024;20.01.2025;20.01.2025;Abgeschlossen;2;0,00 €;3
251394;173;K-401;Staplerschein;27.11.2024;03.01.2025;04.01.2025;abgeschlossen;16;431,64 €;
251616;199;K-201;Führung Basis;27.11.2024;20.01.2025;22.01.2025;abgeschlossen;24;1.725,50 €;
253116;390;K-003;Verhaltenskodex & Compliance;28.11.2024;13.01.2025;13.01.2025;Abgeschlossen;1;0,00 €;
253336;417;K-106;SAP S/4 Anwendertraining;28.11.2024;14.01.2025;14.01.2025;abgeschlossen;8;0,00 €;3
250025;3;K-303;Schweißtechnik Auffrischung;29.11.2024;08.01.2025;09.01.2025;ABGESCHLOSSEN ;16;725,24 €;
252616;327;K-003;Verhaltenskodex & Compliance;29.11.2024;23.01.2025;23.01.2025;ABGESCHLOSSEN ;1;0,00 €;
252949;369;K-104;IT-Sicherheit für alle;29.11.2024;10.01.2025;10.01.2025;ABGESCHLOSSEN ;2;0,00 €;3
252988;374;K-001;Datenschutz-Grundlagen;29.11.2024;20.01.2025;20.01.2025;abgeschlossen;1;0,00 €;4
253172;396;K-003;Verhaltenskodex & Compliance;29.11.2024;16.01.2025;16.01.2025;abgeschlossen;1;0,00 €;4
250294;37;K-301;Lean Production;30.11.2024;28.01.2025;29.01.2025;abgeschlossen;16;1.027,39 €;5
251389;173;K-001;Datenschutz-Grundlagen;01.12.2024;28.01.2025;28.01.2025;ABGESCHLOSSEN ;1;0,00 €;
252948;369;K-003;Verhaltenskodex & Compliance;01.12.2024;03.01.2025;03.01.2025;abgeschlossen;1;0,00 €;
251579;195;K-106;SAP S/4 Anwendertraining;02.12.2024;06.01.2025;06.01.2025;No-Show;0;0,00 €;
252809;354;K-001;Datenschutz-Grundlagen;02.12.2024;28.01.2025;28.01.2025;abgeschlossen;1;0,00 €;
253078;385;K-003;Verhaltenskodex & Compliance;03.12.2024;14.01.2025;14.01.2025;abgeschlossen;1;0,00 €;3
251260;155;K-003;Verhaltenskodex & Compliance;04.12.2024;07.01.2025;07.01.2025;abgeschlossen;1;0,00 €;3
252542;318;K-002;Arbeitsschutz-Unterweisung;04.12.2024;30.01.2025;30.01.2025;abgeschlossen;2;0,00 €;3
250548;70;K-002;Arbeitsschutz-Unterweisung;05.12.2024;09.01.2025;09.01.2025;ABGESCHLOSSEN ;2;0,00 €;
251540;190;K-003;Verhaltenskodex & Compliance;05.12.2024;15.01.2025;15.01.2025;abgeschlossen;1;0,00 €;
252806;353;K-002;Arbeitsschutz-Unterweisung;05.12.2024;30.01.2025;30.01.2025;teilgenommen;2;0,00 €;4
251248;154;K-002;Arbeitsschutz-Unterweisung;06.12.2024;03.01.2025;03.01.2025;abgeschlossen;2;0,00 €;5
251266;156;K-002;Arbeitsschutz-Unterweisung;06.12.2024;22.01.2025;22.01.2025;abgeschlossen;2;0,00 €;3
251694;208;K-002;Arbeitsschutz-Unterweisung;06.12.2024;13.01.2025;13.01.2025;abgeschlossen;2;0,00 €;5
252926;367;K-305;Projektmanagement Basis;06.12.2024;04.02.2025;05.02.2025;abgeschlossen;16;979,73 €;
251272;157;K-003;Verhaltenskodex & Compliance;07.12.2024;31.01.2025;31.01.2025;abgeschlossen;1;0,00 €;2
251791;221;K-001;Datenschutz-Grundlagen;07.12.2024;02.01.2025;02.01.2025;abgeschlossen;1;0,00 €;
252180;271;K-402;Erste Hilfe;07.12.2024;13.01.2025;13.01.2025;abgeschlossen;9;63,04 €;4
250605;78;K-002;Arbeitsschutz-Unterweisung;08.12.2024;21.01.2025;21.01.2025;abgeschlossen;2;0,00 €;4
252041;252;K-003;Verhaltenskodex & Compliance;08.12.2024;08.01.2025;08.01.2025;abgeschlossen;1;0,00 €;3
252642;331;K-001;Datenschutz-Grundlagen;08.12.2024;07.01.2025;07.01.2025;abgeschlossen;1;0,00 €;3
252739;344;K-002;Arbeitsschutz-Unterweisung;08.12.2024;24.01.2025;24.01.2025;ABGESCHLOSSEN ;2;0,00 €;5
251415;176;K-002;Arbeitsschutz-Unterweisung;09.12.2024;24.01.2025;24.01.2025;abgeschlossen;2;0,00 €;5
251898;234;K-003;Verhaltenskodex & Compliance;09.12.2024;09.01.2025;09.01.2025;abgeschlossen;1;0,00 €;3
250313;40;K-003;Verhaltenskodex & Compliance;11.12.2024;07.01.2025;07.01.2025;abgeschlossen;1;0,00 €;3
250609;78;K-402;Erste Hilfe;11.12.2024;14.01.2025;14.01.2025;abgeschlossen;9;63,77 €;5
252342;293;K-002;Arbeitsschutz-Unterweisung;11.12.2024;31.01.2025;31.01.2025;ABGESCHLOSSEN ;2;0,00 €;5
252377;297;K-001;Datenschutz-Grundlagen;11.12.2024;06.01.2025;06.01.2025;abgeschlossen;1;0,00 €;3
252708;340;K-001;Datenschutz-Grundlagen;11.12.2024;08.01.2025;08.01.2025;abgeschlossen;1;0,00 €;3
252902;364;K-305;Projektmanagement Basis;11.12.2024;13.01.2025;14.01.2025;ABGESCHLOSSEN ;16;977,70 €;4
252106;262;K-003;Verhaltenskodex & Compliance;12.12.2024;08.01.2025;08.01.2025;abgeschlossen;1;0,00 €;3
252549;319;K-002;Arbeitsschutz-Unterweisung;12.12.2024;03.01.2025;03.01.2025;ABGESCHLOSSEN ;2;0,00 €;
250689;87;K-003;Verhaltenskodex & Compliance;13.12.2024;24.01.2025;24.01.2025;abgeschlossen;1;0,00 €;3
252104;262;K-001;Datenschutz-Grundlagen;13.12.2024;13.01.2025;13.01.2025;abgeschlossen;1;0,00 €;5
253110;389;K-003;Verhaltenskodex & Compliance;13.12.2024;22.01.2025;22.01.2025;teilgenommen;1;0,00 €;4
250233;30;K-002;Arbeitsschutz-Unterweisung;14.12.2024;02.01.2025;02.01.2025;abgeschlossen;2;0,00 €;5
250309;40;K-001;Datenschutz-Grundlagen;14.12.2024;17.01.2025;17.01.2025;teilgenommen;1;0,00 €;3
250459;57;K-003;Verhaltenskodex & Compliance;14.12.2024;04.02.2025;04.02.2025;abgeschlossen;1;0,00 €;
250735;94;K-002;Arbeitsschutz-Unterweisung;14.12.2024;10.01.2025;10.01.2025;abgeschlossen;2;0,00 €;
251367;169;K-003;Verhaltenskodex & Compliance;14.12.2024;10.01.2025;10.01.2025;abgeschlossen;1;0,00 €;3
250595;76;K-003;Verhaltenskodex & Compliance;15.12.2024;21.01.2025;21.01.2025;abgeschlossen;1;0,00 €;3
251175;146;K-002;Arbeitsschutz-Unterweisung;15.12.2024;15.01.2025;15.01.2025;abgeschlossen;2;0,00 €;5
252501;312;K-101;Excel Aufbau;15.12.2024;07.02.2025;07.02.2025;abgeschlossen;8;299,53 €;
252750;346;K-003;Verhaltenskodex & Compliance;15.12.2024;15.01.2025;15.01.2025;abgeschlossen;1;0,00 €;3
250883;111;K-003;Verhaltenskodex & Compliance;16.12.2024;06.01.2025;06.01.2025;abgeschlossen;1;0,00 €;3
251020;129;K-002;Arbeitsschutz-Unterweisung;16.12.2024;28.01.2025;28.01.2025;abgeschlossen;2;0,00 €;3
253127;392;K-001;Datenschutz-Grundlagen;16.12.2024;07.02.2025;07.02.2025;abgeschlossen;1;0,00 €;3
251433;178;K-002;Arbeitsschutz-Unterweisung;17.12.2024;14.01.2025;14.01.2025;abgeschlossen;2;0,00 €;3
251636;201;K-502;Deutsch am Arbeitsplatz;17.12.2024;12.02.2025;13.02.2025;storniert ;0;182,08 €;
252266;282;K-402;Erste Hilfe;17.12.2024;02.01.2025;02.01.2025;abgeschlossen;9;65,81 €;3
253161;395;K-003;Verhaltenskodex & Compliance;17.12.2024;07.01.2025;07.01.2025;abgeschlossen;1;0,00 €;4
250643;83;K-002;Arbeitsschutz-Unterweisung;18.12.2024;10.01.2025;10.01.2025;abgeschlossen;2;0,00 €;5
250704;89;K-002;Arbeitsschutz-Unterweisung;18.12.2024;16.01.2025;16.01.2025;ABGESCHLOSSEN ;2;0,00 €;4
251151;144;K-002;Arbeitsschutz-Unterweisung;18.12.2024;17.01.2025;17.01.2025;abgeschlossen;2;0,00 €;4
251945;242;K-001;Datenschutz-Grundlagen;18.12.2024;22.01.2025;22.01.2025;Abgeschlossen;1;0,00 €;4
252348;294;K-001;Datenschutz-Grundlagen;18.12.2024;14.02.2025;14.02.2025;Abgeschlossen;1;0,00 €;4
253102;388;K-001;Datenschutz-Grundlagen;18.12.2024;10.02.2025;10.02.2025;abgeschlossen;1;0,00 €;4
253138;393;K-003;Verhaltenskodex & Compliance;19.12.2024;30.01.2025;30.01.2025;abgeschlossen;1;0,00 €;4
250071;10;K-001;Datenschutz-Grundlagen;20.12.2024;06.01.2025;06.01.2025;abgeschlossen;1;0,00 €;3
252204;274;K-402;Erste Hilfe;20.12.2024;07.01.2025;07.01.2025;abgeschlossen;9;68,16 €;4
252405;301;K-001;Datenschutz-Grundlagen;20.12.2024;17.01.2025;17.01.2025;teilgenommen;1;0,00 €;4
252580;323;K-202;Konfliktgespräche führen;20.12.2024;06.02.2025;06.02.2025;abgeschlossen;8;688,14 €;4
252987;373;K-105;Cloud-Architektur Zertifizierung;20.12.2024;10.02.2025;13.02.2025;abgeschlossen;32;2.342,88 €;
253345;418;K-106;SAP S/4 Anwendertraining;20.12.2024;06.02.2025;06.02.2025;abgeschlossen;8;0,00 €;2
252383;298;K-001;Datenschutz-Grundlagen;21.12.2024;15.01.2025;15.01.2025;teilgenommen;1;0,00 €;3
251702;209;K-002;Arbeitsschutz-Unterweisung;22.12.2024;06.01.2025;06.01.2025;abgeschlossen;2;0,00 €;3
252302;287;K-002;Arbeitsschutz-Unterweisung;22.12.2024;09.01.2025;09.01.2025;abgeschlossen;2;0,00 €;
251018;128;K-302;CNC-Programmierung;23.12.2024;07.02.2025;09.02.2025;abgeschlossen;24;1.403,67 €;5
251504;186;K-001;Datenschutz-Grundlagen;23.12.2024;10.01.2025;10.01.2025;abgeschlossen;1;0,00 €;
252229;278;K-001;Datenschutz-Grundlagen;23.12.2024;07.02.2025;07.02.2025;ABGESCHLOSSEN ;1;0,00 €;4
250041;6;K-002;Arbeitsschutz-Unterweisung;24.12.2024;30.01.2025;30.01.2025;abgeschlossen;2;0,00 €;
250111;14;K-003;Verhaltenskodex & Compliance;24.12.2024;04.02.2025;04.02.2025;abgeschlossen;1;0,00 €;
252479;310;K-001;Datenschutz-Grundlagen;24.12.2024;14.01.2025;14.01.2025;abgeschlossen;1;0,00 €;
252730;343;K-002;Arbeitsschutz-Unterweisung;24.12.2024;08.01.2025;08.01.2025;teilgenommen;2;0,00 €;
250392;49;K-301;Lean Production;25.12.2024;15.01.2025;16.01.2025;abgeschlossen;16;1.009,82 €;
250880;111;K-002;Arbeitsschutz-Unterweisung;25.12.2024;14.01.2025;14.01.2025;abgeschlossen;2;0,00 €;
251839;226;K-305;Projektmanagement Basis;25.12.2024;22.01.2025;23.01.2025;Storniert;0;0,00 €;
251884;232;K-001;Datenschutz-Grundlagen;25.12.2024;13.02.2025;13.02.2025;Abgeschlossen;1;0,00 €;
252415;301;K-304;Qualitätsmanagement ISO 9001;25.12.2024;13.01.2025;14.01.2025;teilgenommen;12;843,60 €;5
252504;313;K-001;Datenschutz-Grundlagen;25.12.2024;02.01.2025;02.01.2025;abgeschlossen;1;0,00 €;2
252707;339;K-003;Verhaltenskodex & Compliance;25.12.2024;02.01.2025;02.01.2025;abgeschlossen;1;0,00 €;4
252707;339;K-003;Verhaltenskodex & Compliance;25.12.2024;02.01.2025;02.01.2025;abgeschlossen;1;0,00 €;4
253114;390;K-002;Arbeitsschutz-Unterweisung;25.12.2024;07.02.2025;07.02.2025;abgeschlossen;2;0,00 €;
253322;416;K-002;Arbeitsschutz-Unterweisung;25.12.2024;21.02.2025;21.02.2025;abgeschlossen;2;0,00 €;3
250367;47;K-001;Datenschutz-Grundlagen;26.12.2024;17.02.2025;17.02.2025;teilgenommen;1;0,00 €;4
250835;106;K-002;Arbeitsschutz-Unterweisung;26.12.2024;21.01.2025;21.01.2025;abgeschlossen;2;0,00 €;
251041;131;K-002;Arbeitsschutz-Unterweisung;26.12.2024;21.01.2025;21.01.2025;ABGESCHLOSSEN ;2;0,00 €;4
252574;323;K-002;Arbeitsschutz-Unterweisung;26.12.2024;06.02.2025;06.02.2025;abgeschlossen;2;0,00 €;
252675;334;K-104;IT-Sicherheit für alle;26.12.2024;06.02.2025;06.02.2025;abgeschlossen;2;0,00 €;3
253270;408;K-003;Verhaltenskodex & Compliance;26.12.2024;10.01.2025;10.01.2025;abgeschlossen;1;0,00 €;3
252063;256;K-001;Datenschutz-Grundlagen;27.12.2024;20.02.2025;20.02.2025;abgeschlossen;1;0,00 €;3
252112;263;K-104;IT-Sicherheit für alle;27.12.2024;17.02.2025;17.02.2025;abgeschlossen;2;0,00 €;3
253000;375;K-003;Verhaltenskodex & Compliance;27.12.2024;14.01.2025;14.01.2025;abgeschlossen;1;0,00 €;4
253082;386;K-001;Datenschutz-Grundlagen;27.12.2024;23.01.2025;23.01.2025;abgeschlossen;1;0,00 €;3
250240;30;K-302;CNC-Programmierung;28.12.2024;25.02.2025;27.02.2025;abgeschlossen;24;1.330,28 €;3
250756;96;K-502;Deutsch am Arbeitsplatz;28.12.2024;05.02.2025;06.02.2025;abgeschlossen;20;368,93 €;
252423;302;K-203;Feedback & Mitarbeitergespräch;28.12.2024;20.02.2025;20.02.2025;ABGESCHLOSSEN ;4;0,00 €;3
252789;351;K-001;Datenschutz-Grundlagen;28.12.2024;13.02.2025;13.02.2025;abgeschlossen;1;0,00 €;
250081;11;K-003;Verhaltenskodex & Compliance;29.12.2024;25.02.2025;25.02.2025;abgeschlossen;1;0,00 €;3
250457;57;K-001;Datenschutz-Grundlagen;29.12.2024;08.01.2025;08.01.2025;abgeschlossen;1;0,00 €;3
251007;127;K-003;Verhaltenskodex & Compliance;29.12.2024;03.02.2025;03.02.2025;abgeschlossen;1;0,00 €;5
251509;187;K-001;Datenschutz-Grundlagen;29.12.2024;24.02.2025;24.02.2025;abgeschlossen;1;0,00 €;
251584;196;K-003;Verhaltenskodex & Compliance;29.12.2024;09.01.2025;09.01.2025;abgeschlossen;1;0,00 €;3
252367;295;K-003;Verhaltenskodex & Compliance;29.12.2024;29.01.2025;29.01.2025;abgeschlossen;1;0,00 €;
252691;337;K-001;Datenschutz-Grundlagen;29.12.2024;09.01.2025;09.01.2025;abgeschlossen;1;0,00 €;
250115;15;K-002;Arbeitsschutz-Unterweisung;30.12.2024;14.02.2025;14.02.2025;Abgeschlossen;2;0,00 €;3
250629;81;K-003;Verhaltenskodex & Compliance;30.12.2024;30.01.2025;30.01.2025;abgeschlossen;1;0,00 €;
251067;133;K-201;Führung Basis;30.12.2024;26.02.2025;28.02.2025;abgeschlossen;24;1.728,20 €;5
252083;259;K-001;Datenschutz-Grundlagen;30.12.2024;31.01.2025;31.01.2025;abgeschlossen;1;0,00 €;
252130;266;K-001;Datenschutz-Grundlagen;30.12.2024;27.01.2025;27.01.2025;ABGESCHLOSSEN ;1;0,00 €;4
252255;282;K-001;Datenschutz-Grundlagen;30.12.2024;18.02.2025;18.02.2025;abgeschlossen;1;0,00 €;5
252288;285;K-003;Verhaltenskodex & Compliance;30.12.2024;14.01.2025;14.01.2025;ABGESCHLOSSEN ;1;0,00 €;
252583;323;K-202;Konfliktgespräche führen;30.12.2024;20.02.2025;20.02.2025;teilgenommen;8;707,58 €;4
252746;346;K-001;Datenschutz-Grundlagen;30.12.2024;15.01.2025;15.01.2025;abgeschlossen;1;0,00 €;4
251675;206;K-002;Arbeitsschutz-Unterweisung;31.12.2024;26.02.2025;26.02.2025;abgeschlossen;2;0,00 €;4
251857;229;K-001;Datenschutz-Grundlagen;31.12.2024;07.01.2025;07.01.2025;abgeschlossen;1;0,00 €;
252603;325;K-003;Verhaltenskodex & Compliance;31.12.2024;08.01.2025;08.01.2025;abgeschlossen;1;0,00 €;3
252798;352;K-002;Arbeitsschutz-Unterweisung;31.12.2024;06.02.2025;06.02.2025;ABGESCHLOSSEN ;2;0,00 €;2
251134;142;K-001;Datenschutz-Grundlagen;01.01.2025;25.02.2025;25.02.2025;Abgeschlossen;1;0,00 €;3
251471;182;K-003;Verhaltenskodex & Compliance;01.01.2025;21.02.2025;21.02.2025;abgeschlossen;1;0,00 €;5
251582;196;K-001;Datenschutz-Grundlagen;01.01.2025;04.02.2025;04.02.2025;teilgenommen;1;0,00 €;
251629;201;K-002;Arbeitsschutz-Unterweisung;01.01.2025;12.02.2025;12.02.2025;abgeschlossen;2;0,00 €;5
251644;202;K-401;Staplerschein;01.01.2025;13.01.2025;14.01.2025;abgeschlossen;16;410,23 €;5
252925;367;K-003;Verhaltenskodex & Compliance;01.01.2025;28.01.2025;28.01.2025;abgeschlossen;1;0,00 €;4
253012;377;K-001;Datenschutz-Grundlagen;01.01.2025;13.01.2025;13.01.2025;abgeschlossen;1;0,00 €;
251071;134;K-002;Arbeitsschutz-Unterweisung;02.01.2025;06.02.2025;06.02.2025;abgeschlossen;2;0,00 €;4
251216;151;K-001;Datenschutz-Grundlagen;02.01.2025;25.02.2025;25.02.2025;abgeschlossen;1;0,00 €;
250524;66;K-303;Schweißtechnik Auffrischung;03.01.2025;05.02.2025;06.02.2025;ABGESCHLOSSEN ;16;754,87 €;4
250563;72;K-001;Datenschutz-Grundlagen;03.01.2025;21.02.2025;21.02.2025;abgeschlossen;1;0,00 €;3
251159;145;K-002;Arbeitsschutz-Unterweisung;03.01.2025;25.02.2025;25.02.2025;abgeschlossen;2;0,00 €;
251563;193;K-003;Verhaltenskodex & Compliance;03.01.2025;22.01.2025;22.01.2025;abgeschlossen;1;0,00 €;4
251589;197;K-002;Arbeitsschutz-Unterweisung;03.01.2025;04.02.2025;04.02.2025;teilgenommen;2;0,00 €;4
252927;367;K-105;Cloud-Architektur Zertifizierung;03.01.2025;21.02.2025;24.02.2025;abgeschlossen;32;2.420,47 €;4
252983;373;K-002;Arbeitsschutz-Unterweisung;03.01.2025;04.02.2025;04.02.2025;Abgeschlossen;2;0,00 €;3
251566;194;K-002;Arbeitsschutz-Unterweisung;04.01.2025;04.03.2025;04.03.2025;Abgeschlossen;2;0,00 €;3
251859;229;K-003;Verhaltenskodex & Compliance;04.01.2025;19.02.2025;19.02.2025;abgeschlossen;1;0,00 €;4
251940;240;K-003;Verhaltenskodex & Compliance;04.01.2025;24.01.2025;24.01.2025;abgeschlossen;1;0,00 €;4
253235;404;K-003;Verhaltenskodex & Compliance;04.01.2025;05.02.2025;05.02.2025;ABGESCHLOSSEN ;1;0,00 €;4
250008;1;K-201;Führung Basis;05.01.2025;13.02.2025;15.02.2025;Nicht erschienen;0;1.625,74 €;
252289;285;K-104;IT-Sicherheit für alle;05.01.2025;23.01.2025;23.01.2025;abgeschlossen;2;0,00 €;4
252804;353;K-001;Datenschutz-Grundlagen;05.01.2025;22.01.2025;22.01.2025;abgeschlossen;1;0,00 €;
251826;225;K-002;Arbeitsschutz-Unterweisung;06.01.2025;05.02.2025;05.02.2025;teilgenommen;2;0,00 €;3
250473;60;K-001;Datenschutz-Grundlagen;07.01.2025;19.02.2025;19.02.2025;abgeschlossen;1;0,00 €;
250952;120;K-003;Verhaltenskodex & Compliance;07.01.2025;05.02.2025;05.02.2025;abgeschlossen;1;0,00 €;3
251031;130;K-002;Arbeitsschutz-Unterweisung;07.01.2025;19.02.2025;19.02.2025;Abgeschlossen;2;0,00 €;4
251303;161;K-003;Verhaltenskodex & Compliance;07.01.2025;04.02.2025;04.02.2025;abgeschlossen;1;0,00 €;
252239;279;K-003;Verhaltenskodex & Compliance;07.01.2025;05.03.2025;05.03.2025;abgeschlossen;1;0,00 €;4
250816;104;K-002;Arbeitsschutz-Unterweisung;08.01.2025;20.01.2025;20.01.2025;ABGESCHLOSSEN ;2;0,00 €;3
252498;312;K-002;Arbeitsschutz-Unterweisung;08.01.2025;06.03.2025;06.03.2025;abgeschlossen;2;0,00 €;3
253021;378;K-003;Verhaltenskodex & Compliance;08.01.2025;24.01.2025;24.01.2025;Abgeschlossen;1;0,00 €;3
253355;420;K-001;Datenschutz-Grundlagen;08.01.2025;16.01.2025;16.01.2025;Abgeschlossen;1;0,00 €;3
250006;1;K-002;Arbeitsschutz-Unterweisung;09.01.2025;26.02.2025;26.02.2025;teilgenommen;2;0,00 €;
250065;9;K-002;Arbeitsschutz-Unterweisung;09.01.2025;07.02.2025;07.02.2025;abgeschlossen;2;0,00 €;4
250817;104;K-003;Verhaltenskodex & Compliance;09.01.2025;05.02.2025;05.02.2025;Abgeschlossen;1;0,00 €;
251372;170;K-003;Verhaltenskodex & Compliance;09.01.2025;18.02.2025;18.02.2025;abgeschlossen;1;0,00 €;3
252626;328;K-003;Verhaltenskodex & Compliance;09.01.2025;21.01.2025;21.01.2025;abgeschlossen;1;0,00 €;
252951;370;K-001;Datenschutz-Grundlagen;09.01.2025;11.02.2025;11.02.2025;abgeschlossen;1;0,00 €;3
253254;406;K-003;Verhaltenskodex & Compliance;09.01.2025;05.03.2025;05.03.2025;teilgenommen;1;0,00 €;4
250971;123;K-001;Datenschutz-Grundlagen;10.01.2025;24.01.2025;24.01.2025;abgeschlossen;1;0,00 €;
251207;150;K-001;Datenschutz-Grundlagen;10.01.2025;24.02.2025;24.02.2025;abgeschlossen;1;0,00 €;3
251812;223;K-003;Verhaltenskodex & Compliance;10.01.2025;06.03.2025;06.03.2025;abgeschlossen;1;0,00 €;
251976;245;K-102;Power BI Grundlagen;10.01.2025;26.02.2025;27.02.2025;abgeschlossen;16;848,24 €;3
253236;404;K-305;Projektmanagement Basis;10.01.2025;06.02.2025;07.02.2025;abgeschlossen;16;934,71 €;
250660;84;K-103;KI im Arbeitsalltag;11.01.2025;07.02.2025;07.02.2025;Abgeschlossen;4;0,00 €;5
250660;84;K-103;KI im Arbeitsalltag;11.01.2025;07.02.2025;07.02.2025;Abgeschlossen;4;0,00 €;5
251864;229;K-103;KI im Arbeitsalltag;11.01.2025;10.02.2025;10.02.2025;abgeschlossen;4;0,00 €;3
252085;259;K-002;Arbeitsschutz-Unterweisung;11.01.2025;20.01.2025;20.01.2025;abgeschlossen;2;0,00 €;
252427;303;K-003;Verhaltenskodex & Compliance;11.01.2025;13.02.2025;13.02.2025;abgeschlossen;1;0,00 €;5
253346;419;K-001;Datenschutz-Grundlagen;11.01.2025;21.01.2025;21.01.2025;abgeschlossen;1;0,00 €;3
250242;31;K-002;Arbeitsschutz-Unterweisung;12.01.2025;19.02.2025;19.02.2025;teilgenommen;2;0,00 €;4
250267;35;K-002;Arbeitsschutz-Unterweisung;12.01.2025;17.02.2025;17.02.2025;abgeschlossen;2;0,00 €;
250267;35;K-002;Arbeitsschutz-Unterweisung;12.01.2025;17.02.2025;17.02.2025;abgeschlossen;2;0,00 €;
250523;66;K-502;Deutsch am Arbeitsplatz;12.01.2025;12.02.2025;13.02.2025;abgeschlossen;16;378,95 €;
251152;144;K-003;Verhaltenskodex & Compliance;12.01.2025;10.03.2025;10.03.2025;Abgeschlossen;1;0,00 €;5
251669;205;K-003;Verhaltenskodex & Compliance;12.01.2025;07.03.2025;07.03.2025;abgeschlossen;1;0,00 €;4
252516;314;K-003;Verhaltenskodex & Compliance;12.01.2025;29.01.2025;29.01.2025;abgeschlossen;1;0,00 €;
250415;52;K-002;Arbeitsschutz-Unterweisung;13.01.2025;13.03.2025;13.03.2025;abgeschlossen;2;0,00 €;
251442;179;K-001;Datenschutz-Grundlagen;13.01.2025;20.01.2025;20.01.2025;abgeschlossen;1;0,00 €;
252105;262;K-002;Arbeitsschutz-Unterweisung;13.01.2025;21.01.2025;21.01.2025;abgeschlossen;2;0,00 €;
253097;387;K-002;Arbeitsschutz-Unterweisung;13.01.2025;13.03.2025;13.03.2025;abgeschlossen;2;0,00 €;4
250086;11;K-104;IT-Sicherheit für alle;14.01.2025;21.02.2025;21.02.2025;ABGESCHLOSSEN ;2;0,00 €;4
252651;332;K-001;Datenschutz-Grundlagen;14.01.2025;12.02.2025;12.02.2025;teilgenommen;1;0,00 €;4
252824;355;K-103;KI im Arbeitsalltag;14.01.2025;26.02.2025;26.02.2025;storniert;0;0,00 €;
250872;110;K-002;Arbeitsschutz-Unterweisung;15.01.2025;10.03.2025;10.03.2025;abgeschlossen;2;0,00 €;3
251076;135;K-001;Datenschutz-Grundlagen;15.01.2025;22.01.2025;22.01.2025;teilgenommen;1;0,00 €;4
251214;150;K-302;CNC-Programmierung;15.01.2025;04.02.2025;06.02.2025;No-Show;0;1.430,58 €;
251724;212;K-001;Datenschutz-Grundlagen;15.01.2025;25.02.2025;25.02.2025;Abgeschlossen;1;0,00 €;3
251773;218;K-001;Datenschutz-Grundlagen;15.01.2025;11.02.2025;11.02.2025;abgeschlossen;1;0,00 €;3
251893;233;K-003;Verhaltenskodex & Compliance;15.01.2025;25.02.2025;25.02.2025;abgeschlossen;1;0,00 €;4
252242;280;K-001;Datenschutz-Grundlagen;15.01.2025;28.02.2025;28.02.2025;abgeschlossen;1;0,00 €;4
252857;360;K-003;Verhaltenskodex & Compliance;15.01.2025;13.02.2025;13.02.2025;abgeschlossen;1;0,00 €;4
250782;99;K-003;Verhaltenskodex & Compliance;16.01.2025;29.01.2025;29.01.2025;abgeschlossen;1;0,00 €;4
251167;145;K-202;Konfliktgespräche führen;16.01.2025;14.02.2025;14.02.2025;storniert;0;342,44 €;
251739;213;K-304;Qualitätsmanagement ISO 9001;16.01.2025;13.03.2025;14.03.2025;Storniert;0;0,00 €;
252155;268;K-304;Qualitätsmanagement ISO 9001;16.01.2025;17.03.2025;18.03.2025;abgeschlossen;12;803,85 €;3
250469;59;K-003;Verhaltenskodex & Compliance;17.01.2025;20.02.2025;20.02.2025;abgeschlossen;1;0,00 €;3
250509;65;K-002;Arbeitsschutz-Unterweisung;17.01.2025;14.03.2025;14.03.2025;ABGESCHLOSSEN ;2;0,00 €;4
251300;161;K-002;Arbeitsschutz-Unterweisung;17.01.2025;05.03.2025;05.03.2025;ABGESCHLOSSEN ;2;0,00 €;4
251474;183;K-002;Arbeitsschutz-Unterweisung;17.01.2025;05.03.2025;05.03.2025;abgeschlossen;2;0,00 €;4
250014;2;K-003;Verhaltenskodex & Compliance;18.01.2025;20.02.2025;20.02.2025;abgeschlossen;1;0,00 €;
250216;27;K-106;SAP S/4 Anwendertraining;18.01.2025;28.02.2025;28.02.2025;abgeschlossen;8;0,00 €;4
250503;64;K-002;Arbeitsschutz-Unterweisung;18.01.2025;13.03.2025;13.03.2025;abgeschlossen;2;0,00 €;3
250763;97;K-003;Verhaltenskodex & Compliance;18.01.2025;17.03.2025;17.03.2025;ABGESCHLOSSEN ;1;0,00 €;
250983;124;K-302;CNC-Programmierung;18.01.2025;05.03.2025;07.03.2025;abgeschlossen;24;1.327,44 €;4
251236;152;K-402;Erste Hilfe;18.01.2025;13.02.2025;13.02.2025;abgeschlossen;9;63,17 €;
251801;221;K-304;Qualitätsmanagement ISO 9001;18.01.2025;25.02.2025;26.02.2025;abgeschlossen;12;808,86 €;
252306;288;K-001;Datenschutz-Grundlagen;18.01.2025;17.03.2025;17.03.2025;teilgenommen;1;0,00 €;4
252900;364;K-305;Projektmanagement Basis;18.01.2025;06.03.2025;07.03.2025;teilgenommen;16;992,74 €;
250666;85;K-003;Verhaltenskodex & Compliance;19.01.2025;31.01.2025;31.01.2025;abgeschlossen;1;0,00 €;4
250760;97;K-002;Arbeitsschutz-Unterweisung;19.01.2025;19.03.2025;19.03.2025;teilgenommen;2;0,00 €;2
251553;192;K-002;Arbeitsschutz-Unterweisung;19.01.2025;18.03.2025;18.03.2025;abgeschlossen;2;0,00 €;4
252018;249;K-102;Power BI Grundlagen;19.01.2025;10.02.2025;11.02.2025;abgeschlossen;16;912,39 €;
252572;323;K-001;Datenschutz-Grundlagen;19.01.2025;28.01.2025;28.01.2025;abgeschlossen;1;0,00 €;4
252742;345;K-001;Datenschutz-Grundlagen;19.01.2025;11.03.2025;11.03.2025;abgeschlossen;1;0,00 €;3
250087;11;K-402;Erste Hilfe;20.01.2025;05.03.2025;05.03.2025;abgeschlossen;9;65,75 €;5
250325;42;K-003;Verhaltenskodex & Compliance;20.01.2025;12.03.2025;12.03.2025;ABGESCHLOSSEN ;1;0,00 €;5
250455;56;K-003;Verhaltenskodex & Compliance;20.01.2025;10.02.2025;10.02.2025;teilgenommen;1;0,00 €;3
251265;156;K-001;Datenschutz-Grundlagen;20.01.2025;21.03.2025;21.03.2025;abgeschlossen;1;0,00 €;3
252307;288;K-002;Arbeitsschutz-Unterweisung;20.01.2025;04.02.2025;04.02.2025;abgeschlossen;2;0,00 €;
250072;10;K-002;Arbeitsschutz-Unterweisung;21.01.2025;27.02.2025;27.02.2025;abgeschlossen;2;0,00 €;4
250553;70;K-303;Schweißtechnik Auffrischung;21.01.2025;06.02.2025;07.02.2025;abgeschlossen;16;762,41 €;4
252045;253;K-002;Arbeitsschutz-Unterweisung;21.01.2025;18.03.2025;18.03.2025;abgeschlossen;2;0,00 €;
253176;397;K-001;Datenschutz-Grundlagen;21.01.2025;20.02.2025;20.02.2025;abgeschlossen;1;0,00 €;5
250348;44;K-302;CNC-Programmierung;22.01.2025;06.03.2025;08.03.2025;abgeschlossen;24;1.437,47 €;
250697;88;K-003;Verhaltenskodex & Compliance;22.01.2025;25.02.2025;25.02.2025;teilgenommen;1;0,00 €;4
251036;130;K-304;Qualitätsmanagement ISO 9001;22.01.2025;20.03.2025;21.03.2025;abgeschlossen;12;830,92 €;4
252220;277;K-001;Datenschutz-Grundlagen;22.01.2025;13.02.2025;13.02.2025;abgeschlossen;1;0,00 €;5
252283;284;K-003;Verhaltenskodex & Compliance;22.01.2025;11.02.2025;11.02.2025;abgeschlossen;1;0,00 €;3
250326;42;K-502;Deutsch am Arbeitsplatz;23.01.2025;25.02.2025;26.02.2025;abgeschlossen;20;366,45 €;
251002;127;K-001;Datenschutz-Grundlagen;23.01.2025;07.02.2025;07.02.2025;abgeschlossen;1;0,00 €;
252982;373;K-001;Datenschutz-Grundlagen;23.01.2025;20.02.2025;20.02.2025;abgeschlossen;1;0,00 €;3
250827;105;K-003;Verhaltenskodex & Compliance;24.01.2025;27.02.2025;27.02.2025;abgeschlossen;1;0,00 €;5
251088;136;K-001;Datenschutz-Grundlagen;24.01.2025;11.02.2025;11.02.2025;ABGESCHLOSSEN ;1;0,00 €;3
251587;197;K-001;Datenschutz-Grundlagen;24.01.2025;12.03.2025;12.03.2025;storniert ;0;0,00 €;
250229;29;K-003;Verhaltenskodex & Compliance;25.01.2025;10.02.2025;10.02.2025;abgeschlossen;1;0,00 €;2
250755;96;K-003;Verhaltenskodex & Compliance;25.01.2025;12.03.2025;12.03.2025;teilgenommen;1;0,00 €;
251958;243;K-003;Verhaltenskodex & Compliance;25.01.2025;26.02.2025;26.02.2025;Abgeschlossen;1;0,00 €;2
252093;259;K-102;Power BI Grundlagen;25.01.2025;05.03.2025;06.03.2025;abgeschlossen;16;887,32 €;4
252456;306;K-002;Arbeitsschutz-Unterweisung;25.01.2025;07.03.2025;07.03.2025;abgeschlossen;2;0,00 €;
250020;3;K-002;Arbeitsschutz-Unterweisung;26.01.2025;19.02.2025;19.02.2025;abgeschlossen;2;0,00 €;4
250100;13;K-002;Arbeitsschutz-Unterweisung;26.01.2025;10.03.2025;10.03.2025;abgeschlossen;2;0,00 €;3
250272;35;K-303;Schweißtechnik Auffrischung;26.01.2025;05.02.2025;06.02.2025;abgeschlossen;16;754,55 €;5
250614;79;K-301;Lean Production;26.01.2025;21.02.2025;22.02.2025;abgeschlossen;16;939,58 €;
250690;87;K-402;Erste Hilfe;26.01.2025;06.02.2025;06.02.2025;No-Show;0;61,83 €;
250972;123;K-002;Arbeitsschutz-Unterweisung;26.01.2025;11.02.2025;11.02.2025;abgeschlossen;2;0,00 €;4
251079;135;K-002;Arbeitsschutz-Unterweisung;26.01.2025;19.03.2025;19.03.2025;abgeschlossen;2;0,00 €;3
252181;272;K-001;Datenschutz-Grundlagen;26.01.2025;20.02.2025;20.02.2025;abgeschlossen;1;0,00 €;4
252186;272;K-003;Verhaltenskodex & Compliance;26.01.2025;12.03.2025;12.03.2025;abgeschlossen;1;0,00 €;
252712;340;K-003;Verhaltenskodex & Compliance;26.01.2025;04.02.2025;04.02.2025;abgeschlossen;1;0,00 €;5
250384;49;K-003;Verhaltenskodex & Compliance;27.01.2025;04.03.2025;04.03.2025;abgeschlossen;1;0,00 €;4
252258;282;K-003;Verhaltenskodex & Compliance;27.01.2025;11.03.2025;11.03.2025;abgeschlossen;1;0,00 €;3
252869;362;K-001;Datenschutz-Grundlagen;27.01.2025;07.02.2025;07.02.2025;abgeschlossen;1;0,00 €;4
251853;228;K-002;Arbeitsschutz-Unterweisung;28.01.2025;25.03.2025;25.03.2025;abgeschlossen;2;0,00 €;
252971;372;K-001;Datenschutz-Grundlagen;28.01.2025;25.03.2025;25.03.2025;abgeschlossen;1;0,00 €;3
250131;17;K-003;Verhaltenskodex & Compliance;29.01.2025;05.02.2025;05.02.2025;ABGESCHLOSSEN ;1;0,00 €;4
250895;113;K-002;Arbeitsschutz-Unterweisung;29.01.2025;26.03.2025;26.03.2025;abgeschlossen;2;0,00 €;
251345;166;K-401;Staplerschein;29.01.2025;20.02.2025;21.02.2025;abgeschlossen;16;400,23 €;5
252623;328;K-001;Datenschutz-Grundlagen;29.01.2025;28.02.2025;28.02.2025;abgeschlossen;1;0,00 €;4
250394;50;K-002;Arbeitsschutz-Unterweisung;30.01.2025;12.03.2025;12.03.2025;Abgeschlossen;2;0,00 €;5
251531;189;K-003;Verhaltenskodex & Compliance;30.01.2025;17.03.2025;17.03.2025;abgeschlossen;1;0,00 €;
251975;245;K-003;Verhaltenskodex & Compliance;30.01.2025;14.02.2025;14.02.2025;abgeschlossen;1;0,00 €;4
251999;247;K-305;Projektmanagement Basis;30.01.2025;06.02.2025;07.02.2025;abgeschlossen;16;962,17 €;5
252374;296;K-003;Verhaltenskodex & Compliance;30.01.2025;20.02.2025;20.02.2025;abgeschlossen;1;0,00 €;2
252394;299;K-002;Arbeitsschutz-Unterweisung;30.01.2025;07.03.2025;07.03.2025;abgeschlossen;2;0,00 €;4
253282;409;K-003;Verhaltenskodex & Compliance;30.01.2025;19.03.2025;19.03.2025;abgeschlossen;1;0,00 €;2
251131;141;K-003;Verhaltenskodex & Compliance;31.01.2025;21.03.2025;21.03.2025;abgeschlossen;1;0,00 €;4
252199;274;K-002;Arbeitsschutz-Unterweisung;31.01.2025;27.03.2025;27.03.2025;abgeschlossen;2;0,00 €;4
250577;73;K-003;Verhaltenskodex & Compliance;01.02.2025;06.03.2025;06.03.2025;ABGESCHLOSSEN ;1;0,00 €;3
250927;117;K-002;Arbeitsschutz-Unterweisung;01.02.2025;02.04.2025;02.04.2025;abgeschlossen;2;0,00 €;
251537;190;K-002;Arbeitsschutz-Unterweisung;01.02.2025;20.03.2025;20.03.2025;abgeschlossen;2;0,00 €;
250750;95;K-002;Arbeitsschutz-Unterweisung;02.02.2025;11.03.2025;11.03.2025;abgeschlossen;2;0,00 €;
252727;342;K-103;KI im Arbeitsalltag;02.02.2025;24.03.2025;24.03.2025;abgeschlossen;4;0,00 €;
253035;380;K-003;Verhaltenskodex & Compliance;02.02.2025;01.04.2025;01.04.2025;abgeschlossen;1;0,00 €;3
250645;83;K-003;Verhaltenskodex & Compliance;03.02.2025;12.03.2025;12.03.2025;Abgeschlossen;1;0,00 €;5
250771;98;K-002;Arbeitsschutz-Unterweisung;03.02.2025;17.03.2025;17.03.2025;abgeschlossen;2;0,00 €;5
251144;143;K-002;Arbeitsschutz-Unterweisung;03.02.2025;12.02.2025;12.02.2025;abgeschlossen;2;0,00 €;
251679;206;K-203;Feedback & Mitarbeitergespräch;03.02.2025;18.03.2025;18.03.2025;storniert ;0;0,00 €;
252035;251;K-003;Verhaltenskodex & Compliance;03.02.2025;07.03.2025;07.03.2025;abgeschlossen;1;0,00 €;
252422;302;K-402;Erste Hilfe;03.02.2025;12.03.2025;12.03.2025;abgeschlossen;9;63,65 €;5
252428;303;K-402;Erste Hilfe;03.02.2025;02.04.2025;02.04.2025;abgeschlossen;9;65,39 €;5
252559;321;K-002;Arbeitsschutz-Unterweisung;03.02.2025;10.03.2025;10.03.2025;abgeschlossen;2;0,00 €;
250278;36;K-002;Arbeitsschutz-Unterweisung;04.02.2025;24.03.2025;24.03.2025;abgeschlossen;2;0,00 €;4
252794;351;K-003;Verhaltenskodex & Compliance;04.02.2025;03.04.2025;03.04.2025;abgeschlossen;1;0,00 €;4
253326;416;K-305;Projektmanagement Basis;04.02.2025;14.02.2025;15.02.2025;abgeschlossen;16;938,02 €;4
250517;66;K-002;Arbeitsschutz-Unterweisung;05.02.2025;28.03.2025;28.03.2025;abgeschlossen;2;0,00 €;3
250775;98;K-103;KI im Arbeitsalltag;05.02.2025;14.02.2025;14.02.2025;teilgenommen;4;0,00 €;
252334;291;K-106;SAP S/4 Anwendertraining;05.02.2025;03.04.2025;03.04.2025;abgeschlossen;8;0,00 €;5
250555;70;K-402;Erste Hilfe;06.02.2025;14.03.2025;14.03.2025;abgeschlossen;9;64,18 €;
251210;150;K-002;Arbeitsschutz-Unterweisung;06.02.2025;13.02.2025;13.02.2025;abgeschlossen;2;0,00 €;4
253166;395;K-101;Excel Aufbau;06.02.2025;18.02.2025;18.02.2025;abgeschlossen;4;279,78 €;3
253351;419;K-003;Verhaltenskodex & Compliance;06.02.2025;06.03.2025;06.03.2025;abgeschlossen;1;0,00 €;4
250376;48;K-002;Arbeitsschutz-Unterweisung;07.02.2025;07.04.2025;07.04.2025;abgeschlossen;2;0,00 €;3
251356;168;K-003;Verhaltenskodex & Compliance;07.02.2025;19.03.2025;19.03.2025;abgeschlossen;1;0,00 €;4
251805;222;K-002;Arbeitsschutz-Unterweisung;07.02.2025;28.03.2025;28.03.2025;abgeschlossen;2;0,00 €;
252670;334;K-102;Power BI Grundlagen;07.02.2025;24.03.2025;25.03.2025;abgeschlossen;16;904,11 €;4
252716;341;K-002;Arbeitsschutz-Unterweisung;07.02.2025;14.02.2025;14.02.2025;abgeschlossen;2;0,00 €;
252771;348;K-103;KI im Arbeitsalltag;07.02.2025;03.04.2025;03.04.2025;abgeschlossen;4;0,00 €;3
250142;19;K-002;Arbeitsschutz-Unterweisung;08.02.2025;05.03.2025;05.03.2025;Abgeschlossen;2;0,00 €;4
250551;70;K-003;Verhaltenskodex & Compliance;08.02.2025;28.02.2025;28.02.2025;abgeschlossen;1;0,00 €;
251164;145;K-303;Schweißtechnik Auffrischung;08.02.2025;26.03.2025;27.03.2025;abgeschlossen;16;748,62 €;5
251515;187;K-202;Konfliktgespräche führen;08.02.2025;26.02.2025;26.02.2025;abgeschlossen;8;698,31 €;5
252851;359;K-002;Arbeitsschutz-Unterweisung;08.02.2025;18.03.2025;18.03.2025;abgeschlossen;2;0,00 €;5
253231;404;K-001;Datenschutz-Grundlagen;08.02.2025;24.03.2025;24.03.2025;abgeschlossen;1;0,00 €;5
250531;68;K-001;Datenschutz-Grundlagen;09.02.2025;13.03.2025;13.03.2025;storniert;0;0,00 €;
251607;199;K-001;Datenschutz-Grundlagen;09.02.2025;04.03.2025;04.03.2025;abgeschlossen;1;0,00 €;3
252044;253;K-001;Datenschutz-Grundlagen;09.02.2025;28.03.2025;28.03.2025;abgeschlossen;1;0,00 €;
252442;304;K-304;Qualitätsmanagement ISO 9001;09.02.2025;03.04.2025;04.04.2025;No-Show;0;840,95 €;
252461;307;K-003;Verhaltenskodex & Compliance;09.02.2025;11.03.2025;11.03.2025;abgeschlossen;1;0,00 €;4
252601;325;K-001;Datenschutz-Grundlagen;09.02.2025;18.02.2025;18.02.2025;abgeschlossen;1;0,00 €;4
252984;373;K-003;Verhaltenskodex & Compliance;09.02.2025;03.04.2025;03.04.2025;abgeschlossen;1;0,00 €;3
253360;420;K-501;Business English B1;09.02.2025;27.02.2025;28.02.2025;storniert ;0;0,00 €;
250510;65;K-003;Verhaltenskodex & Compliance;10.02.2025;06.03.2025;06.03.2025;abgeschlossen;1;0,00 €;
250976;123;K-104;IT-Sicherheit für alle;10.02.2025;19.02.2025;19.02.2025;abgeschlossen;2;0,00 €;2
251651;203;K-003;Verhaltenskodex & Compliance;10.02.2025;06.03.2025;06.03.2025;abgeschlossen;1;0,00 €;4
252291;286;K-001;Datenschutz-Grundlagen;10.02.2025;07.03.2025;07.03.2025;abgeschlossen;1;0,00 €;
253056;382;K-101;Excel Aufbau;10.02.2025;09.04.2025;09.04.2025;Abgeschlossen;4;280,54 €;4
250151;20;K-003;Verhaltenskodex & Compliance;11.02.2025;01.04.2025;01.04.2025;abgeschlossen;1;0,00 €;3
250269;35;K-003;Verhaltenskodex & Compliance;11.02.2025;20.03.2025;20.03.2025;abgeschlossen;1;0,00 €;4
251352;168;K-001;Datenschutz-Grundlagen;11.02.2025;05.03.2025;05.03.2025;No-Show;0;0,00 €;
251599;198;K-002;Arbeitsschutz-Unterweisung;11.02.2025;19.02.2025;19.02.2025;abgeschlossen;2;0,00 €;5
251612;199;K-104;IT-Sicherheit für alle;11.02.2025;21.03.2025;21.03.2025;abgeschlossen;2;0,00 €;4
251677;206;K-003;Verhaltenskodex & Compliance;11.02.2025;01.04.2025;01.04.2025;abgeschlossen;1;0,00 €;3
252121;265;K-001;Datenschutz-Grundlagen;11.02.2025;14.03.2025;14.03.2025;ABGESCHLOSSEN ;1;0,00 €;3
252656;333;K-001;Datenschutz-Grundlagen;11.02.2025;28.02.2025;28.02.2025;abgeschlossen;1;0,00 €;
253103;388;K-002;Arbeitsschutz-Unterweisung;11.02.2025;27.03.2025;27.03.2025;abgeschlossen;2;0,00 €;
250148;20;K-002;Arbeitsschutz-Unterweisung;12.02.2025;03.04.2025;03.04.2025;abgeschlossen;2;0,00 €;5
251759;216;K-001;Datenschutz-Grundlagen;12.02.2025;24.02.2025;24.02.2025;abgeschlossen;1;0,00 €;
251759;216;K-001;Datenschutz-Grundlagen;12.02.2025;24.02.2025;24.02.2025;abgeschlossen;1;0,00 €;
252148;267;K-501;Business English B1;12.02.2025;20.03.2025;21.03.2025;abgeschlossen;20;538,73 €;
253047;382;K-001;Datenschutz-Grundlagen;12.02.2025;10.03.2025;10.03.2025;abgeschlossen;1;0,00 €;4
251252;154;K-502;Deutsch am Arbeitsplatz;13.02.2025;14.04.2025;15.04.2025;abgeschlossen;20;365,67 €;5
252878;362;K-104;IT-Sicherheit für alle;13.02.2025;21.03.2025;21.03.2025;No-Show;0;0,00 €;
250250;32;K-106;SAP S/4 Anwendertraining;14.02.2025;07.04.2025;07.04.2025;abgeschlossen;8;0,00 €;
251101;137;K-402;Erste Hilfe;14.02.2025;04.04.2025;04.04.2025;ABGESCHLOSSEN ;9;63,22 €;4
252386;298;K-002;Arbeitsschutz-Unterweisung;14.02.2025;11.04.2025;11.04.2025;abgeschlossen;2;0,00 €;4
253205;400;K-002;Arbeitsschutz-Unterweisung;14.02.2025;08.04.2025;08.04.2025;Abgeschlossen;2;0,00 €;4
250751;95;K-003;Verhaltenskodex & Compliance;15.02.2025;03.04.2025;03.04.2025;Abgeschlossen;1;0,00 €;5
251441;178;K-401;Staplerschein;15.02.2025;14.03.2025;15.03.2025;abgeschlossen;16;405,31 €;
251701;209;K-001;Datenschutz-Grundlagen;15.02.2025;13.03.2025;13.03.2025;abgeschlossen;1;0,00 €;3
253158;395;K-002;Arbeitsschutz-Unterweisung;15.02.2025;07.04.2025;07.04.2025;abgeschlossen;2;0,00 €;
250120;16;K-001;Datenschutz-Grundlagen;16.02.2025;28.03.2025;28.03.2025;abgeschlossen;1;0,00 €;3
252619;327;K-306;Verhandlungstraining Vertrieb;16.02.2025;17.04.2025;18.04.2025;abgeschlossen;16;1.956,82 €;4
252847;358;K-102;Power BI Grundlagen;16.02.2025;07.03.2025;08.03.2025;ABGESCHLOSSEN ;16;881,63 €;
253149;394;K-002;Arbeitsschutz-Unterweisung;16.02.2025;10.03.2025;10.03.2025;abgeschlossen;2;0,00 €;
250500;64;K-001;Datenschutz-Grundlagen;17.02.2025;11.04.2025;11.04.2025;abgeschlossen;1;0,00 €;
250715;91;K-001;Datenschutz-Grundlagen;17.02.2025;25.02.2025;25.02.2025;abgeschlossen;1;0,00 €;
250801;101;K-402;Erste Hilfe;17.02.2025;25.02.2025;25.02.2025;abgeschlossen;9;62,95 €;
251233;152;K-402;Erste Hilfe;17.02.2025;04.04.2025;04.04.2025;Abgeschlossen;9;67,50 €;2
251335;166;K-001;Datenschutz-Grundlagen;17.02.2025;14.03.2025;14.03.2025;abgeschlossen;1;0,00 €;
251923;238;K-003;Verhaltenskodex & Compliance;17.02.2025;03.03.2025;03.03.2025;abgeschlossen;1;0,00 €;4
252916;366;K-003;Verhaltenskodex & Compliance;17.02.2025;03.03.2025;03.03.2025;abgeschlossen;1;0,00 €;4
253147;394;K-001;Datenschutz-Grundlagen;17.02.2025;11.04.2025;11.04.2025;abgeschlossen;1;0,00 €;4
253294;411;K-003;Verhaltenskodex & Compliance;17.02.2025;10.04.2025;10.04.2025;abgeschlossen;1;0,00 €;
250343;44;K-003;Verhaltenskodex & Compliance;18.02.2025;26.03.2025;26.03.2025;Abgeschlossen;1;0,00 €;4
250720;91;K-401;Staplerschein;18.02.2025;28.02.2025;01.03.2025;abgeschlossen;16;420,86 €;5
251044;131;K-003;Verhaltenskodex & Compliance;18.02.2025;26.02.2025;26.02.2025;abgeschlossen;1;0,00 €;4
251093;137;K-001;Datenschutz-Grundlagen;18.02.2025;26.02.2025;26.02.2025;abgeschlossen;1;0,00 €;4
251717;211;K-001;Datenschutz-Grundlagen;18.02.2025;04.04.2025;04.04.2025;abgeschlossen;1;0,00 €;2
252690;336;K-307;Technischer Vertrieb Intensiv;18.02.2025;14.04.2025;16.04.2025;ABGESCHLOSSEN ;24;2.926,71 €;3
251879;231;K-003;Verhaltenskodex & Compliance;19.02.2025;09.04.2025;09.04.2025;abgeschlossen;1;0,00 €;3
252430;303;K-103;KI im Arbeitsalltag;19.02.2025;17.04.2025;17.04.2025;abgeschlossen;4;0,00 €;4
252660;333;K-003;Verhaltenskodex & Compliance;19.02.2025;03.03.2025;03.03.2025;abgeschlossen;1;0,00 €;
250537;68;K-003;Verhaltenskodex & Compliance;20.02.2025;14.04.2025;14.04.2025;abgeschlossen;1;0,00 €;3
250724;92;K-003;Verhaltenskodex & Compliance;20.02.2025;21.03.2025;21.03.2025;abgeschlossen;1;0,00 €;4
252237;279;K-002;Arbeitsschutz-Unterweisung;20.02.2025;13.03.2025;13.03.2025;abgeschlossen;2;0,00 €;
252561;321;K-003;Verhaltenskodex & Compliance;20.02.2025;14.04.2025;14.04.2025;abgeschlossen;1;0,00 €;4
252682;336;K-001;Datenschutz-Grundlagen;20.02.2025;02.04.2025;02.04.2025;abgeschlossen;1;0,00 €;4
253299;412;K-002;Arbeitsschutz-Unterweisung;21.02.2025;03.04.2025;03.04.2025;abgeschlossen;2;0,00 €;
251576;195;K-301;Lean Production;22.02.2025;11.03.2025;12.03.2025;Abgeschlossen;16;974,66 €;
251908;235;K-304;Qualitätsmanagement ISO 9001;22.02.2025;11.04.2025;12.04.2025;abgeschlossen;12;813,28 €;5
252703;339;K-001;Datenschutz-Grundlagen;22.02.2025;04.04.2025;04.04.2025;abgeschlossen;1;0,00 €;5
253185;398;K-002;Arbeitsschutz-Unterweisung;22.02.2025;03.03.2025;03.03.2025;teilgenommen;2;0,00 €;4
250443;55;K-001;Datenschutz-Grundlagen;23.02.2025;27.03.2025;27.03.2025;abgeschlossen;1;0,00 €;
251223;151;K-201;Führung Basis;23.02.2025;20.03.2025;22.03.2025;abgeschlossen;24;1.590,13 €;4
251932;239;K-305;Projektmanagement Basis;23.02.2025;11.04.2025;12.04.2025;abgeschlossen;16;904,09 €;4
252176;271;K-002;Arbeitsschutz-Unterweisung;23.02.2025;07.03.2025;07.03.2025;abgeschlossen;2;0,00 €;
252350;294;K-002;Arbeitsschutz-Unterweisung;23.02.2025;04.03.2025;04.03.2025;abgeschlossen;2;0,00 €;3
252493;311;K-307;Technischer Vertrieb Intensiv;23.02.2025;07.04.2025;09.04.2025;teilgenommen;22;2.792,08 €;3
250439;54;K-301;Lean Production;24.02.2025;02.04.2025;03.04.2025;abgeschlossen;16;1.014,04 €;4
250710;90;K-003;Verhaltenskodex & Compliance;24.02.2025;25.04.2025;25.04.2025;abgeschlossen;1;0,00 €;
251858;229;K-002;Arbeitsschutz-Unterweisung;24.02.2025;10.04.2025;10.04.2025;Abgeschlossen;2;0,00 €;
252207;275;K-002;Arbeitsschutz-Unterweisung;24.02.2025;06.03.2025;06.03.2025;abgeschlossen;2;0,00 €;3
252706;339;K-002;Arbeitsschutz-Unterweisung;24.02.2025;25.03.2025;25.03.2025;Abgeschlossen;2;0,00 €;4
252711;340;K-002;Arbeitsschutz-Unterweisung;24.02.2025;22.04.2025;22.04.2025;abgeschlossen;2;0,00 €;3
252110;263;K-003;Verhaltenskodex & Compliance;25.02.2025;17.03.2025;17.03.2025;Abgeschlossen;1;0,00 €;4
252114;264;K-001;Datenschutz-Grundlagen;25.02.2025;20.03.2025;20.03.2025;abgeschlossen;1;0,00 €;3
252271;283;K-002;Arbeitsschutz-Unterweisung;25.02.2025;17.03.2025;17.03.2025;Abgeschlossen;2;0,00 €;3
252471;309;K-001;Datenschutz-Grundlagen;25.02.2025;13.03.2025;13.03.2025;Storniert;0;0,00 €;
252471;309;K-001;Datenschutz-Grundlagen;25.02.2025;13.03.2025;13.03.2025;Storniert;0;0,00 €;
252835;357;K-002;Arbeitsschutz-Unterweisung;25.02.2025;24.03.2025;24.03.2025;abgeschlossen;2;0,00 €;4
252907;365;K-002;Arbeitsschutz-Unterweisung;25.02.2025;24.04.2025;24.04.2025;abgeschlossen;2;0,00 €;4
252961;370;K-102;Power BI Grundlagen;25.02.2025;24.04.2025;25.04.2025;abgeschlossen;16;907,88 €;4
253352;419;K-102;Power BI Grundlagen;25.02.2025;16.04.2025;17.04.2025;abgeschlossen;16;878,12 €;4
250494;63;K-002;Arbeitsschutz-Unterweisung;26.02.2025;10.04.2025;10.04.2025;abgeschlossen;2;0,00 €;3
251605;198;K-502;Deutsch am Arbeitsplatz;26.02.2025;22.04.2025;23.04.2025;storniert ;0;0,00 €;
252358;294;K-501;Business English B1;26.02.2025;16.04.2025;17.04.2025;ABGESCHLOSSEN ;20;567,22 €;
253049;382;K-002;Arbeitsschutz-Unterweisung;26.02.2025;22.04.2025;22.04.2025;abgeschlossen;2;0,00 €;3
250090;12;K-002;Arbeitsschutz-Unterweisung;27.02.2025;21.03.2025;21.03.2025;abgeschlossen;2;0,00 €;
250868;109;K-502;Deutsch am Arbeitsplatz;27.02.2025;06.03.2025;07.03.2025;storniert;0;0,00 €;
251023;129;K-003;Verhaltenskodex & Compliance;27.02.2025;03.04.2025;03.04.2025;abgeschlossen;1;0,00 €;5
252652;332;K-002;Arbeitsschutz-Unterweisung;27.02.2025;17.04.2025;17.04.2025;abgeschlossen;2;0,00 €;3
252920;366;K-105;Cloud-Architektur Zertifizierung;27.02.2025;24.04.2025;27.04.2025;abgeschlossen;32;2.534,00 €;
253154;394;K-101;Excel Aufbau;27.02.2025;27.03.2025;27.03.2025;abgeschlossen;8;303,91 €;4
250570;72;K-301;Lean Production;28.02.2025;17.03.2025;18.03.2025;Abgeschlossen;16;979,18 €;5
250841;106;K-304;Qualitätsmanagement ISO 9001;28.02.2025;28.03.2025;29.03.2025;storniert;0;0,00 €;
252158;268;K-304;Qualitätsmanagement ISO 9001;28.02.2025;26.03.2025;27.03.2025;Abgeschlossen;12;799,95 €;
252304;287;K-003;Verhaltenskodex & Compliance;28.02.2025;17.03.2025;17.03.2025;abgeschlossen;1;0,00 €;5
250373;48;K-001;Datenschutz-Grundlagen;01.03.2025;24.04.2025;24.04.2025;abgeschlossen;1;0,00 €;4
251754;215;K-001;Datenschutz-Grundlagen;01.03.2025;23.04.2025;23.04.2025;abgeschlossen;1;0,00 €;3
252657;333;K-002;Arbeitsschutz-Unterweisung;01.03.2025;10.04.2025;10.04.2025;abgeschlossen;2;0,00 €;5
253146;393;K-202;Konfliktgespräche führen;01.03.2025;10.04.2025;10.04.2025;abgeschlossen;8;687,93 €;
253212;401;K-003;Verhaltenskodex & Compliance;01.03.2025;17.03.2025;17.03.2025;teilgenommen;1;0,00 €;4
252232;278;K-501;Business English B1;02.03.2025;26.03.2025;27.03.2025;abgeschlossen;20;555,98 €;3
252482;310;K-003;Verhaltenskodex & Compliance;02.03.2025;17.04.2025;17.04.2025;abgeschlossen;1;0,00 €;
253220;402;K-003;Verhaltenskodex & Compliance;02.03.2025;25.03.2025;25.03.2025;abgeschlossen;1;0,00 €;4
250063;8;K-301;Lean Production;03.03.2025;15.04.2025;16.04.2025;abgeschlossen;16;995,55 €;4
250581;74;K-001;Datenschutz-Grundlagen;03.03.2025;03.04.2025;03.04.2025;abgeschlossen;1;0,00 €;3
251952;242;K-202;Konfliktgespräche führen;03.03.2025;15.04.2025;15.04.2025;Storniert;0;0,00 €;
252677;335;K-002;Arbeitsschutz-Unterweisung;03.03.2025;14.04.2025;14.04.2025;teilgenommen;2;0,00 €;4
250418;52;K-003;Verhaltenskodex & Compliance;04.03.2025;24.04.2025;24.04.2025;Abgeschlossen;1;0,00 €;2
250694;88;K-002;Arbeitsschutz-Unterweisung;04.03.2025;01.04.2025;01.04.2025;abgeschlossen;2;0,00 €;4
250809;103;K-001;Datenschutz-Grundlagen;04.03.2025;24.03.2025;24.03.2025;abgeschlossen;1;0,00 €;3
251979;245;K-304;Qualitätsmanagement ISO 9001;04.03.2025;08.04.2025;09.04.2025;abgeschlossen;12;792,17 €;4
252280;284;K-001;Datenschutz-Grundlagen;04.03.2025;31.03.2025;31.03.2025;Abgeschlossen;1;0,00 €;4
253343;418;K-102;Power BI Grundlagen;04.03.2025;25.04.2025;26.04.2025;teilgenommen;16;871,53 €;4
250303;39;K-001;Datenschutz-Grundlagen;05.03.2025;01.04.2025;01.04.2025;abgeschlossen;1;0,00 €;5
250479;61;K-002;Arbeitsschutz-Unterweisung;05.03.2025;01.04.2025;01.04.2025;abgeschlossen;2;0,00 €;5
250885;111;K-302;CNC-Programmierung;05.03.2025;07.04.2025;09.04.2025;abgeschlossen;24;1.385,98 €;5
251306;161;K-402;Erste Hilfe;05.03.2025;02.05.2025;02.05.2025;abgeschlossen;9;61,81 €;5
252006;248;K-003;Verhaltenskodex & Compliance;05.03.2025;24.03.2025;24.03.2025;abgeschlossen;1;0,00 €;3
252097;260;K-003;Verhaltenskodex & Compliance;05.03.2025;27.03.2025;27.03.2025;abgeschlossen;1;0,00 €;
252261;282;K-304;Qualitätsmanagement ISO 9001;05.03.2025;17.04.2025;18.04.2025;teilgenommen;12;851,30 €;5
250492;62;K-002;Arbeitsschutz-Unterweisung;06.03.2025;17.04.2025;17.04.2025;abgeschlossen;2;0,00 €;5
251861;229;K-103;KI im Arbeitsalltag;06.03.2025;14.03.2025;14.03.2025;Abgeschlossen;4;0,00 €;4
252082;258;K-103;KI im Arbeitsalltag;06.03.2025;28.03.2025;28.03.2025;abgeschlossen;4;0,00 €;4
253039;380;K-103;KI im Arbeitsalltag;06.03.2025;26.03.2025;26.03.2025;ABGESCHLOSSEN ;4;0,00 €;4
253246;405;K-106;SAP S/4 Anwendertraining;06.03.2025;08.04.2025;08.04.2025;abgeschlossen;8;0,00 €;4
250458;57;K-002;Arbeitsschutz-Unterweisung;07.03.2025;04.04.2025;04.04.2025;Abgeschlossen;2;0,00 €;4
251483;183;K-502;Deutsch am Arbeitsplatz;07.03.2025;19.03.2025;20.03.2025;storniert;0;0,00 €;
250813;104;K-001;Datenschutz-Grundlagen;08.03.2025;20.03.2025;20.03.2025;abgeschlossen;1;0,00 €;4
252395;299;K-003;Verhaltenskodex & Compliance;08.03.2025;03.04.2025;03.04.2025;abgeschlossen;1;0,00 €;3
250963;121;K-201;Führung Basis;09.03.2025;27.03.2025;29.03.2025;Abgeschlossen;24;1.595,26 €;5
251055;132;K-401;Staplerschein;09.03.2025;20.03.2025;21.03.2025;storniert;0;0,00 €;
251311;162;K-003;Verhaltenskodex & Compliance;09.03.2025;06.05.2025;06.05.2025;abgeschlossen;1;0,00 €;
251678;206;K-304;Qualitätsmanagement ISO 9001;09.03.2025;14.04.2025;15.04.2025;abgeschlossen;12;819,73 €;4
252376;296;K-104;IT-Sicherheit für alle;09.03.2025;08.04.2025;08.04.2025;abgeschlossen;2;0,00 €;4
252532;316;K-002;Arbeitsschutz-Unterweisung;09.03.2025;22.04.2025;22.04.2025;abgeschlossen;2;0,00 €;4
253339;418;K-002;Arbeitsschutz-Unterweisung;09.03.2025;08.05.2025;08.05.2025;abgeschlossen;2;0,00 €;4
250288;37;K-003;Verhaltenskodex & Compliance;10.03.2025;04.04.2025;04.04.2025;abgeschlossen;1;0,00 €;
250261;34;K-003;Verhaltenskodex & Compliance;11.03.2025;24.03.2025;24.03.2025;abgeschlossen;1;0,00 €;4
250545;69;K-103;KI im Arbeitsalltag;11.03.2025;10.04.2025;10.04.2025;abgeschlossen;4;0,00 €;
251225;152;K-001;Datenschutz-Grundlagen;11.03.2025;27.03.2025;27.03.2025;abgeschlossen;1;0,00 €;3
251626;200;K-401;Staplerschein;11.03.2025;06.05.2025;07.05.2025;abgeschlossen;16;431,86 €;5
252491;311;K-003;Verhaltenskodex & Compliance;11.03.2025;26.03.2025;26.03.2025;abgeschlossen;1;0,00 €;3
252491;311;K-003;Verhaltenskodex & Compliance;11.03.2025;26.03.2025;26.03.2025;abgeschlossen;1;0,00 €;3
252609;326;K-002;Arbeitsschutz-Unterweisung;11.03.2025;06.05.2025;06.05.2025;teilgenommen;2;0,00 €;
250193;25;K-003;Verhaltenskodex & Compliance;12.03.2025;28.04.2025;28.04.2025;abgeschlossen;1;0,00 €;3
250208;26;K-301;Lean Production;12.03.2025;22.04.2025;23.04.2025;abgeschlossen;16;1.013,74 €;5
250387;49;K-402;Erste Hilfe;12.03.2025;26.03.2025;26.03.2025;abgeschlossen;9;64,98 €;
250404;50;K-402;Erste Hilfe;12.03.2025;17.04.2025;17.04.2025;abgeschlossen;9;66,12 €;
250812;103;K-003;Verhaltenskodex & Compliance;12.03.2025;09.05.2025;09.05.2025;abgeschlossen;1;0,00 €;4
252064;256;K-002;Arbeitsschutz-Unterweisung;12.03.2025;02.04.2025;02.04.2025;teilgenommen;2;0,00 €;4
252765;348;K-002;Arbeitsschutz-Unterweisung;12.03.2025;27.03.2025;27.03.2025;abgeschlossen;2;0,00 €;4
250167;22;K-401;Staplerschein;13.03.2025;23.04.2025;24.04.2025;ABGESCHLOSSEN ;16;439,97 €;3
250490;62;K-001;Datenschutz-Grundlagen;13.03.2025;24.04.2025;24.04.2025;abgeschlossen;1;0,00 €;4
250573;73;K-001;Datenschutz-Grundlagen;13.03.2025;17.04.2025;17.04.2025;No-Show;0;0,00 €;
251821;224;K-102;Power BI Grundlagen;13.03.2025;16.04.2025;17.04.2025;abgeschlossen;16;932,65 €;3
251922;238;K-002;Arbeitsschutz-Unterweisung;13.03.2025;08.05.2025;08.05.2025;abgeschlossen;2;0,00 €;
252979;372;K-104;IT-Sicherheit für alle;13.03.2025;02.04.2025;02.04.2025;abgeschlossen;2;0,00 €;
253067;384;K-001;Datenschutz-Grundlagen;13.03.2025;25.04.2025;25.04.2025;abgeschlossen;1;0,00 €;3
251012;128;K-002;Arbeitsschutz-Unterweisung;14.03.2025;01.04.2025;01.04.2025;abgeschlossen;2;0,00 €;4
250655;84;K-003;Verhaltenskodex & Compliance;15.03.2025;15.04.2025;15.04.2025;Abgeschlossen;1;0,00 €;1
251141;143;K-001;Datenschutz-Grundlagen;15.03.2025;10.04.2025;10.04.2025;abgeschlossen;1;0,00 €;
251874;230;K-304;Qualitätsmanagement ISO 9001;15.03.2025;12.05.2025;13.05.2025;abgeschlossen;10;814,18 €;5
252223;277;K-002;Arbeitsschutz-Unterweisung;15.03.2025;10.04.2025;10.04.2025;abgeschlossen;2;0,00 €;3
252416;302;K-001;Datenschutz-Grundlagen;15.03.2025;15.04.2025;15.04.2025;abgeschlossen;1;0,00 €;3
250613;79;K-002;Arbeitsschutz-Unterweisung;16.03.2025;15.05.2025;15.05.2025;abgeschlossen;2;0,00 €;
250665;85;K-002;Arbeitsschutz-Unterweisung;16.03.2025;27.03.2025;27.03.2025;abgeschlossen;2;0,00 €;4
250753;96;K-001;Datenschutz-Grundlagen;16.03.2025;15.04.2025;15.04.2025;abgeschlossen;1;0,00 €;2
251380;171;K-003;Verhaltenskodex & Compliance;16.03.2025;13.05.2025;13.05.2025;abgeschlossen;1;0,00 €;
251436;178;K-003;Verhaltenskodex & Compliance;16.03.2025;02.04.2025;02.04.2025;abgeschlossen;1;0,00 €;3
251963;243;K-501;Business English B1;16.03.2025;02.05.2025;03.05.2025;abgeschlossen;20;544,90 €;3
252308;288;K-003;Verhaltenskodex & Compliance;16.03.2025;10.04.2025;10.04.2025;abgeschlossen;1;0,00 €;4
252918;366;K-105;Cloud-Architektur Zertifizierung;16.03.2025;04.04.2025;07.04.2025;ABGESCHLOSSEN ;32;2.400,39 €;3
252991;374;K-002;Arbeitsschutz-Unterweisung;16.03.2025;24.04.2025;24.04.2025;abgeschlossen;2;0,00 €;5
251257;155;K-001;Datenschutz-Grundlagen;17.03.2025;14.05.2025;14.05.2025;abgeschlossen;1;0,00 €;
251271;157;K-002;Arbeitsschutz-Unterweisung;17.03.2025;16.04.2025;16.04.2025;teilgenommen;2;0,00 €;
252057;254;K-305;Projektmanagement Basis;17.03.2025;12.05.2025;13.05.2025;storniert;0;0,00 €;
252668;334;K-002;Arbeitsschutz-Unterweisung;17.03.2025;23.04.2025;23.04.2025;abgeschlossen;2;0,00 €;5
252695;337;K-003;Verhaltenskodex & Compliance;17.03.2025;17.04.2025;17.04.2025;abgeschlossen;1;0,00 €;4
253041;380;K-201;Führung Basis;17.03.2025;28.04.2025;30.04.2025;Storniert;0;0,00 €;
253124;391;K-102;Power BI Grundlagen;17.03.2025;11.04.2025;12.04.2025;storniert;0;0,00 €;
253312;414;K-002;Arbeitsschutz-Unterweisung;17.03.2025;24.04.2025;24.04.2025;abgeschlossen;2;0,00 €;
250145;20;K-001;Datenschutz-Grundlagen;18.03.2025;16.05.2025;16.05.2025;abgeschlossen;1;0,00 €;3
250414;52;K-001;Datenschutz-Grundlagen;18.03.2025;15.05.2025;15.05.2025;abgeschlossen;1;0,00 €;5
250466;58;K-302;CNC-Programmierung;18.03.2025;16.04.2025;18.04.2025;abgeschlossen;24;1.376,50 €;
250466;58;K-302;CNC-Programmierung;18.03.2025;16.04.2025;18.04.2025;abgeschlossen;24;1.376,50 €;
250721;91;K-402;Erste Hilfe;18.03.2025;22.04.2025;22.04.2025;storniert ;0;0,00 €;
250899;113;K-502;Deutsch am Arbeitsplatz;18.03.2025;15.04.2025;16.04.2025;abgeschlossen;20;365,36 €;4
251126;140;K-303;Schweißtechnik Auffrischung;18.03.2025;25.03.2025;26.03.2025;Abgeschlossen;12;771,42 €;5
251198;149;K-001;Datenschutz-Grundlagen;18.03.2025;09.05.2025;09.05.2025;ABGESCHLOSSEN ;1;0,00 €;4
251424;177;K-003;Verhaltenskodex & Compliance;18.03.2025;07.04.2025;07.04.2025;abgeschlossen;1;0,00 €;
251729;213;K-001;Datenschutz-Grundlagen;18.03.2025;01.04.2025;01.04.2025;abgeschlossen;1;0,00 €;3
251897;234;K-002;Arbeitsschutz-Unterweisung;18.03.2025;16.04.2025;16.04.2025;abgeschlossen;2;0,00 €;5
252169;270;K-003;Verhaltenskodex & Compliance;18.03.2025;24.04.2025;24.04.2025;abgeschlossen;1;0,00 €;3
251384;172;K-002;Arbeitsschutz-Unterweisung;19.03.2025;02.05.2025;02.05.2025;abgeschlossen;2;0,00 €;
251529;189;K-002;Arbeitsschutz-Unterweisung;19.03.2025;26.03.2025;26.03.2025;abgeschlossen;2;0,00 €;3
251836;226;K-003;Verhaltenskodex & Compliance;19.03.2025;24.04.2025;24.04.2025;abgeschlossen;1;0,00 €;3
252172;270;K-402;Erste Hilfe;19.03.2025;15.05.2025;15.05.2025;Abgeschlossen;9;66,84 €;4
252249;281;K-001;Datenschutz-Grundlagen;19.03.2025;15.05.2025;15.05.2025;abgeschlossen;1;0,00 €;
250022;3;K-003;Verhaltenskodex & Compliance;20.03.2025;11.04.2025;11.04.2025;Abgeschlossen;1;0,00 €;
250420;52;K-402;Erste Hilfe;20.03.2025;16.04.2025;16.04.2025;abgeschlossen;9;64,74 €;5
252276;283;K-202;Konfliktgespräche führen;20.03.2025;09.05.2025;09.05.2025;abgeschlossen;8;717,77 €;
253341;418;K-003;Verhaltenskodex & Compliance;20.03.2025;19.05.2025;19.05.2025;Abgeschlossen;1;0,00 €;3
250017;2;K-402;Erste Hilfe;21.03.2025;20.05.2025;20.05.2025;ABGESCHLOSSEN ;9;62,88 €;5
250282;37;K-001;Datenschutz-Grundlagen;21.03.2025;28.04.2025;28.04.2025;abgeschlossen;1;0,00 €;
250692;88;K-001;Datenschutz-Grundlagen;21.03.2025;10.04.2025;10.04.2025;abgeschlossen;1;0,00 €;3
251102;138;K-001;Datenschutz-Grundlagen;21.03.2025;29.04.2025;29.04.2025;abgeschlossen;1;0,00 €;3
251854;228;K-003;Verhaltenskodex & Compliance;21.03.2025;30.04.2025;30.04.2025;abgeschlossen;1;0,00 €;
251984;246;K-003;Verhaltenskodex & Compliance;21.03.2025;08.05.2025;08.05.2025;abgeschlossen;1;0,00 €;3
252119;264;K-101;Excel Aufbau;21.03.2025;12.05.2025;12.05.2025;abgeschlossen;8;296,55 €;
252299;287;K-001;Datenschutz-Grundlagen;21.03.2025;16.04.2025;16.04.2025;abgeschlossen;1;0,00 €;
252557;321;K-001;Datenschutz-Grundlagen;21.03.2025;06.05.2025;06.05.2025;abgeschlossen;1;0,00 €;
253113;390;K-001;Datenschutz-Grundlagen;21.03.2025;09.04.2025;09.04.2025;abgeschlossen;1;0,00 €;4
250858;109;K-001;Datenschutz-Grundlagen;22.03.2025;14.05.2025;14.05.2025;abgeschlossen;1;0,00 €;4
251052;132;K-003;Verhaltenskodex & Compliance;22.03.2025;01.04.2025;01.04.2025;abgeschlossen;1;0,00 €;
251692;208;K-001;Datenschutz-Grundlagen;22.03.2025;31.03.2025;31.03.2025;abgeschlossen;1;0,00 €;4
251753;214;K-305;Projektmanagement Basis;22.03.2025;25.04.2025;26.04.2025;abgeschlossen;14;945,54 €;4
251832;226;K-001;Datenschutz-Grundlagen;22.03.2025;17.04.2025;17.04.2025;abgeschlossen;1;0,00 €;3
252149;268;K-001;Datenschutz-Grundlagen;22.03.2025;25.04.2025;25.04.2025;abgeschlossen;1;0,00 €;4
252380;297;K-002;Arbeitsschutz-Unterweisung;22.03.2025;07.05.2025;07.05.2025;No-Show;0;0,00 €;
252426;303;K-002;Arbeitsschutz-Unterweisung;22.03.2025;08.04.2025;08.04.2025;ABGESCHLOSSEN ;2;0,00 €;3
252593;324;K-003;Verhaltenskodex & Compliance;22.03.2025;19.05.2025;19.05.2025;abgeschlossen;1;0,00 €;
252698;337;K-307;Technischer Vertrieb Intensiv;22.03.2025;15.04.2025;17.04.2025;storniert ;0;0,00 €;
252840;358;K-001;Datenschutz-Grundlagen;22.03.2025;09.05.2025;09.05.2025;abgeschlossen;1;0,00 €;3
250049;7;K-103;KI im Arbeitsalltag;23.03.2025;03.04.2025;03.04.2025;abgeschlossen;4;0,00 €;
250109;14;K-002;Arbeitsschutz-Unterweisung;23.03.2025;20.05.2025;20.05.2025;teilgenommen;2;0,00 €;4
251064;133;K-003;Verhaltenskodex & Compliance;23.03.2025;31.03.2025;31.03.2025;ABGESCHLOSSEN ;1;0,00 €;3
251834;226;K-002;Arbeitsschutz-Unterweisung;23.03.2025;31.03.2025;31.03.2025;abgeschlossen;2;0,00 €;5
251904;235;K-002;Arbeitsschutz-Unterweisung;23.03.2025;13.05.2025;13.05.2025;abgeschlossen;2;0,00 €;4
252285;285;K-002;Arbeitsschutz-Unterweisung;23.03.2025;20.05.2025;20.05.2025;abgeschlossen;2;0,00 €;
252646;331;K-003;Verhaltenskodex & Compliance;23.03.2025;31.03.2025;31.03.2025;ABGESCHLOSSEN ;1;0,00 €;3
252673;334;K-307;Technischer Vertrieb Intensiv;23.03.2025;01.04.2025;03.04.2025;storniert ;0;0,00 €;
252673;334;K-307;Technischer Vertrieb Intensiv;23.03.2025;01.04.2025;03.04.2025;storniert ;0;0,00 €;
252917;366;K-104;IT-Sicherheit für alle;23.03.2025;12.05.2025;12.05.2025;abgeschlossen;2;0,00 €;2
250685;87;K-001;Datenschutz-Grundlagen;24.03.2025;08.05.2025;08.05.2025;storniert ;0;0,00 €;
251059;133;K-001;Datenschutz-Grundlagen;24.03.2025;01.04.2025;01.04.2025;No-Show;0;0,00 €;
251583;196;K-002;Arbeitsschutz-Unterweisung;24.03.2025;25.04.2025;25.04.2025;abgeschlossen;2;0,00 €;
252492;311;K-103;KI im Arbeitsalltag;24.03.2025;21.05.2025;21.05.2025;abgeschlossen;4;0,00 €;3
252718;341;K-003;Verhaltenskodex & Compliance;24.03.2025;06.05.2025;06.05.2025;abgeschlossen;1;0,00 €;
252874;362;K-003;Verhaltenskodex & Compliance;24.03.2025;16.04.2025;16.04.2025;abgeschlossen;1;0,00 €;2
250448;55;K-303;Schweißtechnik Auffrischung;25.03.2025;08.04.2025;09.04.2025;storniert ;0;367,26 €;
250592;76;K-001;Datenschutz-Grundlagen;25.03.2025;08.04.2025;08.04.2025;abgeschlossen;1;0,00 €;
251127;141;K-001;Datenschutz-Grundlagen;25.03.2025;06.05.2025;06.05.2025;abgeschlossen;1;0,00 €;4
251276;158;K-002;Arbeitsschutz-Unterweisung;25.03.2025;19.05.2025;19.05.2025;abgeschlossen;2;0,00 €;
252827;356;K-002;Arbeitsschutz-Unterweisung;25.03.2025;02.04.2025;02.04.2025;abgeschlossen;2;0,00 €;4
252891;364;K-001;Datenschutz-Grundlagen;25.03.2025;14.05.2025;14.05.2025;abgeschlossen;1;0,00 €;5
250116;15;K-003;Verhaltenskodex & Compliance;26.03.2025;10.04.2025;10.04.2025;abgeschlossen;1;0,00 €;3
251366;169;K-002;Arbeitsschutz-Unterweisung;26.03.2025;02.04.2025;02.04.2025;abgeschlossen;2;0,00 €;
251798;221;K-501;Business English B1;26.03.2025;06.05.2025;07.05.2025;teilgenommen;20;587,36 €;5
250218;28;K-001;Datenschutz-Grundlagen;27.03.2025;21.05.2025;21.05.2025;No-Show;0;0,00 €;
250318;41;K-001;Datenschutz-Grundlagen;27.03.2025;07.04.2025;07.04.2025;storniert;0;0,00 €;
250634;82;K-001;Datenschutz-Grundlagen;27.03.2025;21.05.2025;21.05.2025;abgeschlossen;1;0,00 €;4
252520;314;K-101;Excel Aufbau;27.03.2025;19.05.2025;19.05.2025;Storniert;0;141,32 €;
253210;401;K-002;Arbeitsschutz-Unterweisung;27.03.2025;02.05.2025;02.05.2025;abgeschlossen;2;0,00 €;
250099;13;K-001;Datenschutz-Grundlagen;28.03.2025;08.05.2025;08.05.2025;abgeschlossen;1;0,00 €;3
250275;35;K-303;Schweißtechnik Auffrischung;28.03.2025;27.05.2025;28.05.2025;abgeschlossen;16;775,43 €;5
251217;151;K-002;Arbeitsschutz-Unterweisung;28.03.2025;05.05.2025;05.05.2025;abgeschlossen;2;0,00 €;4
252071;257;K-002;Arbeitsschutz-Unterweisung;28.03.2025;15.04.2025;15.04.2025;abgeschlossen;2;0,00 €;3
252164;269;K-003;Verhaltenskodex & Compliance;28.03.2025;27.05.2025;27.05.2025;abgeschlossen;1;0,00 €;3
250705;89;K-003;Verhaltenskodex & Compliance;29.03.2025;09.04.2025;09.04.2025;Abgeschlossen;1;0,00 €;
251048;132;K-001;Datenschutz-Grundlagen;29.03.2025;10.04.2025;10.04.2025;abgeschlossen;1;0,00 €;
251050;132;K-002;Arbeitsschutz-Unterweisung;29.03.2025;02.05.2025;02.05.2025;abgeschlossen;2;0,00 €;4
251202;149;K-003;Verhaltenskodex & Compliance;29.03.2025;11.04.2025;11.04.2025;abgeschlossen;1;0,00 €;
252340;292;K-003;Verhaltenskodex & Compliance;29.03.2025;06.05.2025;06.05.2025;abgeschlossen;1;0,00 €;4
250464;58;K-003;Verhaltenskodex & Compliance;30.03.2025;14.05.2025;14.05.2025;abgeschlossen;1;0,00 €;
251650;203;K-002;Arbeitsschutz-Unterweisung;30.03.2025;09.04.2025;09.04.2025;abgeschlossen;2;0,00 €;
251844;227;K-003;Verhaltenskodex & Compliance;30.03.2025;16.05.2025;16.05.2025;abgeschlossen;1;0,00 €;
252884;363;K-002;Arbeitsschutz-Unterweisung;30.03.2025;26.05.2025;26.05.2025;abgeschlossen;2;0,00 €;3
253233;404;K-002;Arbeitsschutz-Unterweisung;30.03.2025;15.04.2025;15.04.2025;abgeschlossen;2;0,00 €;4
250119;15;K-303;Schweißtechnik Auffrischung;31.03.2025;28.04.2025;29.04.2025;abgeschlossen;16;749,09 €;4
251263;155;K-502;Deutsch am Arbeitsplatz;31.03.2025;26.05.2025;27.05.2025;Abgeschlossen;20;386,95 €;4
251505;186;K-002;Arbeitsschutz-Unterweisung;31.03.2025;21.05.2025;21.05.2025;abgeschlossen;2;0,00 €;3
251855;228;K-102;Power BI Grundlagen;31.03.2025;25.04.2025;26.04.2025;Abgeschlossen;16;923,42 €;4
252012;249;K-001;Datenschutz-Grundlagen;31.03.2025;07.04.2025;07.04.2025;abgeschlossen;1;0,00 €;3
252762;348;K-001;Datenschutz-Grundlagen;31.03.2025;15.04.2025;15.04.2025;teilgenommen;1;0,00 €;
253046;381;K-003;Verhaltenskodex & Compliance;31.03.2025;10.04.2025;10.04.2025;abgeschlossen;1;0,00 €;4
250191;25;K-002;Arbeitsschutz-Unterweisung;01.04.2025;16.04.2025;16.04.2025;teilgenommen;2;0,00 €;
250611;78;K-303;Schweißtechnik Auffrischung;01.04.2025;19.05.2025;20.05.2025;abgeschlossen;16;774,04 €;5
250658;84;K-402;Erste Hilfe;01.04.2025;17.04.2025;17.04.2025;No-Show;0;64,14 €;
250671;86;K-001;Datenschutz-Grundlagen;01.04.2025;19.05.2025;19.05.2025;abgeschlossen;1;0,00 €;4
250732;94;K-001;Datenschutz-Grundlagen;01.04.2025;29.04.2025;29.04.2025;abgeschlossen;1;0,00 €;4
251561;193;K-001;Datenschutz-Grundlagen;01.04.2025;23.05.2025;23.05.2025;ABGESCHLOSSEN ;1;0,00 €;4
252419;302;K-002;Arbeitsschutz-Unterweisung;01.04.2025;12.05.2025;12.05.2025;Abgeschlossen;2;0,00 €;
253287;410;K-002;Arbeitsschutz-Unterweisung;01.04.2025;26.05.2025;26.05.2025;abgeschlossen;2;0,00 €;4
251850;227;K-102;Power BI Grundlagen;02.04.2025;28.04.2025;29.04.2025;abgeschlossen;16;861,91 €;4
252117;264;K-003;Verhaltenskodex & Compliance;02.04.2025;30.04.2025;30.04.2025;abgeschlossen;1;0,00 €;
252135;266;K-003;Verhaltenskodex & Compliance;02.04.2025;21.05.2025;21.05.2025;abgeschlossen;1;0,00 €;2
252316;290;K-002;Arbeitsschutz-Unterweisung;02.04.2025;23.04.2025;23.04.2025;abgeschlossen;2;0,00 €;3
252464;307;K-402;Erste Hilfe;02.04.2025;12.05.2025;12.05.2025;ABGESCHLOSSEN ;9;67,41 €;
253182;397;K-106;SAP S/4 Anwendertraining;02.04.2025;07.05.2025;07.05.2025;teilgenommen;8;0,00 €;
253264;407;K-102;Power BI Grundlagen;02.04.2025;02.05.2025;03.05.2025;abgeschlossen;16;847,58 €;4
251019;129;K-001;Datenschutz-Grundlagen;03.04.2025;27.05.2025;27.05.2025;ABGESCHLOSSEN ;1;0,00 €;5
251256;154;K-101;Excel Aufbau;03.04.2025;28.05.2025;28.05.2025;teilgenommen;8;286,18 €;5
251503;185;K-003;Verhaltenskodex & Compliance;03.04.2025;30.04.2025;30.04.2025;ABGESCHLOSSEN ;1;0,00 €;
251689;207;K-305;Projektmanagement Basis;03.04.2025;07.05.2025;08.05.2025;abgeschlossen;16;944,56 €;
252795;352;K-001;Datenschutz-Grundlagen;03.04.2025;02.06.2025;02.06.2025;abgeschlossen;1;0,00 €;3
253136;393;K-001;Datenschutz-Grundlagen;03.04.2025;30.04.2025;30.04.2025;abgeschlossen;1;0,00 €;
253262;407;K-102;Power BI Grundlagen;03.04.2025;09.05.2025;10.05.2025;Abgeschlossen;12;926,30 €;5
253262;407;K-102;Power BI Grundlagen;03.04.2025;09.05.2025;10.05.2025;Abgeschlossen;12;926,30 €;5
250266;35;K-001;Datenschutz-Grundlagen;04.04.2025;23.04.2025;23.04.2025;Abgeschlossen;1;0,00 €;
250266;35;K-001;Datenschutz-Grundlagen;04.04.2025;23.04.2025;23.04.2025;Abgeschlossen;1;0,00 €;
251010;128;K-001;Datenschutz-Grundlagen;04.04.2025;23.04.2025;23.04.2025;abgeschlossen;1;0,00 €;
251396;174;K-001;Datenschutz-Grundlagen;04.04.2025;13.05.2025;13.05.2025;abgeschlossen;1;0,00 €;
251709;209;K-105;Cloud-Architektur Zertifizierung;04.04.2025;14.04.2025;17.04.2025;abgeschlossen;32;2.436,15 €;
253296;412;K-001;Datenschutz-Grundlagen;04.04.2025;16.05.2025;16.05.2025;abgeschlossen;1;0,00 €;
250210;27;K-001;Datenschutz-Grundlagen;05.04.2025;21.05.2025;21.05.2025;abgeschlossen;1;0,00 €;3
250731;93;K-003;Verhaltenskodex & Compliance;05.04.2025;14.05.2025;14.05.2025;abgeschlossen;1;0,00 €;
250960;121;K-003;Verhaltenskodex & Compliance;05.04.2025;05.05.2025;05.05.2025;abgeschlossen;1;0,00 €;
251696;208;K-003;Verhaltenskodex & Compliance;05.04.2025;08.05.2025;08.05.2025;abgeschlossen;1;0,00 €;5
251775;218;K-003;Verhaltenskodex & Compliance;05.04.2025;13.05.2025;13.05.2025;abgeschlossen;1;0,00 €;3
251847;227;K-101;Excel Aufbau;05.04.2025;06.05.2025;06.05.2025;abgeschlossen;8;277,69 €;5
252247;280;K-003;Verhaltenskodex & Compliance;05.04.2025;08.05.2025;08.05.2025;abgeschlossen;1;0,00 €;
250543;69;K-002;Arbeitsschutz-Unterweisung;06.04.2025;02.05.2025;02.05.2025;abgeschlossen;2;0,00 €;4
250619;80;K-003;Verhaltenskodex & Compliance;06.04.2025;02.06.2025;02.06.2025;abgeschlossen;1;0,00 €;5
250955;120;K-303;Schweißtechnik Auffrischung;06.04.2025;28.04.2025;29.04.2025;abgeschlossen;16;729,25 €;4
251401;174;K-003;Verhaltenskodex & Compliance;06.04.2025;07.05.2025;07.05.2025;abgeschlossen;1;0,00 €;4
251447;180;K-001;Datenschutz-Grundlagen;06.04.2025;16.05.2025;16.05.2025;abgeschlossen;1;0,00 €;3
251866;230;K-001;Datenschutz-Grundlagen;06.04.2025;16.04.2025;16.04.2025;abgeschlossen;1;0,00 €;2
252368;296;K-001;Datenschutz-Grundlagen;06.04.2025;14.04.2025;14.04.2025;abgeschlossen;1;0,00 €;
252538;317;K-002;Arbeitsschutz-Unterweisung;06.04.2025;30.04.2025;30.04.2025;abgeschlossen;2;0,00 €;4
252648;331;K-501;Business English B1;06.04.2025;05.05.2025;06.05.2025;abgeschlossen;20;533,73 €;4
250029;4;K-002;Arbeitsschutz-Unterweisung;07.04.2025;22.05.2025;22.05.2025;abgeschlossen;2;0,00 €;3
250426;53;K-002;Arbeitsschutz-Unterweisung;07.04.2025;14.04.2025;14.04.2025;abgeschlossen;2;0,00 €;4
251943;241;K-002;Arbeitsschutz-Unterweisung;07.04.2025;05.05.2025;05.05.2025;abgeschlossen;2;0,00 €;4
252210;275;K-003;Verhaltenskodex & Compliance;07.04.2025;25.04.2025;25.04.2025;abgeschlossen;1;0,00 €;
252811;354;K-003;Verhaltenskodex & Compliance;07.04.2025;02.06.2025;02.06.2025;abgeschlossen;1;0,00 €;4
253271;408;K-101;Excel Aufbau;07.04.2025;25.04.2025;25.04.2025;abgeschlossen;8;302,01 €;
250745;94;K-402;Erste Hilfe;08.04.2025;28.05.2025;28.05.2025;storniert ;0;0,00 €;
250768;98;K-001;Datenschutz-Grundlagen;08.04.2025;06.06.2025;06.06.2025;abgeschlossen;1;0,00 €;
251084;135;K-402;Erste Hilfe;08.04.2025;27.05.2025;27.05.2025;abgeschlossen;5;63,06 €;
251521;188;K-104;IT-Sicherheit für alle;08.04.2025;06.05.2025;06.05.2025;storniert;0;0,00 €;
251742;214;K-001;Datenschutz-Grundlagen;08.04.2025;04.06.2025;04.06.2025;abgeschlossen;1;0,00 €;
252058;255;K-001;Datenschutz-Grundlagen;08.04.2025;27.05.2025;27.05.2025;abgeschlossen;1;0,00 €;3
252595;324;K-307;Technischer Vertrieb Intensiv;08.04.2025;19.05.2025;21.05.2025;ABGESCHLOSSEN ;20;2.874,07 €;3
250737;94;K-003;Verhaltenskodex & Compliance;09.04.2025;19.05.2025;19.05.2025;abgeschlossen;1;0,00 €;3
251438;178;K-402;Erste Hilfe;09.04.2025;23.04.2025;23.04.2025;abgeschlossen;7;66,56 €;4
251705;209;K-003;Verhaltenskodex & Compliance;09.04.2025;02.05.2025;02.05.2025;abgeschlossen;1;0,00 €;
251841;227;K-001;Datenschutz-Grundlagen;09.04.2025;29.04.2025;29.04.2025;abgeschlossen;1;0,00 €;4
250332;42;K-104;IT-Sicherheit für alle;10.04.2025;05.06.2025;05.06.2025;abgeschlossen;2;0,00 €;4
250366;46;K-402;Erste Hilfe;10.04.2025;17.04.2025;17.04.2025;storniert;0;0,00 €;
250472;59;K-301;Lean Production;10.04.2025;12.05.2025;13.05.2025;abgeschlossen;16;969,59 €;4
250916;115;K-002;Arbeitsschutz-Unterweisung;10.04.2025;24.04.2025;24.04.2025;abgeschlossen;2;0,00 €;4
253317;415;K-001;Datenschutz-Grundlagen;10.04.2025;27.05.2025;27.05.2025;abgeschlossen;1;0,00 €;3
252098;261;K-001;Datenschutz-Grundlagen;11.04.2025;03.06.2025;03.06.2025;abgeschlossen;1;0,00 €;4
252782;350;K-001;Datenschutz-Grundlagen;11.04.2025;30.04.2025;30.04.2025;abgeschlossen;1;0,00 €;4
253060;383;K-003;Verhaltenskodex & Compliance;11.04.2025;05.05.2025;05.05.2025;abgeschlossen;1;0,00 €;4
250462;58;K-001;Datenschutz-Grundlagen;12.04.2025;02.05.2025;02.05.2025;Abgeschlossen;1;0,00 €;3
250687;87;K-002;Arbeitsschutz-Unterweisung;12.04.2025;26.05.2025;26.05.2025;abgeschlossen;2;0,00 €;
251593;197;K-301;Lean Production;12.04.2025;06.06.2025;07.06.2025;abgeschlossen;16;953,84 €;5
252049;253;K-102;Power BI Grundlagen;12.04.2025;13.05.2025;14.05.2025;Abgeschlossen;16;922,19 €;5
252475;309;K-106;SAP S/4 Anwendertraining;12.04.2025;28.04.2025;28.04.2025;ABGESCHLOSSEN ;8;0,00 €;4
252586;323;K-306;Verhandlungstraining Vertrieb;12.04.2025;04.06.2025;05.06.2025;ABGESCHLOSSEN ;16;1.964,44 €;
252780;349;K-306;Verhandlungstraining Vertrieb;12.04.2025;11.06.2025;12.06.2025;abgeschlossen;16;2.024,87 €;
252910;365;K-003;Verhaltenskodex & Compliance;12.04.2025;27.05.2025;27.05.2025;abgeschlossen;1;0,00 €;
253348;419;K-002;Arbeitsschutz-Unterweisung;12.04.2025;19.05.2025;19.05.2025;abgeschlossen;2;0,00 €;5
250162;22;K-002;Arbeitsschutz-Unterweisung;13.04.2025;29.04.2025;29.04.2025;teilgenommen;2;0,00 €;3
250340;44;K-002;Arbeitsschutz-Unterweisung;13.04.2025;29.04.2025;29.04.2025;abgeschlossen;2;0,00 €;4
250345;44;K-106;SAP S/4 Anwendertraining;13.04.2025;08.05.2025;08.05.2025;abgeschlossen;8;0,00 €;
251108;138;K-003;Verhaltenskodex & Compliance;13.04.2025;22.05.2025;22.05.2025;abgeschlossen;1;0,00 €;4
251767;217;K-001;Datenschutz-Grundlagen;13.04.2025;05.06.2025;05.06.2025;Abgeschlossen;1;0,00 €;
251991;247;K-001;Datenschutz-Grundlagen;13.04.2025;11.06.2025;11.06.2025;abgeschlossen;1;0,00 €;
252066;256;K-003;Verhaltenskodex & Compliance;13.04.2025;10.06.2025;10.06.2025;abgeschlossen;1;0,00 €;1
252843;358;K-002;Arbeitsschutz-Unterweisung;13.04.2025;26.05.2025;26.05.2025;abgeschlossen;2;0,00 €;4
253250;406;K-001;Datenschutz-Grundlagen;13.04.2025;02.06.2025;02.06.2025;abgeschlossen;1;0,00 €;3
250606;78;K-003;Verhaltenskodex & Compliance;14.04.2025;21.05.2025;21.05.2025;abgeschlossen;1;0,00 €;3
250911;114;K-401;Staplerschein;14.04.2025;16.05.2025;17.05.2025;ABGESCHLOSSEN ;16;425,25 €;4
251317;163;K-301;Lean Production;14.04.2025;22.04.2025;23.04.2025;abgeschlossen;16;1.025,82 €;
252568;322;K-306;Verhandlungstraining Vertrieb;14.04.2025;11.06.2025;12.06.2025;abgeschlossen;16;1.993,40 €;5
251068;134;K-001;Datenschutz-Grundlagen;15.04.2025;02.05.2025;02.05.2025;abgeschlossen;1;0,00 €;
251149;144;K-001;Datenschutz-Grundlagen;15.04.2025;14.05.2025;14.05.2025;Abgeschlossen;1;0,00 €;
252662;333;K-307;Technischer Vertrieb Intensiv;15.04.2025;07.05.2025;09.05.2025;abgeschlossen;24;2.914,14 €;4
253249;405;K-203;Feedback & Mitarbeitergespräch;15.04.2025;12.05.2025;12.05.2025;abgeschlossen;4;0,00 €;3
250188;25;K-001;Datenschutz-Grundlagen;16.04.2025;25.04.2025;25.04.2025;abgeschlossen;1;0,00 €;2
251361;168;K-401;Staplerschein;16.04.2025;13.06.2025;14.06.2025;abgeschlossen;16;425,09 €;
251499;185;K-001;Datenschutz-Grundlagen;16.04.2025;05.06.2025;05.06.2025;abgeschlossen;1;0,00 €;4
251545;190;K-402;Erste Hilfe;16.04.2025;28.05.2025;28.05.2025;teilgenommen;9;64,52 €;
252005;248;K-002;Arbeitsschutz-Unterweisung;16.04.2025;11.06.2025;11.06.2025;ABGESCHLOSSEN ;2;0,00 €;
252150;268;K-002;Arbeitsschutz-Unterweisung;16.04.2025;13.05.2025;13.05.2025;abgeschlossen;2;0,00 €;
252425;303;K-001;Datenschutz-Grundlagen;16.04.2025;07.05.2025;07.05.2025;abgeschlossen;1;0,00 €;3
252590;324;K-002;Arbeitsschutz-Unterweisung;16.04.2025;27.05.2025;27.05.2025;abgeschlossen;2;0,00 €;
250011;2;K-002;Arbeitsschutz-Unterweisung;17.04.2025;09.05.2025;09.05.2025;abgeschlossen;2;0,00 €;
251114;138;K-304;Qualitätsmanagement ISO 9001;17.04.2025;21.05.2025;22.05.2025;abgeschlossen;12;825,55 €;4
251788;220;K-003;Verhaltenskodex & Compliance;17.04.2025;30.05.2025;30.05.2025;abgeschlossen;1;0,00 €;4
251788;220;K-003;Verhaltenskodex & Compliance;17.04.2025;30.05.2025;30.05.2025;abgeschlossen;1;0,00 €;4
252398;300;K-001;Datenschutz-Grundlagen;18.04.2025;05.06.2025;05.06.2025;ABGESCHLOSSEN ;1;0,00 €;3
250173;23;K-003;Verhaltenskodex & Compliance;19.04.2025;02.06.2025;02.06.2025;abgeschlossen;1;0,00 €;3
250556;70;K-402;Erste Hilfe;19.04.2025;11.06.2025;11.06.2025;abgeschlossen;9;67,86 €;4
250624;81;K-001;Datenschutz-Grundlagen;19.04.2025;16.06.2025;16.06.2025;ABGESCHLOSSEN ;1;0,00 €;2
252392;298;K-202;Konfliktgespräche führen;19.04.2025;17.06.2025;17.06.2025;abgeschlossen;8;670,81 €;5
250177;23;K-402;Erste Hilfe;20.04.2025;22.05.2025;22.05.2025;abgeschlossen;9;66,47 €;4
250650;84;K-001;Datenschutz-Grundlagen;20.04.2025;21.05.2025;21.05.2025;abgeschlossen;1;0,00 €;4
251148;143;K-104;IT-Sicherheit für alle;20.04.2025;28.04.2025;28.04.2025;abgeschlossen;2;0,00 €;4
251282;159;K-001;Datenschutz-Grundlagen;20.04.2025;11.06.2025;11.06.2025;abgeschlossen;1;0,00 €;3
252439;304;K-501;Business English B1;20.04.2025;28.04.2025;29.04.2025;abgeschlossen;20;558,00 €;
250295;38;K-001;Datenschutz-Grundlagen;21.04.2025;17.06.2025;17.06.2025;abgeschlossen;1;0,00 €;5
250924;116;K-003;Verhaltenskodex & Compliance;21.04.2025;30.04.2025;30.04.2025;abgeschlossen;1;0,00 €;4
251385;172;K-003;Verhaltenskodex & Compliance;21.04.2025;11.06.2025;11.06.2025;abgeschlossen;1;0,00 €;4
252382;297;K-003;Verhaltenskodex & Compliance;21.04.2025;19.05.2025;19.05.2025;abgeschlossen;1;0,00 €;5
253022;378;K-105;Cloud-Architektur Zertifizierung;21.04.2025;15.05.2025;18.05.2025;abgeschlossen;32;2.454,46 €;3
250019;3;K-001;Datenschutz-Grundlagen;22.04.2025;19.05.2025;19.05.2025;abgeschlossen;1;0,00 €;4
250260;34;K-002;Arbeitsschutz-Unterweisung;22.04.2025;30.05.2025;30.05.2025;abgeschlossen;2;0,00 €;4
250435;54;K-003;Verhaltenskodex & Compliance;22.04.2025;18.06.2025;18.06.2025;abgeschlossen;1;0,00 €;
250601;77;K-301;Lean Production;22.04.2025;26.05.2025;27.05.2025;abgeschlossen;16;947,75 €;4
251688;207;K-103;KI im Arbeitsalltag;22.04.2025;03.06.2025;03.06.2025;abgeschlossen;4;0,00 €;3
250331;42;K-301;Lean Production;23.04.2025;02.05.2025;03.05.2025;ABGESCHLOSSEN ;16;1.001,86 €;4
251919;237;K-003;Verhaltenskodex & Compliance;23.04.2025;13.05.2025;13.05.2025;abgeschlossen;1;0,00 €;3
252033;251;K-002;Arbeitsschutz-Unterweisung;23.04.2025;06.05.2025;06.05.2025;ABGESCHLOSSEN ;2;0,00 €;4
252680;335;K-306;Verhandlungstraining Vertrieb;23.04.2025;12.06.2025;13.06.2025;abgeschlossen;16;2.047,44 €;4
250386;49;K-104;IT-Sicherheit für alle;24.04.2025;13.05.2025;13.05.2025;abgeschlossen;2;0,00 €;3
250398;50;K-303;Schweißtechnik Auffrischung;24.04.2025;15.05.2025;16.05.2025;teilgenommen;16;755,27 €;
251764;216;K-003;Verhaltenskodex & Compliance;24.04.2025;02.05.2025;02.05.2025;abgeschlossen;1;0,00 €;4
252728;343;K-001;Datenschutz-Grundlagen;24.04.2025;13.05.2025;13.05.2025;abgeschlossen;1;0,00 €;4
253164;395;K-103;KI im Arbeitsalltag;24.04.2025;14.05.2025;14.05.2025;abgeschlossen;4;0,00 €;5
250504;64;K-003;Verhaltenskodex & Compliance;25.04.2025;12.05.2025;12.05.2025;abgeschlossen;1;0,00 €;5
250504;64;K-003;Verhaltenskodex & Compliance;25.04.2025;12.05.2025;12.05.2025;abgeschlossen;1;0,00 €;5
250779;99;K-002;Arbeitsschutz-Unterweisung;25.04.2025;16.05.2025;16.05.2025;abgeschlossen;2;0,00 €;
250786;99;K-401;Staplerschein;25.04.2025;15.05.2025;16.05.2025;abgeschlossen;16;434,49 €;4
251573;195;K-001;Datenschutz-Grundlagen;25.04.2025;09.05.2025;09.05.2025;abgeschlossen;1;0,00 €;3
252124;265;K-003;Verhaltenskodex & Compliance;25.04.2025;18.06.2025;18.06.2025;abgeschlossen;1;0,00 €;
252534;316;K-306;Verhandlungstraining Vertrieb;25.04.2025;26.05.2025;27.05.2025;abgeschlossen;16;2.049,01 €;4
253251;406;K-002;Arbeitsschutz-Unterweisung;25.04.2025;03.06.2025;03.06.2025;ABGESCHLOSSEN ;2;0,00 €;4
250186;24;K-003;Verhaltenskodex & Compliance;26.04.2025;22.05.2025;22.05.2025;abgeschlossen;1;0,00 €;4
250905;114;K-002;Arbeitsschutz-Unterweisung;26.04.2025;15.05.2025;15.05.2025;abgeschlossen;2;0,00 €;2
253267;408;K-002;Arbeitsschutz-Unterweisung;26.04.2025;13.06.2025;13.06.2025;ABGESCHLOSSEN ;2;0,00 €;4
250377;48;K-003;Verhaltenskodex & Compliance;27.04.2025;06.06.2025;06.06.2025;abgeschlossen;1;0,00 €;4
250903;114;K-001;Datenschutz-Grundlagen;27.04.2025;19.05.2025;19.05.2025;teilgenommen;1;0,00 €;5
251930;239;K-002;Arbeitsschutz-Unterweisung;27.04.2025;30.05.2025;30.05.2025;abgeschlossen;2;0,00 €;5
252361;295;K-001;Datenschutz-Grundlagen;27.04.2025;06.05.2025;06.05.2025;abgeschlossen;1;0,00 €;4
253274;408;K-501;Business English B1;27.04.2025;23.06.2025;24.06.2025;abgeschlossen;20;578,29 €;
253332;417;K-202;Konfliktgespräche führen;27.04.2025;11.06.2025;11.06.2025;abgeschlossen;8;692,99 €;4
251243;153;K-003;Verhaltenskodex & Compliance;28.04.2025;24.06.2025;24.06.2025;abgeschlossen;1;0,00 €;4
251489;184;K-001;Datenschutz-Grundlagen;28.04.2025;10.06.2025;10.06.2025;abgeschlossen;1;0,00 €;3
253130;392;K-002;Arbeitsschutz-Unterweisung;28.04.2025;07.05.2025;07.05.2025;teilgenommen;2;0,00 €;
250289;37;K-402;Erste Hilfe;29.04.2025;02.06.2025;02.06.2025;abgeschlossen;9;66,46 €;4
250337;44;K-001;Datenschutz-Grundlagen;29.04.2025;02.06.2025;02.06.2025;teilgenommen;1;0,00 €;4
250430;54;K-001;Datenschutz-Grundlagen;29.04.2025;07.05.2025;07.05.2025;abgeschlossen;1;0,00 €;4
250437;54;K-302;CNC-Programmierung;29.04.2025;09.05.2025;11.05.2025;teilgenommen;24;1.446,74 €;
251118;139;K-003;Verhaltenskodex & Compliance;29.04.2025;20.06.2025;20.06.2025;teilgenommen;1;0,00 €;4
251611;199;K-003;Verhaltenskodex & Compliance;29.04.2025;05.06.2025;05.06.2025;abgeschlossen;1;0,00 €;4
252787;350;K-307;Technischer Vertrieb Intensiv;29.04.2025;17.06.2025;19.06.2025;abgeschlossen;24;2.820,57 €;5
251634;201;K-101;Excel Aufbau;30.04.2025;17.06.2025;17.06.2025;abgeschlossen;8;281,94 €;5
252598;324;K-307;Technischer Vertrieb Intensiv;30.04.2025;10.06.2025;12.06.2025;Abgeschlossen;24;2.924,18 €;5
252993;374;K-003;Verhaltenskodex & Compliance;30.04.2025;26.06.2025;26.06.2025;abgeschlossen;1;0,00 €;2
250511;65;K-301;Lean Production;01.05.2025;22.05.2025;23.05.2025;abgeschlossen;12;970,30 €;4
251229;152;K-003;Verhaltenskodex & Compliance;01.05.2025;26.05.2025;26.05.2025;abgeschlossen;1;0,00 €;
251296;160;K-301;Lean Production;01.05.2025;08.05.2025;09.05.2025;abgeschlossen;16;1.003,41 €;5
251324;165;K-001;Datenschutz-Grundlagen;01.05.2025;16.06.2025;16.06.2025;no show;0;0,00 €;
251413;176;K-001;Datenschutz-Grundlagen;01.05.2025;04.06.2025;04.06.2025;abgeschlossen;1;0,00 €;
251565;194;K-001;Datenschutz-Grundlagen;01.05.2025;28.05.2025;28.05.2025;abgeschlossen;1;0,00 €;2
251842;227;K-002;Arbeitsschutz-Unterweisung;01.05.2025;11.06.2025;11.06.2025;abgeschlossen;2;0,00 €;4
251994;247;K-002;Arbeitsschutz-Unterweisung;01.05.2025;05.06.2025;05.06.2025;abgeschlossen;2;0,00 €;
252724;342;K-307;Technischer Vertrieb Intensiv;01.05.2025;04.06.2025;06.06.2025;No-Show;0;2.712,02 €;
250127;17;K-001;Datenschutz-Grundlagen;02.05.2025;24.06.2025;24.06.2025;abgeschlossen;1;0,00 €;3
250205;26;K-003;Verhaltenskodex & Compliance;02.05.2025;16.06.2025;16.06.2025;abgeschlossen;1;0,00 €;2
250422;52;K-401;Staplerschein;02.05.2025;17.06.2025;18.06.2025;ABGESCHLOSSEN ;16;419,71 €;
251377;171;K-002;Arbeitsschutz-Unterweisung;02.05.2025;06.06.2025;06.06.2025;abgeschlossen;2;0,00 €;4
251411;175;K-003;Verhaltenskodex & Compliance;02.05.2025;26.05.2025;26.05.2025;abgeschlossen;1;0,00 €;
252314;289;K-003;Verhaltenskodex & Compliance;02.05.2025;23.05.2025;23.05.2025;abgeschlossen;1;0,00 €;3
252774;349;K-001;Datenschutz-Grundlagen;02.05.2025;09.05.2025;09.05.2025;abgeschlossen;1;0,00 €;
250301;38;K-301;Lean Production;03.05.2025;17.06.2025;18.06.2025;Abgeschlossen;16;1.023,90 €;5
250452;56;K-002;Arbeitsschutz-Unterweisung;03.05.2025;16.05.2025;16.05.2025;abgeschlossen;2;0,00 €;5
251459;181;K-002;Arbeitsschutz-Unterweisung;03.05.2025;30.06.2025;30.06.2025;abgeschlossen;2;0,00 €;
251459;181;K-002;Arbeitsschutz-Unterweisung;03.05.2025;30.06.2025;30.06.2025;abgeschlossen;2;0,00 €;
251639;202;K-001;Datenschutz-Grundlagen;03.05.2025;26.05.2025;26.05.2025;Storniert;0;0,00 €;
252831;356;K-201;Führung Basis;03.05.2025;03.06.2025;05.06.2025;No-Show;0;1.707,86 €;
251779;219;K-003;Verhaltenskodex & Compliance;04.05.2025;03.06.2025;03.06.2025;abgeschlossen;1;0,00 €;
251895;234;K-001;Datenschutz-Grundlagen;04.05.2025;03.07.2025;03.07.2025;Abgeschlossen;1;0,00 €;3
251967;244;K-002;Arbeitsschutz-Unterweisung;04.05.2025;17.06.2025;17.06.2025;ABGESCHLOSSEN ;2;0,00 €;
252517;314;K-307;Technischer Vertrieb Intensiv;04.05.2025;02.06.2025;04.06.2025;abgeschlossen;24;2.972,31 €;4
252772;348;K-307;Technischer Vertrieb Intensiv;04.05.2025;24.06.2025;26.06.2025;abgeschlossen;24;2.937,88 €;4
250258;34;K-001;Datenschutz-Grundlagen;05.05.2025;10.06.2025;10.06.2025;abgeschlossen;1;0,00 €;5
251713;210;K-002;Arbeitsschutz-Unterweisung;05.05.2025;04.07.2025;04.07.2025;abgeschlossen;2;0,00 €;
252311;289;K-002;Arbeitsschutz-Unterweisung;05.05.2025;14.05.2025;14.05.2025;abgeschlossen;2;0,00 €;3
250351;45;K-002;Arbeitsschutz-Unterweisung;06.05.2025;02.06.2025;02.06.2025;abgeschlossen;2;0,00 €;3
251793;221;K-002;Arbeitsschutz-Unterweisung;06.05.2025;13.05.2025;13.05.2025;abgeschlossen;2;0,00 €;4
251912;236;K-002;Arbeitsschutz-Unterweisung;06.05.2025;05.06.2025;05.06.2025;ABGESCHLOSSEN ;2;0,00 €;4
252777;349;K-003;Verhaltenskodex & Compliance;06.05.2025;22.05.2025;22.05.2025;abgeschlossen;1;0,00 €;4
253059;383;K-002;Arbeitsschutz-Unterweisung;06.05.2025;02.07.2025;02.07.2025;abgeschlossen;2;0,00 €;4
253070;384;K-102;Power BI Grundlagen;06.05.2025;23.06.2025;24.06.2025;teilgenommen;16;881,08 €;5
252168;270;K-002;Arbeitsschutz-Unterweisung;07.05.2025;13.06.2025;13.06.2025;abgeschlossen;2;0,00 €;5
252522;315;K-001;Datenschutz-Grundlagen;07.05.2025;06.06.2025;06.06.2025;abgeschlossen;1;0,00 €;4
252714;340;K-103;KI im Arbeitsalltag;07.05.2025;25.06.2025;25.06.2025;abgeschlossen;4;0,00 €;5
250520;66;K-003;Verhaltenskodex & Compliance;08.05.2025;05.06.2025;05.06.2025;abgeschlossen;1;0,00 €;2
251240;153;K-002;Arbeitsschutz-Unterweisung;08.05.2025;30.05.2025;30.05.2025;abgeschlossen;2;0,00 €;4
252823;355;K-003;Verhaltenskodex & Compliance;08.05.2025;16.05.2025;16.05.2025;abgeschlossen;1;0,00 €;3
253025;379;K-001;Datenschutz-Grundlagen;08.05.2025;30.05.2025;30.05.2025;abgeschlossen;1;0,00 €;3
253265;408;K-001;Datenschutz-Grundlagen;08.05.2025;26.05.2025;26.05.2025;Abgeschlossen;1;0,00 €;4
252338;292;K-002;Arbeitsschutz-Unterweisung;09.05.2025;04.07.2025;04.07.2025;Abgeschlossen;2;0,00 €;4
253331;417;K-003;Verhaltenskodex & Compliance;09.05.2025;21.05.2025;21.05.2025;abgeschlossen;1;0,00 €;
250285;37;K-002;Arbeitsschutz-Unterweisung;10.05.2025;02.07.2025;02.07.2025;abgeschlossen;2;0,00 €;3
250496;63;K-003;Verhaltenskodex & Compliance;10.05.2025;21.05.2025;21.05.2025;Abgeschlossen;1;0,00 €;4
251315;163;K-003;Verhaltenskodex & Compliance;10.05.2025;28.05.2025;28.05.2025;ABGESCHLOSSEN ;1;0,00 €;4
252103;261;K-003;Verhaltenskodex & Compliance;10.05.2025;19.05.2025;19.05.2025;abgeschlossen;1;0,00 €;
252109;263;K-002;Arbeitsschutz-Unterweisung;10.05.2025;28.05.2025;28.05.2025;abgeschlossen;2;0,00 €;3
252453;306;K-001;Datenschutz-Grundlagen;10.05.2025;04.06.2025;04.06.2025;abgeschlossen;1;0,00 €;3
252868;361;K-105;Cloud-Architektur Zertifizierung;10.05.2025;21.05.2025;24.05.2025;abgeschlossen;32;2.440,81 €;
250844;107;K-002;Arbeitsschutz-Unterweisung;11.05.2025;03.06.2025;03.06.2025;abgeschlossen;2;0,00 €;4
251047;131;K-103;KI im Arbeitsalltag;11.05.2025;10.06.2025;10.06.2025;abgeschlossen;4;0,00 €;4
251314;163;K-002;Arbeitsschutz-Unterweisung;11.05.2025;05.06.2025;05.06.2025;abgeschlossen;2;0,00 €;
250852;108;K-002;Arbeitsschutz-Unterweisung;12.05.2025;27.06.2025;27.06.2025;abgeschlossen;2;0,00 €;5
250855;108;K-003;Verhaltenskodex & Compliance;12.05.2025;28.05.2025;28.05.2025;abgeschlossen;1;0,00 €;
251179;146;K-402;Erste Hilfe;12.05.2025;24.06.2025;24.06.2025;abgeschlossen;9;61,97 €;4
251237;153;K-001;Datenschutz-Grundlagen;12.05.2025;05.06.2025;05.06.2025;abgeschlossen;1;0,00 €;3
251869;230;K-002;Arbeitsschutz-Unterweisung;12.05.2025;02.07.2025;02.07.2025;teilgenommen;2;0,00 €;3
253132;392;K-003;Verhaltenskodex & Compliance;12.05.2025;30.05.2025;30.05.2025;ABGESCHLOSSEN ;1;0,00 €;
250630;81;K-303;Schweißtechnik Auffrischung;13.05.2025;03.06.2025;04.06.2025;abgeschlossen;16;774,42 €;5
251769;217;K-003;Verhaltenskodex & Compliance;13.05.2025;30.05.2025;30.05.2025;abgeschlossen;1;0,00 €;4
252476;309;K-501;Business English B1;15.05.2025;02.07.2025;03.07.2025;No-Show;0;573,39 €;
250529;67;K-002;Arbeitsschutz-Unterweisung;16.05.2025;23.06.2025;23.06.2025;abgeschlossen;2;0,00 €;3
252853;359;K-003;Verhaltenskodex & Compliance;16.05.2025;23.05.2025;23.05.2025;abgeschlossen;1;0,00 €;4
250617;80;K-001;Datenschutz-Grundlagen;17.05.2025;24.06.2025;24.06.2025;abgeschlossen;1;0,00 €;
251944;241;K-003;Verhaltenskodex & Compliance;17.05.2025;10.07.2025;10.07.2025;abgeschlossen;1;0,00 €;2
252715;341;K-001;Datenschutz-Grundlagen;17.05.2025;14.07.2025;14.07.2025;abgeschlossen;1;0,00 €;2
252945;369;K-001;Datenschutz-Grundlagen;17.05.2025;30.05.2025;30.05.2025;abgeschlossen;1;0,00 €;
253076;385;K-002;Arbeitsschutz-Unterweisung;17.05.2025;27.06.2025;27.06.2025;abgeschlossen;2;0,00 €;4
250064;9;K-001;Datenschutz-Grundlagen;18.05.2025;03.06.2025;03.06.2025;abgeschlossen;1;0,00 €;
250642;83;K-001;Datenschutz-Grundlagen;18.05.2025;16.06.2025;16.06.2025;abgeschlossen;1;0,00 €;2
250773;98;K-003;Verhaltenskodex & Compliance;18.05.2025;05.06.2025;05.06.2025;No-Show;0;0,00 €;
251905;235;K-003;Verhaltenskodex & Compliance;18.05.2025;10.07.2025;10.07.2025;abgeschlossen;1;0,00 €;4
252323;290;K-402;Erste Hilfe;18.05.2025;10.06.2025;10.06.2025;abgeschlossen;9;66,08 €;
252625;328;K-002;Arbeitsschutz-Unterweisung;18.05.2025;04.07.2025;04.07.2025;No-Show;0;0,00 €;
252863;361;K-002;Arbeitsschutz-Unterweisung;18.05.2025;23.06.2025;23.06.2025;abgeschlossen;2;0,00 €;4
250223;28;K-003;Verhaltenskodex & Compliance;19.05.2025;16.06.2025;16.06.2025;Abgeschlossen;1;0,00 €;4
250575;73;K-002;Arbeitsschutz-Unterweisung;19.05.2025;11.07.2025;11.07.2025;abgeschlossen;2;0,00 €;3
251327;165;K-002;Arbeitsschutz-Unterweisung;19.05.2025;11.06.2025;11.06.2025;abgeschlossen;2;0,00 €;4
252139;266;K-203;Feedback & Mitarbeitergespräch;19.05.2025;13.06.2025;13.06.2025;ABGESCHLOSSEN ;4;0,00 €;
250949;120;K-002;Arbeitsschutz-Unterweisung;20.05.2025;23.06.2025;23.06.2025;abgeschlossen;2;0,00 €;3
251520;188;K-003;Verhaltenskodex & Compliance;20.05.2025;10.06.2025;10.06.2025;abgeschlossen;1;0,00 €;3
251913;236;K-003;Verhaltenskodex & Compliance;20.05.2025;13.06.2025;13.06.2025;abgeschlossen;1;0,00 €;3
252976;372;K-305;Projektmanagement Basis;20.05.2025;28.05.2025;29.05.2025;abgeschlossen;16;980,09 €;
250010;2;K-001;Datenschutz-Grundlagen;21.05.2025;18.06.2025;18.06.2025;abgeschlossen;1;0,00 €;3
251096;137;K-002;Arbeitsschutz-Unterweisung;21.05.2025;02.07.2025;02.07.2025;abgeschlossen;2;0,00 €;4
252161;269;K-001;Datenschutz-Grundlagen;21.05.2025;27.06.2025;27.06.2025;abgeschlossen;1;0,00 €;
252409;301;K-003;Verhaltenskodex & Compliance;21.05.2025;13.06.2025;13.06.2025;abgeschlossen;1;0,00 €;4
252808;353;K-003;Verhaltenskodex & Compliance;21.05.2025;03.06.2025;03.06.2025;abgeschlossen;1;0,00 €;3
250708;90;K-002;Arbeitsschutz-Unterweisung;22.05.2025;13.06.2025;13.06.2025;abgeschlossen;2;0,00 €;3
250822;104;K-301;Lean Production;22.05.2025;05.06.2025;06.06.2025;abgeschlossen;16;969,24 €;4
252177;271;K-003;Verhaltenskodex & Compliance;22.05.2025;16.07.2025;16.07.2025;abgeschlossen;1;0,00 €;4
252525;315;K-002;Arbeitsschutz-Unterweisung;22.05.2025;06.06.2025;06.06.2025;abgeschlossen;2;0,00 €;4
250211;27;K-002;Arbeitsschutz-Unterweisung;23.05.2025;10.06.2025;10.06.2025;abgeschlossen;2;0,00 €;
251800;221;K-103;KI im Arbeitsalltag;23.05.2025;16.07.2025;16.07.2025;Abgeschlossen;4;0,00 €;
252090;259;K-501;Business English B1;23.05.2025;06.06.2025;07.06.2025;abgeschlossen;20;538,27 €;
252565;322;K-002;Arbeitsschutz-Unterweisung;23.05.2025;09.07.2025;09.07.2025;teilgenommen;2;0,00 €;5
252845;358;K-003;Verhaltenskodex & Compliance;23.05.2025;24.06.2025;24.06.2025;teilgenommen;1;0,00 €;
253120;391;K-002;Arbeitsschutz-Unterweisung;23.05.2025;30.06.2025;30.06.2025;abgeschlossen;2;0,00 €;5
250046;7;K-002;Arbeitsschutz-Unterweisung;24.05.2025;02.07.2025;02.07.2025;abgeschlossen;2;0,00 €;
250389;49;K-402;Erste Hilfe;24.05.2025;18.06.2025;18.06.2025;storniert;0;0,00 €;
250480;61;K-003;Verhaltenskodex & Compliance;24.05.2025;07.07.2025;07.07.2025;abgeschlossen;1;0,00 €;5
252636;330;K-001;Datenschutz-Grundlagen;24.05.2025;13.06.2025;13.06.2025;Abgeschlossen;1;0,00 €;5
250082;11;K-401;Staplerschein;25.05.2025;23.06.2025;24.06.2025;abgeschlossen;16;437,08 €;4
250184;24;K-002;Arbeitsschutz-Unterweisung;25.05.2025;10.07.2025;10.07.2025;abgeschlossen;2;0,00 €;4
250597;77;K-002;Arbeitsschutz-Unterweisung;25.05.2025;30.06.2025;30.06.2025;abgeschlossen;2;0,00 €;
250979;124;K-001;Datenschutz-Grundlagen;25.05.2025;02.07.2025;02.07.2025;abgeschlossen;1;0,00 €;3
251514;187;K-003;Verhaltenskodex & Compliance;25.05.2025;30.06.2025;30.06.2025;abgeschlossen;1;0,00 €;3
252002;248;K-001;Datenschutz-Grundlagen;25.05.2025;26.06.2025;26.06.2025;abgeschlossen;1;0,00 €;
252943;368;K-201;Führung Basis;25.05.2025;17.06.2025;19.06.2025;abgeschlossen;24;1.729,78 €;4
251659;204;K-002;Arbeitsschutz-Unterweisung;26.05.2025;14.07.2025;14.07.2025;teilgenommen;2;0,00 €;3
252320;290;K-501;Business English B1;26.05.2025;02.06.2025;03.06.2025;abgeschlossen;20;572,77 €;3
252535;317;K-001;Datenschutz-Grundlagen;26.05.2025;10.07.2025;10.07.2025;abgeschlossen;1;0,00 €;
252615;327;K-002;Arbeitsschutz-Unterweisung;26.05.2025;27.06.2025;27.06.2025;abgeschlossen;2;0,00 €;5
250618;80;K-002;Arbeitsschutz-Unterweisung;27.05.2025;23.06.2025;23.06.2025;ABGESCHLOSSEN ;2;0,00 €;5
250878;111;K-001;Datenschutz-Grundlagen;27.05.2025;24.06.2025;24.06.2025;abgeschlossen;1;0,00 €;4
252488;311;K-002;Arbeitsschutz-Unterweisung;27.05.2025;14.07.2025;14.07.2025;Abgeschlossen;2;0,00 €;4
253217;402;K-001;Datenschutz-Grundlagen;27.05.2025;23.06.2025;23.06.2025;abgeschlossen;1;0,00 €;4
253302;412;K-106;SAP S/4 Anwendertraining;27.05.2025;27.06.2025;27.06.2025;abgeschlossen;8;0,00 €;4
251865;229;K-304;Qualitätsmanagement ISO 9001;28.05.2025;19.06.2025;20.06.2025;abgeschlossen;12;850,64 €;4
252325;291;K-001;Datenschutz-Grundlagen;28.05.2025;23.06.2025;23.06.2025;Abgeschlossen;1;0,00 €;3
253105;389;K-001;Datenschutz-Grundlagen;28.05.2025;23.07.2025;23.07.2025;Abgeschlossen;1;0,00 €;
250101;13;K-003;Verhaltenskodex & Compliance;29.05.2025;20.06.2025;20.06.2025;ABGESCHLOSSEN ;1;0,00 €;
250361;46;K-001;Datenschutz-Grundlagen;29.05.2025;10.06.2025;10.06.2025;storniert;0;0,00 €;
251115;139;K-001;Datenschutz-Grundlagen;29.05.2025;15.07.2025;15.07.2025;abgeschlossen;1;0,00 €;4
251881;231;K-102;Power BI Grundlagen;29.05.2025;01.07.2025;02.07.2025;storniert;0;0,00 €;
251906;235;K-304;Qualitätsmanagement ISO 9001;29.05.2025;11.06.2025;12.06.2025;abgeschlossen;12;858,73 €;4
252096;260;K-002;Arbeitsschutz-Unterweisung;29.05.2025;28.07.2025;28.07.2025;abgeschlossen;2;0,00 €;
252190;272;K-304;Qualitätsmanagement ISO 9001;29.05.2025;06.06.2025;07.06.2025;Abgeschlossen;12;830,16 €;4
252850;359;K-001;Datenschutz-Grundlagen;29.05.2025;24.06.2025;24.06.2025;abgeschlossen;1;0,00 €;
253088;386;K-003;Verhaltenskodex & Compliance;29.05.2025;21.07.2025;21.07.2025;abgeschlossen;1;0,00 €;
250506;65;K-001;Datenschutz-Grundlagen;30.05.2025;06.06.2025;06.06.2025;abgeschlossen;1;0,00 €;3
250639;82;K-301;Lean Production;30.05.2025;17.06.2025;18.06.2025;abgeschlossen;16;1.016,29 €;4
252216;276;K-002;Arbeitsschutz-Unterweisung;30.05.2025;24.07.2025;24.07.2025;Abgeschlossen;2;0,00 €;
252529;316;K-001;Datenschutz-Grundlagen;30.05.2025;17.07.2025;17.07.2025;abgeschlossen;1;0,00 €;2
252936;368;K-003;Verhaltenskodex & Compliance;30.05.2025;18.07.2025;18.07.2025;abgeschlossen;1;0,00 €;4
250057;8;K-002;Arbeitsschutz-Unterweisung;31.05.2025;11.06.2025;11.06.2025;Abgeschlossen;2;0,00 €;4
250514;66;K-001;Datenschutz-Grundlagen;31.05.2025;17.07.2025;17.07.2025;abgeschlossen;1;0,00 €;4
250612;79;K-001;Datenschutz-Grundlagen;31.05.2025;09.07.2025;09.07.2025;abgeschlossen;1;0,00 €;3
250788;100;K-002;Arbeitsschutz-Unterweisung;31.05.2025;27.06.2025;27.06.2025;abgeschlossen;2;0,00 €;3
251903;235;K-001;Datenschutz-Grundlagen;31.05.2025;26.06.2025;26.06.2025;abgeschlossen;1;0,00 €;
252436;304;K-002;Arbeitsschutz-Unterweisung;31.05.2025;30.07.2025;30.07.2025;abgeschlossen;2;0,00 €;4
252570;322;K-306;Verhandlungstraining Vertrieb;31.05.2025;11.06.2025;12.06.2025;storniert ;0;957,81 €;
253051;382;K-003;Verhaltenskodex & Compliance;31.05.2025;02.07.2025;02.07.2025;abgeschlossen;1;0,00 €;3
250078;11;K-001;Datenschutz-Grundlagen;01.06.2025;07.07.2025;07.07.2025;ABGESCHLOSSEN ;1;0,00 €;3
250080;11;K-002;Arbeitsschutz-Unterweisung;01.06.2025;17.07.2025;17.07.2025;abgeschlossen;2;0,00 €;4
250478;61;K-001;Datenschutz-Grundlagen;01.06.2025;09.07.2025;09.07.2025;abgeschlossen;1;0,00 €;2
250626;81;K-002;Arbeitsschutz-Unterweisung;01.06.2025;25.06.2025;25.06.2025;Abgeschlossen;2;0,00 €;4
250920;116;K-001;Datenschutz-Grundlagen;01.06.2025;09.07.2025;09.07.2025;abgeschlossen;1;0,00 €;4
251092;136;K-003;Verhaltenskodex & Compliance;01.06.2025;08.07.2025;08.07.2025;abgeschlossen;1;0,00 €;3
251211;150;K-003;Verhaltenskodex & Compliance;01.06.2025;19.06.2025;19.06.2025;abgeschlossen;1;0,00 €;4
251480;183;K-401;Staplerschein;01.06.2025;23.07.2025;24.07.2025;abgeschlossen;16;409,98 €;3
252055;254;K-002;Arbeitsschutz-Unterweisung;01.06.2025;14.07.2025;14.07.2025;abgeschlossen;2;0,00 €;3
252145;267;K-003;Verhaltenskodex & Compliance;01.06.2025;23.06.2025;23.06.2025;abgeschlossen;1;0,00 €;4
251154;144;K-304;Qualitätsmanagement ISO 9001;02.06.2025;11.06.2025;12.06.2025;ABGESCHLOSSEN ;10;854,63 €;
252856;360;K-002;Arbeitsschutz-Unterweisung;02.06.2025;30.07.2025;30.07.2025;ABGESCHLOSSEN ;2;0,00 €;3
252905;365;K-001;Datenschutz-Grundlagen;02.06.2025;25.06.2025;25.06.2025;abgeschlossen;1;0,00 €;
253188;398;K-003;Verhaltenskodex & Compliance;02.06.2025;12.06.2025;12.06.2025;ABGESCHLOSSEN ;1;0,00 €;
250235;30;K-402;Erste Hilfe;03.06.2025;12.06.2025;12.06.2025;abgeschlossen;9;62,43 €;3
250280;36;K-003;Verhaltenskodex & Compliance;03.06.2025;25.06.2025;25.06.2025;abgeschlossen;1;0,00 €;4
250433;54;K-002;Arbeitsschutz-Unterweisung;03.06.2025;19.06.2025;19.06.2025;abgeschlossen;2;0,00 €;5
251193;148;K-002;Arbeitsschutz-Unterweisung;03.06.2025;03.07.2025;03.07.2025;abgeschlossen;2;0,00 €;
251439;178;K-502;Deutsch am Arbeitsplatz;03.06.2025;27.06.2025;28.06.2025;No-Show;0;371,12 €;
251654;203;K-106;SAP S/4 Anwendertraining;03.06.2025;24.06.2025;24.06.2025;abgeschlossen;8;0,00 €;
251680;207;K-001;Datenschutz-Grundlagen;03.06.2025;16.07.2025;16.07.2025;abgeschlossen;1;0,00 €;
252056;254;K-003;Verhaltenskodex & Compliance;03.06.2025;18.07.2025;18.07.2025;abgeschlossen;1;0,00 €;3
252947;369;K-002;Arbeitsschutz-Unterweisung;03.06.2025;10.07.2025;10.07.2025;abgeschlossen;2;0,00 €;5
253226;403;K-001;Datenschutz-Grundlagen;03.06.2025;30.06.2025;30.06.2025;ABGESCHLOSSEN ;1;0,00 €;3
251829;225;K-003;Verhaltenskodex & Compliance;04.06.2025;20.06.2025;20.06.2025;abgeschlossen;1;0,00 €;3
250587;75;K-003;Verhaltenskodex & Compliance;05.06.2025;25.07.2025;25.07.2025;abgeschlossen;1;0,00 €;
251270;157;K-001;Datenschutz-Grundlagen;05.06.2025;23.07.2025;23.07.2025;abgeschlossen;1;0,00 €;3
251418;176;K-003;Verhaltenskodex & Compliance;05.06.2025;24.07.2025;24.07.2025;abgeschlossen;1;0,00 €;5
251980;246;K-001;Datenschutz-Grundlagen;05.06.2025;18.06.2025;18.06.2025;abgeschlossen;1;0,00 €;3
250567;72;K-103;KI im Arbeitsalltag;06.06.2025;25.07.2025;25.07.2025;abgeschlossen;4;0,00 €;3
252685;336;K-002;Arbeitsschutz-Unterweisung;06.06.2025;24.06.2025;24.06.2025;abgeschlossen;2;0,00 €;4
250254;33;K-001;Datenschutz-Grundlagen;07.06.2025;17.07.2025;17.07.2025;abgeschlossen;1;0,00 €;
251955;243;K-002;Arbeitsschutz-Unterweisung;07.06.2025;29.07.2025;29.07.2025;abgeschlossen;2;0,00 €;3
253003;376;K-002;Arbeitsschutz-Unterweisung;07.06.2025;19.06.2025;19.06.2025;abgeschlossen;2;0,00 €;4
251664;204;K-106;SAP S/4 Anwendertraining;08.06.2025;02.07.2025;02.07.2025;abgeschlossen;8;0,00 €;3
251816;224;K-002;Arbeitsschutz-Unterweisung;08.06.2025;14.07.2025;14.07.2025;Abgeschlossen;2;0,00 €;4
252826;356;K-001;Datenschutz-Grundlagen;08.06.2025;03.07.2025;03.07.2025;abgeschlossen;1;0,00 €;3
250048;7;K-003;Verhaltenskodex & Compliance;09.06.2025;31.07.2025;31.07.2025;abgeschlossen;1;0,00 €;5
250388;49;K-401;Staplerschein;09.06.2025;18.06.2025;19.06.2025;abgeschlossen;16;426,67 €;5
252025;250;K-002;Arbeitsschutz-Unterweisung;09.06.2025;25.06.2025;25.06.2025;abgeschlossen;2;0,00 €;4
251492;184;K-002;Arbeitsschutz-Unterweisung;10.06.2025;17.06.2025;17.06.2025;abgeschlossen;2;0,00 €;4
251548;191;K-001;Datenschutz-Grundlagen;10.06.2025;19.06.2025;19.06.2025;abgeschlossen;1;0,00 €;4
252421;302;K-003;Verhaltenskodex & Compliance;10.06.2025;29.07.2025;29.07.2025;abgeschlossen;1;0,00 €;
252785;350;K-002;Arbeitsschutz-Unterweisung;10.06.2025;20.06.2025;20.06.2025;abgeschlossen;2;0,00 €;5
252855;360;K-001;Datenschutz-Grundlagen;10.06.2025;08.07.2025;08.07.2025;abgeschlossen;1;0,00 €;
253257;407;K-001;Datenschutz-Grundlagen;10.06.2025;01.07.2025;01.07.2025;abgeschlossen;1;0,00 €;3
250829;105;K-303;Schweißtechnik Auffrischung;11.06.2025;20.06.2025;21.06.2025;teilgenommen;16;718,86 €;
250829;105;K-303;Schweißtechnik Auffrischung;11.06.2025;20.06.2025;21.06.2025;teilgenommen;16;718,86 €;
251172;146;K-001;Datenschutz-Grundlagen;11.06.2025;01.08.2025;01.08.2025;abgeschlossen;1;0,00 €;
251354;168;K-002;Arbeitsschutz-Unterweisung;11.06.2025;17.07.2025;17.07.2025;abgeschlossen;2;0,00 €;4
252897;364;K-104;IT-Sicherheit für alle;11.06.2025;26.06.2025;26.06.2025;abgeschlossen;2;0,00 €;3
253305;413;K-002;Arbeitsschutz-Unterweisung;11.06.2025;15.07.2025;15.07.2025;Nicht erschienen;0;0,00 €;
253325;416;K-003;Verhaltenskodex & Compliance;11.06.2025;27.06.2025;27.06.2025;abgeschlossen;1;0,00 €;
250934;118;K-002;Arbeitsschutz-Unterweisung;12.06.2025;09.07.2025;09.07.2025;abgeschlossen;2;0,00 €;5
250966;121;K-201;Führung Basis;12.06.2025;20.06.2025;22.06.2025;Abgeschlossen;24;1.669,15 €;3
251407;174;K-301;Lean Production;12.06.2025;01.08.2025;02.08.2025;storniert ;0;0,00 €;
251721;211;K-003;Verhaltenskodex & Compliance;12.06.2025;23.06.2025;23.06.2025;abgeschlossen;1;0,00 €;3
252073;257;K-003;Verhaltenskodex & Compliance;12.06.2025;24.06.2025;24.06.2025;abgeschlossen;1;0,00 €;4
252393;299;K-001;Datenschutz-Grundlagen;12.06.2025;26.06.2025;26.06.2025;storniert;0;0,00 €;
252632;329;K-002;Arbeitsschutz-Unterweisung;12.06.2025;24.07.2025;24.07.2025;abgeschlossen;2;0,00 €;4
251725;212;K-002;Arbeitsschutz-Unterweisung;13.06.2025;11.07.2025;11.07.2025;Abgeschlossen;2;0,00 €;4
252069;257;K-001;Datenschutz-Grundlagen;13.06.2025;20.06.2025;20.06.2025;abgeschlossen;1;0,00 €;4
252723;342;K-003;Verhaltenskodex & Compliance;13.06.2025;14.07.2025;14.07.2025;abgeschlossen;1;0,00 €;5
251199;149;K-002;Arbeitsschutz-Unterweisung;14.06.2025;18.07.2025;18.07.2025;abgeschlossen;2;0,00 €;4
252315;290;K-001;Datenschutz-Grundlagen;14.06.2025;28.07.2025;28.07.2025;abgeschlossen;1;0,00 €;5
253184;398;K-001;Datenschutz-Grundlagen;14.06.2025;01.08.2025;01.08.2025;teilgenommen;1;0,00 €;4
253227;403;K-002;Arbeitsschutz-Unterweisung;14.06.2025;04.08.2025;04.08.2025;ABGESCHLOSSEN ;2;0,00 €;
250108;14;K-001;Datenschutz-Grundlagen;15.06.2025;08.07.2025;08.07.2025;abgeschlossen;1;0,00 €;
250108;14;K-001;Datenschutz-Grundlagen;15.06.2025;08.07.2025;08.07.2025;abgeschlossen;1;0,00 €;
250307;39;K-003;Verhaltenskodex & Compliance;15.06.2025;25.07.2025;25.07.2025;abgeschlossen;1;0,00 €;4
251128;141;K-002;Arbeitsschutz-Unterweisung;15.06.2025;30.06.2025;30.06.2025;abgeschlossen;2;0,00 €;
251269;156;K-003;Verhaltenskodex & Compliance;15.06.2025;12.08.2025;12.08.2025;abgeschlossen;1;0,00 €;
251350;167;K-003;Verhaltenskodex & Compliance;15.06.2025;08.08.2025;08.08.2025;abgeschlossen;1;0,00 €;
252607;326;K-001;Datenschutz-Grundlagen;15.06.2025;13.08.2025;13.08.2025;abgeschlossen;1;0,00 €;
252776;349;K-002;Arbeitsschutz-Unterweisung;15.06.2025;30.06.2025;30.06.2025;abgeschlossen;2;0,00 €;3
253094;387;K-001;Datenschutz-Grundlagen;15.06.2025;01.07.2025;01.07.2025;ABGESCHLOSSEN ;1;0,00 €;4
253179;397;K-002;Arbeitsschutz-Unterweisung;15.06.2025;12.08.2025;12.08.2025;ABGESCHLOSSEN ;2;0,00 €;4
250144;19;K-003;Verhaltenskodex & Compliance;16.06.2025;30.06.2025;30.06.2025;abgeschlossen;1;0,00 €;5
250989;125;K-003;Verhaltenskodex & Compliance;16.06.2025;04.08.2025;04.08.2025;Abgeschlossen;1;0,00 €;
252966;371;K-002;Arbeitsschutz-Unterweisung;16.06.2025;03.07.2025;03.07.2025;abgeschlossen;2;0,00 €;4
250946;120;K-001;Datenschutz-Grundlagen;17.06.2025;14.07.2025;14.07.2025;ABGESCHLOSSEN ;1;0,00 €;2
251188;147;K-003;Verhaltenskodex & Compliance;17.06.2025;30.07.2025;30.07.2025;abgeschlossen;1;0,00 €;2
251226;152;K-002;Arbeitsschutz-Unterweisung;17.06.2025;07.07.2025;07.07.2025;teilgenommen;2;0,00 €;3
251451;180;K-003;Verhaltenskodex & Compliance;17.06.2025;25.07.2025;25.07.2025;abgeschlossen;1;0,00 €;
251564;193;K-104;IT-Sicherheit für alle;17.06.2025;08.08.2025;08.08.2025;abgeschlossen;2;0,00 €;
252541;318;K-001;Datenschutz-Grundlagen;17.06.2025;25.06.2025;25.06.2025;Abgeschlossen;1;0,00 €;3
253285;410;K-001;Datenschutz-Grundlagen;17.06.2025;10.07.2025;10.07.2025;Abgeschlossen;1;0,00 €;4
253285;410;K-001;Datenschutz-Grundlagen;17.06.2025;10.07.2025;10.07.2025;Abgeschlossen;1;0,00 €;4
250401;50;K-402;Erste Hilfe;18.06.2025;06.08.2025;06.08.2025;No-Show;0;67,49 €;
251942;241;K-001;Datenschutz-Grundlagen;18.06.2025;22.07.2025;22.07.2025;teilgenommen;1;0,00 €;4
252914;366;K-002;Arbeitsschutz-Unterweisung;18.06.2025;18.07.2025;18.07.2025;abgeschlossen;2;0,00 €;3
253241;405;K-003;Verhaltenskodex & Compliance;18.06.2025;08.08.2025;08.08.2025;abgeschlossen;1;0,00 €;4
250045;7;K-001;Datenschutz-Grundlagen;19.06.2025;30.07.2025;30.07.2025;No-Show;0;0,00 €;
250202;26;K-002;Arbeitsschutz-Unterweisung;19.06.2025;05.08.2025;05.08.2025;teilgenommen;2;0,00 €;
250474;60;K-002;Arbeitsschutz-Unterweisung;19.06.2025;03.07.2025;03.07.2025;abgeschlossen;2;0,00 €;5
250843;107;K-001;Datenschutz-Grundlagen;19.06.2025;11.08.2025;11.08.2025;teilgenommen;1;0,00 €;3
252509;313;K-003;Verhaltenskodex & Compliance;19.06.2025;31.07.2025;31.07.2025;abgeschlossen;1;0,00 €;5
250068;9;K-003;Verhaltenskodex & Compliance;20.06.2025;02.07.2025;02.07.2025;abgeschlossen;1;0,00 €;3
250938;119;K-001;Datenschutz-Grundlagen;20.06.2025;25.07.2025;25.07.2025;storniert;0;0,00 €;
250994;126;K-001;Datenschutz-Grundlagen;20.06.2025;10.07.2025;10.07.2025;teilgenommen;1;0,00 €;
251398;174;K-002;Arbeitsschutz-Unterweisung;20.06.2025;11.07.2025;11.07.2025;abgeschlossen;2;0,00 €;
251552;191;K-003;Verhaltenskodex & Compliance;20.06.2025;08.08.2025;08.08.2025;abgeschlossen;1;0,00 €;3
251625;200;K-402;Erste Hilfe;20.06.2025;27.06.2025;27.06.2025;abgeschlossen;9;65,30 €;
251950;242;K-003;Verhaltenskodex & Compliance;20.06.2025;30.07.2025;30.07.2025;abgeschlossen;1;0,00 €;
251518;187;K-203;Feedback & Mitarbeitergespräch;21.06.2025;08.07.2025;08.07.2025;abgeschlossen;4;0,00 €;5
250381;49;K-002;Arbeitsschutz-Unterweisung;22.06.2025;15.07.2025;15.07.2025;abgeschlossen;2;0,00 €;3
250806;102;K-402;Erste Hilfe;22.06.2025;01.08.2025;01.08.2025;abgeschlossen;9;65,85 €;4
250091;12;K-003;Verhaltenskodex & Compliance;23.06.2025;17.07.2025;17.07.2025;abgeschlossen;1;0,00 €;3
250234;30;K-003;Verhaltenskodex & Compliance;23.06.2025;21.08.2025;21.08.2025;abgeschlossen;1;0,00 €;4
250296;38;K-002;Arbeitsschutz-Unterweisung;23.06.2025;13.08.2025;13.08.2025;abgeschlossen;2;0,00 €;
250363;46;K-003;Verhaltenskodex & Compliance;23.06.2025;11.07.2025;11.07.2025;teilgenommen;1;0,00 €;4
251322;164;K-003;Verhaltenskodex & Compliance;23.06.2025;28.07.2025;28.07.2025;abgeschlossen;1;0,00 €;4
252556;320;K-003;Verhaltenskodex & Compliance;23.06.2025;07.08.2025;07.08.2025;abgeschlossen;1;0,00 €;3
250652;84;K-002;Arbeitsschutz-Unterweisung;24.06.2025;06.08.2025;06.08.2025;abgeschlossen;2;0,00 €;4
250943;119;K-401;Staplerschein;24.06.2025;18.07.2025;19.07.2025;abgeschlossen;16;436,65 €;4
252722;342;K-002;Arbeitsschutz-Unterweisung;24.06.2025;22.08.2025;22.08.2025;abgeschlossen;2;0,00 €;5
251284;159;K-003;Verhaltenskodex & Compliance;25.06.2025;21.08.2025;21.08.2025;ABGESCHLOSSEN ;1;0,00 €;
252499;312;K-003;Verhaltenskodex & Compliance;25.06.2025;11.07.2025;11.07.2025;teilgenommen;1;0,00 €;4
252511;314;K-001;Datenschutz-Grundlagen;25.06.2025;07.08.2025;07.08.2025;abgeschlossen;1;0,00 €;
252553;320;K-001;Datenschutz-Grundlagen;25.06.2025;15.08.2025;15.08.2025;abgeschlossen;1;0,00 €;3
253180;397;K-003;Verhaltenskodex & Compliance;26.06.2025;24.07.2025;24.07.2025;abgeschlossen;1;0,00 €;
250932;118;K-001;Datenschutz-Grundlagen;27.06.2025;08.07.2025;08.07.2025;abgeschlossen;1;0,00 €;3
251185;147;K-002;Arbeitsschutz-Unterweisung;27.06.2025;18.08.2025;18.08.2025;abgeschlossen;2;0,00 €;4
250826;105;K-002;Arbeitsschutz-Unterweisung;28.06.2025;21.07.2025;21.07.2025;abgeschlossen;2;0,00 €;4
250838;106;K-003;Verhaltenskodex & Compliance;28.06.2025;29.07.2025;29.07.2025;abgeschlossen;1;0,00 €;4
251787;220;K-002;Arbeitsschutz-Unterweisung;28.06.2025;15.07.2025;15.07.2025;abgeschlossen;2;0,00 €;2
251807;222;K-102;Power BI Grundlagen;28.06.2025;07.07.2025;08.07.2025;teilgenommen;16;916,98 €;5
253304;413;K-001;Datenschutz-Grundlagen;28.06.2025;20.08.2025;20.08.2025;abgeschlossen;1;0,00 €;4
250311;40;K-002;Arbeitsschutz-Unterweisung;29.06.2025;15.07.2025;15.07.2025;abgeschlossen;2;0,00 €;
250526;67;K-001;Datenschutz-Grundlagen;29.06.2025;29.07.2025;29.07.2025;abgeschlossen;1;0,00 €;
252252;281;K-003;Verhaltenskodex & Compliance;29.06.2025;01.08.2025;01.08.2025;abgeschlossen;1;0,00 €;3
252753;347;K-001;Datenschutz-Grundlagen;29.06.2025;18.08.2025;18.08.2025;abgeschlossen;1;0,00 €;4
250560;71;K-003;Verhaltenskodex & Compliance;30.06.2025;27.08.2025;27.08.2025;teilgenommen;1;0,00 €;
251716;210;K-003;Verhaltenskodex & Compliance;30.06.2025;01.08.2025;01.08.2025;abgeschlossen;1;0,00 €;
252679;335;K-003;Verhaltenskodex & Compliance;30.06.2025;25.08.2025;25.08.2025;abgeschlossen;1;0,00 €;4
250003;1;K-001;Datenschutz-Grundlagen;01.07.2025;05.08.2025;05.08.2025;Nicht erschienen;0;0,00 €;
250534;68;K-002;Arbeitsschutz-Unterweisung;01.07.2025;06.08.2025;06.08.2025;abgeschlossen;2;0,00 €;
251596;198;K-001;Datenschutz-Grundlagen;01.07.2025;26.08.2025;26.08.2025;abgeschlossen;1;0,00 €;3
251718;211;K-002;Arbeitsschutz-Unterweisung;01.07.2025;04.08.2025;04.08.2025;Abgeschlossen;2;0,00 €;4
252356;294;K-106;SAP S/4 Anwendertraining;01.07.2025;23.07.2025;23.07.2025;Nicht erschienen;0;0,00 €;
253218;402;K-002;Arbeitsschutz-Unterweisung;01.07.2025;14.07.2025;14.07.2025;teilgenommen;2;0,00 €;3
250350;45;K-001;Datenschutz-Grundlagen;02.07.2025;10.07.2025;10.07.2025;No-Show;0;0,00 €;
250804;102;K-002;Arbeitsschutz-Unterweisung;02.07.2025;14.07.2025;14.07.2025;abgeschlossen;2;0,00 €;
251105;138;K-002;Arbeitsschutz-Unterweisung;02.07.2025;13.08.2025;13.08.2025;abgeschlossen;2;0,00 €;4
251818;224;K-003;Verhaltenskodex & Compliance;02.07.2025;04.08.2025;04.08.2025;abgeschlossen;1;0,00 €;
251909;236;K-001;Datenschutz-Grundlagen;02.07.2025;23.07.2025;23.07.2025;abgeschlossen;1;0,00 €;4
252768;348;K-003;Verhaltenskodex & Compliance;02.07.2025;18.07.2025;18.07.2025;abgeschlossen;1;0,00 €;3
250037;5;K-003;Verhaltenskodex & Compliance;03.07.2025;20.08.2025;20.08.2025;abgeschlossen;1;0,00 €;4
250043;6;K-003;Verhaltenskodex & Compliance;03.07.2025;25.08.2025;25.08.2025;abgeschlossen;1;0,00 €;4
250114;15;K-001;Datenschutz-Grundlagen;03.07.2025;31.07.2025;31.07.2025;abgeschlossen;1;0,00 €;4
250888;112;K-001;Datenschutz-Grundlagen;03.07.2025;29.08.2025;29.08.2025;abgeschlossen;1;0,00 €;3
251726;212;K-003;Verhaltenskodex & Compliance;03.07.2025;29.08.2025;29.08.2025;abgeschlossen;1;0,00 €;4
252968;371;K-003;Verhaltenskodex & Compliance;03.07.2025;28.08.2025;28.08.2025;No-Show;0;0,00 €;
251061;133;K-002;Arbeitsschutz-Unterweisung;04.07.2025;18.07.2025;18.07.2025;ABGESCHLOSSEN ;2;0,00 €;3
252634;329;K-003;Verhaltenskodex & Compliance;04.07.2025;29.07.2025;29.07.2025;teilgenommen;1;0,00 €;
252872;362;K-002;Arbeitsschutz-Unterweisung;04.07.2025;25.08.2025;25.08.2025;abgeschlossen;2;0,00 €;4
250298;38;K-302;CNC-Programmierung;05.07.2025;28.08.2025;30.08.2025;abgeschlossen;24;1.414,53 €;
252052;254;K-001;Datenschutz-Grundlagen;05.07.2025;20.08.2025;20.08.2025;abgeschlossen;1;0,00 €;4
252445;305;K-001;Datenschutz-Grundlagen;05.07.2025;24.07.2025;24.07.2025;abgeschlossen;1;0,00 €;
252514;314;K-002;Arbeitsschutz-Unterweisung;05.07.2025;17.07.2025;17.07.2025;abgeschlossen;2;0,00 €;
252817;355;K-001;Datenschutz-Grundlagen;05.07.2025;18.08.2025;18.08.2025;storniert;0;0,00 €;
252913;366;K-001;Datenschutz-Grundlagen;05.07.2025;29.08.2025;29.08.2025;abgeschlossen;1;0,00 €;4
250703;89;K-001;Datenschutz-Grundlagen;06.07.2025;26.08.2025;26.08.2025;abgeschlossen;1;0,00 €;
251988;246;K-103;KI im Arbeitsalltag;06.07.2025;01.09.2025;01.09.2025;abgeschlossen;4;0,00 €;
252820;355;K-002;Arbeitsschutz-Unterweisung;06.07.2025;13.08.2025;13.08.2025;abgeschlossen;2;0,00 €;
250557;71;K-002;Arbeitsschutz-Unterweisung;07.07.2025;28.08.2025;28.08.2025;abgeschlossen;2;0,00 €;4
250793;101;K-003;Verhaltenskodex & Compliance;07.07.2025;14.07.2025;14.07.2025;abgeschlossen;1;0,00 €;3
252212;275;K-202;Konfliktgespräche führen;07.07.2025;17.07.2025;17.07.2025;storniert ;0;0,00 €;
250463;58;K-002;Arbeitsschutz-Unterweisung;08.07.2025;03.09.2025;03.09.2025;abgeschlossen;2;0,00 €;3
251877;231;K-002;Arbeitsschutz-Unterweisung;08.07.2025;25.07.2025;25.07.2025;abgeschlossen;2;0,00 €;5
252639;330;K-002;Arbeitsschutz-Unterweisung;08.07.2025;15.08.2025;15.08.2025;abgeschlossen;2;0,00 €;5
253290;411;K-001;Datenschutz-Grundlagen;08.07.2025;21.08.2025;21.08.2025;abgeschlossen;1;0,00 €;
252101;261;K-002;Arbeitsschutz-Unterweisung;09.07.2025;18.07.2025;18.07.2025;Abgeschlossen;2;0,00 €;3
253017;378;K-001;Datenschutz-Grundlagen;09.07.2025;16.07.2025;16.07.2025;abgeschlossen;1;0,00 €;
250225;28;K-301;Lean Production;10.07.2025;15.08.2025;16.08.2025;abgeschlossen;16;939,84 €;
251947;242;K-002;Arbeitsschutz-Unterweisung;10.07.2025;27.08.2025;27.08.2025;abgeschlossen;2;0,00 €;4
253279;409;K-002;Arbeitsschutz-Unterweisung;10.07.2025;17.07.2025;17.07.2025;ABGESCHLOSSEN ;2;0,00 €;3
253319;415;K-002;Arbeitsschutz-Unterweisung;10.07.2025;04.09.2025;04.09.2025;Abgeschlossen;2;0,00 €;3
250998;126;K-003;Verhaltenskodex & Compliance;11.07.2025;28.07.2025;28.07.2025;abgeschlossen;1;0,00 €;
251132;141;K-304;Qualitätsmanagement ISO 9001;11.07.2025;05.09.2025;06.09.2025;abgeschlossen;12;838,27 €;4
252665;334;K-001;Datenschutz-Grundlagen;11.07.2025;24.07.2025;24.07.2025;abgeschlossen;1;0,00 €;4
250729;93;K-001;Datenschutz-Grundlagen;12.07.2025;14.08.2025;14.08.2025;abgeschlossen;1;0,00 €;4
251556;192;K-003;Verhaltenskodex & Compliance;12.07.2025;25.07.2025;25.07.2025;abgeschlossen;1;0,00 €;
251785;220;K-001;Datenschutz-Grundlagen;12.07.2025;20.08.2025;20.08.2025;abgeschlossen;1;0,00 €;3
251814;224;K-001;Datenschutz-Grundlagen;12.07.2025;08.09.2025;08.09.2025;abgeschlossen;1;0,00 €;
253034;380;K-002;Arbeitsschutz-Unterweisung;12.07.2025;06.08.2025;06.08.2025;No-Show;0;0,00 €;
250596;77;K-001;Datenschutz-Grundlagen;13.07.2025;11.08.2025;11.08.2025;abgeschlossen;1;0,00 €;3
250707;89;K-103;KI im Arbeitsalltag;13.07.2025;08.09.2025;08.09.2025;Nicht erschienen;0;0,00 €;
250957;121;K-001;Datenschutz-Grundlagen;13.07.2025;28.07.2025;28.07.2025;abgeschlossen;1;0,00 €;3
251181;146;K-402;Erste Hilfe;13.07.2025;03.09.2025;03.09.2025;storniert;0;0,00 €;
251469;182;K-002;Arbeitsschutz-Unterweisung;13.07.2025;25.08.2025;25.08.2025;ABGESCHLOSSEN ;2;0,00 €;
251469;182;K-002;Arbeitsschutz-Unterweisung;13.07.2025;25.08.2025;25.08.2025;ABGESCHLOSSEN ;2;0,00 €;
253198;399;K-003;Verhaltenskodex & Compliance;13.07.2025;14.08.2025;14.08.2025;abgeschlossen;1;0,00 €;3
251194;148;K-003;Verhaltenskodex & Compliance;14.07.2025;08.08.2025;08.08.2025;abgeschlossen;1;0,00 €;4
251586;196;K-401;Staplerschein;14.07.2025;08.09.2025;09.09.2025;abgeschlossen;16;432,52 €;5
253118;391;K-001;Datenschutz-Grundlagen;14.07.2025;29.08.2025;29.08.2025;abgeschlossen;1;0,00 €;4
250468;59;K-002;Arbeitsschutz-Unterweisung;15.07.2025;22.08.2025;22.08.2025;abgeschlossen;2;0,00 €;5
250468;59;K-002;Arbeitsschutz-Unterweisung;15.07.2025;22.08.2025;22.08.2025;abgeschlossen;2;0,00 €;5
251331;165;K-401;Staplerschein;15.07.2025;22.07.2025;23.07.2025;abgeschlossen;16;431,39 €;5
251796;221;K-003;Verhaltenskodex & Compliance;15.07.2025;22.08.2025;22.08.2025;abgeschlossen;1;0,00 €;3
251926;238;K-304;Qualitätsmanagement ISO 9001;15.07.2025;12.09.2025;13.09.2025;abgeschlossen;12;833,52 €;5
250336;43;K-003;Verhaltenskodex & Compliance;16.07.2025;28.08.2025;28.08.2025;abgeschlossen;1;0,00 €;4
250845;107;K-003;Verhaltenskodex & Compliance;16.07.2025;12.09.2025;12.09.2025;abgeschlossen;1;0,00 €;
250914;115;K-001;Datenschutz-Grundlagen;16.07.2025;25.07.2025;25.07.2025;abgeschlossen;1;0,00 €;
252296;286;K-003;Verhaltenskodex & Compliance;16.07.2025;26.08.2025;26.08.2025;abgeschlossen;1;0,00 €;3
252468;308;K-002;Arbeitsschutz-Unterweisung;16.07.2025;18.08.2025;18.08.2025;abgeschlossen;2;0,00 €;
252881;363;K-001;Datenschutz-Grundlagen;16.07.2025;29.07.2025;29.07.2025;abgeschlossen;1;0,00 €;
253108;389;K-002;Arbeitsschutz-Unterweisung;16.07.2025;25.07.2025;25.07.2025;abgeschlossen;2;0,00 €;5
250138;18;K-002;Arbeitsschutz-Unterweisung;17.07.2025;12.08.2025;12.08.2025;abgeschlossen;2;0,00 €;4
250908;114;K-003;Verhaltenskodex & Compliance;17.07.2025;15.08.2025;15.08.2025;abgeschlossen;1;0,00 €;4
252234;279;K-001;Datenschutz-Grundlagen;17.07.2025;29.07.2025;29.07.2025;ABGESCHLOSSEN ;1;0,00 €;3
252889;363;K-104;IT-Sicherheit für alle;17.07.2025;05.09.2025;05.09.2025;abgeschlossen;2;0,00 €;
251158;145;K-001;Datenschutz-Grundlagen;18.07.2025;13.08.2025;13.08.2025;abgeschlossen;1;0,00 €;3
251568;194;K-003;Verhaltenskodex & Compliance;18.07.2025;04.09.2025;04.09.2025;abgeschlossen;1;0,00 €;3
251732;213;K-002;Arbeitsschutz-Unterweisung;18.07.2025;11.08.2025;11.08.2025;abgeschlossen;2;0,00 €;
252527;315;K-104;IT-Sicherheit für alle;18.07.2025;08.09.2025;08.09.2025;abgeschlossen;2;0,00 €;4
252669;334;K-003;Verhaltenskodex & Compliance;18.07.2025;27.08.2025;27.08.2025;teilgenommen;1;0,00 €;
251831;225;K-305;Projektmanagement Basis;19.07.2025;03.09.2025;04.09.2025;abgeschlossen;16;958,26 €;5
253010;376;K-104;IT-Sicherheit für alle;19.07.2025;15.09.2025;15.09.2025;abgeschlossen;2;0,00 €;2
253117;390;K-101;Excel Aufbau;19.07.2025;02.09.2025;02.09.2025;abgeschlossen;8;278,71 €;
250409;51;K-002;Arbeitsschutz-Unterweisung;20.07.2025;19.08.2025;19.08.2025;abgeschlossen;2;0,00 €;
250488;61;K-203;Feedback & Mitarbeitergespräch;20.07.2025;22.08.2025;22.08.2025;abgeschlossen;4;0,00 €;4
250718;91;K-003;Verhaltenskodex & Compliance;20.07.2025;28.08.2025;28.08.2025;teilgenommen;1;0,00 €;
251953;243;K-001;Datenschutz-Grundlagen;20.07.2025;28.08.2025;28.08.2025;abgeschlossen;1;0,00 €;3
252364;295;K-002;Arbeitsschutz-Unterweisung;20.07.2025;12.09.2025;12.09.2025;abgeschlossen;2;0,00 €;4
250228;29;K-002;Arbeitsschutz-Unterweisung;21.07.2025;05.09.2025;05.09.2025;abgeschlossen;2;0,00 €;3
250232;30;K-001;Datenschutz-Grundlagen;21.07.2025;28.07.2025;28.07.2025;abgeschlossen;1;0,00 €;4
251408;175;K-001;Datenschutz-Grundlagen;21.07.2025;15.08.2025;15.08.2025;abgeschlossen;1;0,00 €;5
252167;270;K-001;Datenschutz-Grundlagen;21.07.2025;30.07.2025;30.07.2025;ABGESCHLOSSEN ;1;0,00 €;
253042;380;K-202;Konfliktgespräche führen;21.07.2025;11.09.2025;11.09.2025;teilgenommen;6;724,01 €;4
253293;411;K-002;Arbeitsschutz-Unterweisung;21.07.2025;29.08.2025;29.08.2025;abgeschlossen;2;0,00 €;
250864;109;K-003;Verhaltenskodex & Compliance;22.07.2025;01.08.2025;01.08.2025;abgeschlossen;1;0,00 €;
251777;219;K-002;Arbeitsschutz-Unterweisung;22.07.2025;03.09.2025;03.09.2025;abgeschlossen;2;0,00 €;5
252699;338;K-001;Datenschutz-Grundlagen;22.07.2025;12.09.2025;12.09.2025;abgeschlossen;1;0,00 €;4
251449;180;K-002;Arbeitsschutz-Unterweisung;23.07.2025;21.08.2025;21.08.2025;abgeschlossen;2;0,00 €;3
251558;192;K-401;Staplerschein;23.07.2025;05.09.2025;06.09.2025;No-Show;0;434,90 €;
252133;266;K-002;Arbeitsschutz-Unterweisung;23.07.2025;28.08.2025;28.08.2025;abgeschlossen;2;0,00 €;2
250898;113;K-003;Verhaltenskodex & Compliance;24.07.2025;20.08.2025;20.08.2025;abgeschlossen;1;0,00 €;
251500;185;K-002;Arbeitsschutz-Unterweisung;24.07.2025;11.08.2025;11.08.2025;abgeschlossen;2;0,00 €;4
251624;200;K-003;Verhaltenskodex & Compliance;24.07.2025;04.08.2025;04.08.2025;teilgenommen;1;0,00 €;
252830;356;K-003;Verhaltenskodex & Compliance;24.07.2025;08.08.2025;08.08.2025;teilgenommen;1;0,00 €;3
250251;32;K-502;Deutsch am Arbeitsplatz;25.07.2025;15.09.2025;16.09.2025;abgeschlossen;20;368,39 €;4
250540;69;K-001;Datenschutz-Grundlagen;25.07.2025;17.09.2025;17.09.2025;abgeschlossen;1;0,00 €;3
251033;130;K-003;Verhaltenskodex & Compliance;25.07.2025;02.09.2025;02.09.2025;abgeschlossen;1;0,00 €;5
251073;134;K-003;Verhaltenskodex & Compliance;25.07.2025;01.09.2025;01.09.2025;abgeschlossen;1;0,00 €;
251338;166;K-002;Arbeitsschutz-Unterweisung;25.07.2025;01.09.2025;01.09.2025;abgeschlossen;2;0,00 €;4
252533;316;K-003;Verhaltenskodex & Compliance;25.07.2025;23.09.2025;23.09.2025;abgeschlossen;1;0,00 €;4
252954;370;K-002;Arbeitsschutz-Unterweisung;25.07.2025;01.08.2025;01.08.2025;abgeschlossen;2;0,00 €;5
253104;388;K-003;Verhaltenskodex & Compliance;25.07.2025;28.08.2025;28.08.2025;abgeschlossen;1;0,00 €;4
252174;271;K-001;Datenschutz-Grundlagen;26.07.2025;18.09.2025;18.09.2025;teilgenommen;1;0,00 €;5
252921;367;K-001;Datenschutz-Grundlagen;26.07.2025;26.08.2025;26.08.2025;ABGESCHLOSSEN ;1;0,00 €;
253032;380;K-001;Datenschutz-Grundlagen;26.07.2025;04.09.2025;04.09.2025;abgeschlossen;1;0,00 €;
253174;396;K-101;Excel Aufbau;26.07.2025;23.09.2025;23.09.2025;abgeschlossen;8;282,87 €;5
253321;416;K-001;Datenschutz-Grundlagen;26.07.2025;12.09.2025;12.09.2025;abgeschlossen;1;0,00 €;2
250244;31;K-304;Qualitätsmanagement ISO 9001;27.07.2025;18.09.2025;19.09.2025;abgeschlossen;10;807,97 €;5
250674;86;K-002;Arbeitsschutz-Unterweisung;28.07.2025;23.09.2025;23.09.2025;ABGESCHLOSSEN ;2;0,00 €;
250716;91;K-002;Arbeitsschutz-Unterweisung;28.07.2025;29.08.2025;29.08.2025;abgeschlossen;2;0,00 €;3
251571;194;K-401;Staplerschein;28.07.2025;25.09.2025;26.09.2025;teilgenommen;16;400,59 €;4
251808;223;K-001;Datenschutz-Grundlagen;28.07.2025;02.09.2025;02.09.2025;abgeschlossen;1;0,00 €;
251852;228;K-001;Datenschutz-Grundlagen;28.07.2025;20.08.2025;20.08.2025;abgeschlossen;1;0,00 €;5
253008;376;K-104;IT-Sicherheit für alle;28.07.2025;17.09.2025;17.09.2025;abgeschlossen;2;0,00 €;5
252791;351;K-002;Arbeitsschutz-Unterweisung;29.07.2025;03.09.2025;03.09.2025;Abgeschlossen;2;0,00 €;2
253069;384;K-003;Verhaltenskodex & Compliance;29.07.2025;22.09.2025;22.09.2025;abgeschlossen;1;0,00 €;
250154;21;K-002;Arbeitsschutz-Unterweisung;30.07.2025;17.09.2025;17.09.2025;abgeschlossen;2;0,00 €;4
250154;21;K-002;Arbeitsschutz-Unterweisung;30.07.2025;17.09.2025;17.09.2025;abgeschlossen;2;0,00 €;4
251341;166;K-003;Verhaltenskodex & Compliance;30.07.2025;21.08.2025;21.08.2025;abgeschlossen;1;0,00 €;
251803;222;K-001;Datenschutz-Grundlagen;30.07.2025;29.08.2025;29.08.2025;abgeschlossen;1;0,00 €;
252014;249;K-002;Arbeitsschutz-Unterweisung;30.07.2025;28.08.2025;28.08.2025;abgeschlossen;2;0,00 €;5
252196;274;K-001;Datenschutz-Grundlagen;30.07.2025;15.09.2025;15.09.2025;teilgenommen;1;0,00 €;3
252543;318;K-003;Verhaltenskodex & Compliance;30.07.2025;08.09.2025;08.09.2025;abgeschlossen;1;0,00 €;
253260;407;K-003;Verhaltenskodex & Compliance;30.07.2025;28.08.2025;28.08.2025;abgeschlossen;1;0,00 €;
250329;42;K-502;Deutsch am Arbeitsplatz;31.07.2025;23.09.2025;24.09.2025;abgeschlossen;20;395,31 €;4
250412;51;K-003;Verhaltenskodex & Compliance;31.07.2025;17.09.2025;17.09.2025;abgeschlossen;1;0,00 €;4
250893;113;K-001;Datenschutz-Grundlagen;31.07.2025;26.09.2025;26.09.2025;Abgeschlossen;1;0,00 €;
251427;177;K-401;Staplerschein;31.07.2025;22.09.2025;23.09.2025;abgeschlossen;16;401,90 €;
253314;414;K-003;Verhaltenskodex & Compliance;31.07.2025;03.09.2025;03.09.2025;abgeschlossen;1;0,00 €;4
251997;247;K-305;Projektmanagement Basis;01.08.2025;03.09.2025;04.09.2025;abgeschlossen;16;979,29 €;4
252653;332;K-003;Verhaltenskodex & Compliance;01.08.2025;13.08.2025;13.08.2025;abgeschlossen;1;0,00 €;4
253063;383;K-501;Business English B1;01.08.2025;05.09.2025;06.09.2025;abgeschlossen;20;545,03 €;
253335;417;K-203;Feedback & Mitarbeitergespräch;01.08.2025;17.09.2025;17.09.2025;abgeschlossen;4;0,00 €;4
250493;62;K-003;Verhaltenskodex & Compliance;02.08.2025;10.09.2025;10.09.2025;abgeschlossen;1;0,00 €;
251123;140;K-002;Arbeitsschutz-Unterweisung;02.08.2025;14.08.2025;14.08.2025;abgeschlossen;2;0,00 €;5
251298;160;K-106;SAP S/4 Anwendertraining;02.08.2025;24.09.2025;24.09.2025;Nicht erschienen;0;0,00 €;
251535;190;K-001;Datenschutz-Grundlagen;02.08.2025;28.08.2025;28.08.2025;abgeschlossen;1;0,00 €;3
252279;283;K-106;SAP S/4 Anwendertraining;02.08.2025;27.08.2025;27.08.2025;storniert;0;0,00 €;
250016;2;K-303;Schweißtechnik Auffrischung;03.08.2025;01.09.2025;02.09.2025;abgeschlossen;16;705,50 €;4
250073;10;K-003;Verhaltenskodex & Compliance;03.08.2025;14.08.2025;14.08.2025;abgeschlossen;1;0,00 €;4
250124;16;K-302;CNC-Programmierung;03.08.2025;17.09.2025;19.09.2025;abgeschlossen;24;1.443,49 €;5
251196;148;K-301;Lean Production;03.08.2025;23.09.2025;24.09.2025;abgeschlossen;16;1.011,76 €;5
251421;177;K-001;Datenschutz-Grundlagen;03.08.2025;09.09.2025;09.09.2025;storniert;0;0,00 €;
251627;201;K-001;Datenschutz-Grundlagen;03.08.2025;28.08.2025;28.08.2025;abgeschlossen;1;0,00 €;4
253306;413;K-003;Verhaltenskodex & Compliance;03.08.2025;10.09.2025;10.09.2025;teilgenommen;1;0,00 €;3
250369;47;K-002;Arbeitsschutz-Unterweisung;04.08.2025;26.08.2025;26.08.2025;storniert ;0;0,00 €;
250830;105;K-401;Staplerschein;04.08.2025;05.09.2025;06.09.2025;abgeschlossen;16;412,80 €;3
251308;162;K-001;Datenschutz-Grundlagen;04.08.2025;18.09.2025;18.09.2025;storniert;0;0,00 €;
253215;401;K-104;IT-Sicherheit für alle;04.08.2025;04.09.2025;04.09.2025;abgeschlossen;2;0,00 €;3
251969;244;K-003;Verhaltenskodex & Compliance;05.08.2025;14.08.2025;14.08.2025;abgeschlossen;1;0,00 €;4
252411;301;K-501;Business English B1;05.08.2025;03.09.2025;04.09.2025;Abgeschlossen;20;586,79 €;2
253090;386;K-305;Projektmanagement Basis;05.08.2025;10.09.2025;11.09.2025;abgeschlossen;14;909,68 €;3
250427;53;K-003;Verhaltenskodex & Compliance;06.08.2025;02.09.2025;02.09.2025;abgeschlossen;1;0,00 €;4
250483;61;K-202;Konfliktgespräche führen;06.08.2025;22.09.2025;22.09.2025;storniert;0;0,00 €;
250590;75;K-303;Schweißtechnik Auffrischung;06.08.2025;22.09.2025;23.09.2025;abgeschlossen;16;713,65 €;4
250712;90;K-502;Deutsch am Arbeitsplatz;06.08.2025;02.09.2025;03.09.2025;abgeschlossen;20;362,40 €;
252126;265;K-105;Cloud-Architektur Zertifizierung;06.08.2025;09.09.2025;12.09.2025;abgeschlossen;32;2.507,84 €;5
252495;312;K-001;Datenschutz-Grundlagen;06.08.2025;17.09.2025;17.09.2025;abgeschlossen;1;0,00 €;5
252736;344;K-001;Datenschutz-Grundlagen;06.08.2025;19.08.2025;19.08.2025;Abgeschlossen;1;0,00 €;
250220;28;K-002;Arbeitsschutz-Unterweisung;07.08.2025;26.08.2025;26.08.2025;abgeschlossen;2;0,00 €;3
251393;173;K-003;Verhaltenskodex & Compliance;07.08.2025;21.08.2025;21.08.2025;abgeschlossen;1;0,00 €;3
251466;182;K-001;Datenschutz-Grundlagen;07.08.2025;27.08.2025;27.08.2025;abgeschlossen;1;0,00 €;
251526;189;K-001;Datenschutz-Grundlagen;07.08.2025;23.09.2025;23.09.2025;ABGESCHLOSSEN ;1;0,00 €;3
252371;296;K-002;Arbeitsschutz-Unterweisung;07.08.2025;25.08.2025;25.08.2025;abgeschlossen;2;0,00 €;4
250349;44;K-106;SAP S/4 Anwendertraining;08.08.2025;24.09.2025;24.09.2025;abgeschlossen;8;0,00 €;4
250499;63;K-104;IT-Sicherheit für alle;08.08.2025;27.08.2025;27.08.2025;abgeschlossen;2;0,00 €;3
251710;210;K-001;Datenschutz-Grundlagen;08.08.2025;29.09.2025;29.09.2025;abgeschlossen;1;0,00 €;4
251810;223;K-002;Arbeitsschutz-Unterweisung;08.08.2025;05.09.2025;05.09.2025;abgeschlossen;2;0,00 €;4
252060;255;K-002;Arbeitsschutz-Unterweisung;08.08.2025;05.09.2025;05.09.2025;abgeschlossen;2;0,00 €;5
250890;112;K-003;Verhaltenskodex & Compliance;09.08.2025;23.09.2025;23.09.2025;abgeschlossen;1;0,00 €;4
251374;171;K-001;Datenschutz-Grundlagen;09.08.2025;18.09.2025;18.09.2025;No-Show;0;0,00 €;
251889;232;K-305;Projektmanagement Basis;09.08.2025;09.09.2025;10.09.2025;abgeschlossen;16;927,91 €;
252484;310;K-501;Business English B1;09.08.2025;11.09.2025;12.09.2025;abgeschlossen;20;582,09 €;4
252837;357;K-104;IT-Sicherheit für alle;09.08.2025;01.09.2025;01.09.2025;abgeschlossen;2;0,00 €;3
250213;27;K-003;Verhaltenskodex & Compliance;10.08.2025;26.08.2025;26.08.2025;abgeschlossen;1;0,00 €;4
251259;155;K-002;Arbeitsschutz-Unterweisung;10.08.2025;01.09.2025;01.09.2025;abgeschlossen;2;0,00 €;4
252941;368;K-203;Feedback & Mitarbeitergespräch;10.08.2025;01.09.2025;01.09.2025;abgeschlossen;4;0,00 €;3
250359;45;K-303;Schweißtechnik Auffrischung;11.08.2025;05.09.2025;06.09.2025;abgeschlossen;16;717,95 €;3
250832;106;K-001;Datenschutz-Grundlagen;11.08.2025;01.09.2025;01.09.2025;abgeschlossen;1;0,00 €;4
250832;106;K-001;Datenschutz-Grundlagen;11.08.2025;01.09.2025;01.09.2025;abgeschlossen;1;0,00 €;4
251058;132;K-304;Qualitätsmanagement ISO 9001;11.08.2025;19.08.2025;20.08.2025;No-Show;0;847,42 €;
251250;154;K-003;Verhaltenskodex & Compliance;11.08.2025;12.09.2025;12.09.2025;abgeschlossen;1;0,00 €;3
252507;313;K-002;Arbeitsschutz-Unterweisung;11.08.2025;03.09.2025;03.09.2025;abgeschlossen;2;0,00 €;3
253223;402;K-501;Business English B1;11.08.2025;08.09.2025;09.09.2025;abgeschlossen;20;559,41 €;3
251004;127;K-002;Arbeitsschutz-Unterweisung;12.08.2025;28.08.2025;28.08.2025;abgeschlossen;2;0,00 €;
252486;311;K-001;Datenschutz-Grundlagen;12.08.2025;30.09.2025;30.09.2025;abgeschlossen;1;0,00 €;3
250196;25;K-203;Feedback & Mitarbeitergespräch;13.08.2025;28.08.2025;28.08.2025;Abgeschlossen;4;0,00 €;
250304;39;K-002;Arbeitsschutz-Unterweisung;13.08.2025;22.08.2025;22.08.2025;abgeschlossen;2;0,00 €;
250683;86;K-304;Qualitätsmanagement ISO 9001;13.08.2025;22.09.2025;23.09.2025;abgeschlossen;12;787,78 €;4
250783;99;K-104;IT-Sicherheit für alle;13.08.2025;21.08.2025;21.08.2025;abgeschlossen;2;0,00 €;5
251641;202;K-002;Arbeitsschutz-Unterweisung;13.08.2025;02.09.2025;02.09.2025;abgeschlossen;2;0,00 €;4
251918;237;K-002;Arbeitsschutz-Unterweisung;13.08.2025;01.09.2025;01.09.2025;Abgeschlossen;2;0,00 €;3
252143;267;K-002;Arbeitsschutz-Unterweisung;13.08.2025;19.09.2025;19.09.2025;abgeschlossen;2;0,00 €;2
252577;323;K-003;Verhaltenskodex & Compliance;13.08.2025;02.10.2025;02.10.2025;teilgenommen;1;0,00 €;3
251762;216;K-002;Arbeitsschutz-Unterweisung;14.08.2025;01.10.2025;01.10.2025;ABGESCHLOSSEN ;2;0,00 €;4
251824;225;K-001;Datenschutz-Grundlagen;14.08.2025;13.10.2025;13.10.2025;abgeschlossen;1;0,00 €;
251888;232;K-003;Verhaltenskodex & Compliance;14.08.2025;01.10.2025;01.10.2025;Abgeschlossen;1;0,00 €;
251916;236;K-103;KI im Arbeitsalltag;14.08.2025;09.10.2025;09.10.2025;abgeschlossen;4;0,00 €;3
250889;112;K-002;Arbeitsschutz-Unterweisung;15.08.2025;29.09.2025;29.09.2025;abgeschlossen;2;0,00 €;5
250968;122;K-001;Datenschutz-Grundlagen;15.08.2025;02.10.2025;02.10.2025;abgeschlossen;1;0,00 €;
251381;172;K-001;Datenschutz-Grundlagen;15.08.2025;02.09.2025;02.09.2025;Abgeschlossen;1;0,00 €;4
251559;192;K-104;IT-Sicherheit für alle;15.08.2025;23.09.2025;23.09.2025;storniert;0;0,00 €;
253315;414;K-104;IT-Sicherheit für alle;15.08.2025;16.09.2025;16.09.2025;abgeschlossen;2;0,00 €;3
250182;24;K-001;Datenschutz-Grundlagen;16.08.2025;11.09.2025;11.09.2025;abgeschlossen;1;0,00 €;4
250776;99;K-001;Datenschutz-Grundlagen;16.08.2025;08.09.2025;08.09.2025;abgeschlossen;1;0,00 €;4
251264;155;K-301;Lean Production;16.08.2025;19.09.2025;20.09.2025;abgeschlossen;16;979,63 €;5
251708;209;K-501;Business English B1;16.08.2025;15.10.2025;16.10.2025;abgeschlossen;20;555,00 €;
252274;283;K-003;Verhaltenskodex & Compliance;16.08.2025;11.09.2025;11.09.2025;abgeschlossen;1;0,00 €;
252402;300;K-003;Verhaltenskodex & Compliance;16.08.2025;10.09.2025;10.09.2025;abgeschlossen;1;0,00 €;4
252094;260;K-001;Datenschutz-Grundlagen;17.08.2025;09.10.2025;09.10.2025;abgeschlossen;1;0,00 €;5
252278;283;K-501;Business English B1;17.08.2025;24.09.2025;25.09.2025;teilgenommen;20;578,52 €;4
250974;123;K-003;Verhaltenskodex & Compliance;18.08.2025;08.10.2025;08.10.2025;ABGESCHLOSSEN ;1;0,00 €;
251090;136;K-002;Arbeitsschutz-Unterweisung;18.08.2025;01.10.2025;01.10.2025;abgeschlossen;2;0,00 €;3
251098;137;K-003;Verhaltenskodex & Compliance;18.08.2025;14.10.2025;14.10.2025;abgeschlossen;1;0,00 €;4
251215;150;K-302;CNC-Programmierung;18.08.2025;25.09.2025;27.09.2025;storniert;0;0,00 €;
251745;214;K-002;Arbeitsschutz-Unterweisung;18.08.2025;01.10.2025;01.10.2025;abgeschlossen;2;0,00 €;4
252472;309;K-002;Arbeitsschutz-Unterweisung;18.08.2025;27.08.2025;27.08.2025;abgeschlossen;2;0,00 €;4
253167;395;K-106;SAP S/4 Anwendertraining;18.08.2025;08.09.2025;08.09.2025;abgeschlossen;8;0,00 €;
250169;23;K-001;Datenschutz-Grundlagen;19.08.2025;17.09.2025;17.09.2025;abgeschlossen;1;0,00 €;2
250271;35;K-304;Qualitätsmanagement ISO 9001;19.08.2025;18.09.2025;19.09.2025;abgeschlossen;12;789,34 €;4
250407;51;K-001;Datenschutz-Grundlagen;19.08.2025;11.09.2025;11.09.2025;abgeschlossen;1;0,00 €;4
250869;110;K-001;Datenschutz-Grundlagen;19.08.2025;23.09.2025;23.09.2025;storniert;0;0,00 €;
251494;184;K-003;Verhaltenskodex & Compliance;19.08.2025;18.09.2025;18.09.2025;abgeschlossen;1;0,00 €;3
251602;198;K-003;Verhaltenskodex & Compliance;19.08.2025;11.09.2025;11.09.2025;Abgeschlossen;1;0,00 €;3
251871;230;K-003;Verhaltenskodex & Compliance;19.08.2025;09.10.2025;09.10.2025;abgeschlossen;1;0,00 €;3
253208;401;K-001;Datenschutz-Grundlagen;19.08.2025;11.09.2025;11.09.2025;abgeschlossen;1;0,00 €;
250076;10;K-303;Schweißtechnik Auffrischung;20.08.2025;09.10.2025;10.10.2025;abgeschlossen;16;769,13 €;5
251929;239;K-001;Datenschutz-Grundlagen;20.08.2025;29.09.2025;29.09.2025;abgeschlossen;1;0,00 €;5
252994;374;K-105;Cloud-Architektur Zertifizierung;20.08.2025;01.10.2025;04.10.2025;teilgenommen;32;2.528,47 €;5
253194;398;K-101;Excel Aufbau;20.08.2025;04.09.2025;04.09.2025;abgeschlossen;8;285,08 €;
250451;56;K-001;Datenschutz-Grundlagen;21.08.2025;17.10.2025;17.10.2025;abgeschlossen;1;0,00 €;3
250987;125;K-001;Datenschutz-Grundlagen;21.08.2025;01.09.2025;01.09.2025;abgeschlossen;1;0,00 €;4
251542;190;K-106;SAP S/4 Anwendertraining;21.08.2025;09.09.2025;09.09.2025;abgeschlossen;8;0,00 €;5
251924;238;K-103;KI im Arbeitsalltag;21.08.2025;16.10.2025;16.10.2025;abgeschlossen;4;0,00 €;4
251960;243;K-501;Business English B1;21.08.2025;07.10.2025;08.10.2025;abgeschlossen;20;536,29 €;4
253359;420;K-003;Verhaltenskodex & Compliance;21.08.2025;01.10.2025;01.10.2025;abgeschlossen;1;0,00 €;
250792;101;K-002;Arbeitsschutz-Unterweisung;22.08.2025;26.09.2025;26.09.2025;abgeschlossen;2;0,00 €;5
251320;164;K-001;Datenschutz-Grundlagen;22.08.2025;18.09.2025;18.09.2025;Abgeschlossen;1;0,00 €;3
252202;274;K-501;Business English B1;22.08.2025;08.09.2025;09.09.2025;abgeschlossen;20;551,43 €;3
252215;276;K-001;Datenschutz-Grundlagen;22.08.2025;23.09.2025;23.09.2025;abgeschlossen;1;0,00 €;
252245;280;K-002;Arbeitsschutz-Unterweisung;22.08.2025;11.09.2025;11.09.2025;abgeschlossen;2;0,00 €;3
252331;291;K-003;Verhaltenskodex & Compliance;22.08.2025;19.09.2025;19.09.2025;abgeschlossen;1;0,00 €;4
252801;352;K-101;Excel Aufbau;22.08.2025;10.09.2025;10.09.2025;abgeschlossen;8;295,20 €;5
250594;76;K-002;Arbeitsschutz-Unterweisung;23.08.2025;01.10.2025;01.10.2025;abgeschlossen;2;0,00 €;4
250631;81;K-301;Lean Production;23.08.2025;01.09.2025;02.09.2025;Abgeschlossen;16;1.027,27 €;
250810;103;K-002;Arbeitsschutz-Unterweisung;23.08.2025;07.10.2025;07.10.2025;abgeschlossen;2;0,00 €;4
251039;130;K-302;CNC-Programmierung;23.08.2025;22.10.2025;24.10.2025;abgeschlossen;24;1.435,32 €;4
251534;189;K-402;Erste Hilfe;23.08.2025;09.09.2025;09.09.2025;Abgeschlossen;9;67,19 €;5
253122;391;K-003;Verhaltenskodex & Compliance;23.08.2025;19.09.2025;19.09.2025;abgeschlossen;1;0,00 €;3
253301;412;K-003;Verhaltenskodex & Compliance;23.08.2025;20.10.2025;20.10.2025;abgeschlossen;1;0,00 €;4
250656;84;K-103;KI im Arbeitsalltag;24.08.2025;16.09.2025;16.09.2025;abgeschlossen;4;0,00 €;
251996;247;K-003;Verhaltenskodex & Compliance;24.08.2025;02.10.2025;02.10.2025;abgeschlossen;1;0,00 €;3
252759;347;K-003;Verhaltenskodex & Compliance;24.08.2025;30.09.2025;30.09.2025;abgeschlossen;1;0,00 €;
250032;4;K-003;Verhaltenskodex & Compliance;25.08.2025;06.10.2025;06.10.2025;abgeschlossen;1;0,00 €;4
250371;47;K-402;Erste Hilfe;25.08.2025;08.09.2025;08.09.2025;abgeschlossen;9;66,74 €;4
250959;121;K-002;Arbeitsschutz-Unterweisung;25.08.2025;19.09.2025;19.09.2025;abgeschlossen;2;0,00 €;5
251278;158;K-003;Verhaltenskodex & Compliance;25.08.2025;11.09.2025;11.09.2025;abgeschlossen;1;0,00 €;
251369;170;K-002;Arbeitsschutz-Unterweisung;25.08.2025;03.09.2025;03.09.2025;abgeschlossen;2;0,00 €;2
251647;203;K-001;Datenschutz-Grundlagen;25.08.2025;15.10.2025;15.10.2025;Nicht erschienen;0;0,00 €;
252138;266;K-202;Konfliktgespräche führen;25.08.2025;09.10.2025;09.10.2025;abgeschlossen;8;662,11 €;5
252613;327;K-001;Datenschutz-Grundlagen;25.08.2025;24.09.2025;24.09.2025;teilgenommen;1;0,00 €;
253006;376;K-003;Verhaltenskodex & Compliance;25.08.2025;24.10.2025;24.10.2025;abgeschlossen;1;0,00 €;
253016;377;K-003;Verhaltenskodex & Compliance;25.08.2025;02.10.2025;02.10.2025;abgeschlossen;1;0,00 €;4
253061;383;K-102;Power BI Grundlagen;25.08.2025;08.09.2025;09.09.2025;abgeschlossen;16;847,96 €;3
250134;17;K-401;Staplerschein;26.08.2025;06.10.2025;07.10.2025;No-Show;0;404,69 €;
250141;19;K-001;Datenschutz-Grundlagen;26.08.2025;06.10.2025;06.10.2025;ABGESCHLOSSEN ;1;0,00 €;2
250159;22;K-001;Datenschutz-Grundlagen;26.08.2025;02.09.2025;02.09.2025;abgeschlossen;1;0,00 €;
250197;25;K-203;Feedback & Mitarbeitergespräch;26.08.2025;23.09.2025;23.09.2025;abgeschlossen;4;0,00 €;4
250243;31;K-003;Verhaltenskodex & Compliance;26.08.2025;14.10.2025;14.10.2025;teilgenommen;1;0,00 €;3
250700;88;K-401;Staplerschein;26.08.2025;26.09.2025;27.09.2025;abgeschlossen;16;431,89 €;
250909;114;K-402;Erste Hilfe;26.08.2025;17.09.2025;17.09.2025;abgeschlossen;9;63,72 €;3
251212;150;K-401;Staplerschein;26.08.2025;03.09.2025;04.09.2025;storniert;0;0,00 €;
251253;154;K-401;Staplerschein;26.08.2025;07.10.2025;08.10.2025;abgeschlossen;16;440,13 €;
252122;265;K-002;Arbeitsschutz-Unterweisung;26.08.2025;10.09.2025;10.09.2025;abgeschlossen;2;0,00 €;3
250246;32;K-002;Arbeitsschutz-Unterweisung;27.08.2025;03.09.2025;03.09.2025;abgeschlossen;2;0,00 €;4
250356;45;K-302;CNC-Programmierung;27.08.2025;08.10.2025;10.10.2025;abgeschlossen;24;1.387,71 €;
250993;125;K-402;Erste Hilfe;27.08.2025;16.10.2025;16.10.2025;abgeschlossen;9;66,79 €;5
251886;232;K-002;Arbeitsschutz-Unterweisung;27.08.2025;18.09.2025;18.09.2025;abgeschlossen;2;0,00 €;
252544;318;K-101;Excel Aufbau;27.08.2025;19.09.2025;19.09.2025;abgeschlossen;8;289,96 €;4
252612;326;K-101;Excel Aufbau;27.08.2025;19.09.2025;19.09.2025;abgeschlossen;8;296,07 €;3
250486;61;K-502;Deutsch am Arbeitsplatz;28.08.2025;20.10.2025;21.10.2025;abgeschlossen;20;370,17 €;4
250752;95;K-304;Qualitätsmanagement ISO 9001;28.08.2025;19.09.2025;20.09.2025;abgeschlossen;12;787,88 €;4
250798;101;K-304;Qualitätsmanagement ISO 9001;28.08.2025;15.10.2025;16.10.2025;abgeschlossen;12;782,31 €;5
250936;118;K-402;Erste Hilfe;28.08.2025;15.10.2025;15.10.2025;Storniert;0;32,94 €;
251592;197;K-402;Erste Hilfe;28.08.2025;19.09.2025;19.09.2025;abgeschlossen;9;64,44 €;
251623;200;K-002;Arbeitsschutz-Unterweisung;28.08.2025;16.10.2025;16.10.2025;abgeschlossen;2;0,00 €;
252786;350;K-003;Verhaltenskodex & Compliance;28.08.2025;10.09.2025;10.09.2025;abgeschlossen;1;0,00 €;5
253037;380;K-103;KI im Arbeitsalltag;28.08.2025;23.09.2025;23.09.2025;abgeschlossen;4;0,00 €;5
251328;165;K-003;Verhaltenskodex & Compliance;29.08.2025;25.09.2025;25.09.2025;abgeschlossen;1;0,00 €;3
251931;239;K-003;Verhaltenskodex & Compliance;29.08.2025;05.09.2025;05.09.2025;abgeschlossen;1;0,00 €;
253309;414;K-001;Datenschutz-Grundlagen;29.08.2025;28.10.2025;28.10.2025;abgeschlossen;1;0,00 €;3
251562;193;K-002;Arbeitsschutz-Unterweisung;30.08.2025;24.09.2025;24.09.2025;ABGESCHLOSSEN ;2;0,00 €;4
251972;245;K-002;Arbeitsschutz-Unterweisung;30.08.2025;23.09.2025;23.09.2025;teilgenommen;2;0,00 €;4
252700;338;K-002;Arbeitsschutz-Unterweisung;30.08.2025;14.10.2025;14.10.2025;abgeschlossen;2;0,00 €;3
250861;109;K-002;Arbeitsschutz-Unterweisung;31.08.2025;15.10.2025;15.10.2025;abgeschlossen;2;0,00 €;4
252912;365;K-105;Cloud-Architektur Zertifizierung;31.08.2025;06.10.2025;09.10.2025;Abgeschlossen;32;2.388,07 €;4
250172;23;K-002;Arbeitsschutz-Unterweisung;01.09.2025;06.10.2025;06.10.2025;abgeschlossen;2;0,00 €;5
250981;124;K-002;Arbeitsschutz-Unterweisung;01.09.2025;23.09.2025;23.09.2025;Abgeschlossen;2;0,00 €;4
251477;183;K-003;Verhaltenskodex & Compliance;01.09.2025;09.10.2025;09.10.2025;abgeschlossen;1;0,00 €;3
251683;207;K-002;Arbeitsschutz-Unterweisung;01.09.2025;26.09.2025;26.09.2025;abgeschlossen;2;0,00 €;4
252566;322;K-003;Verhaltenskodex & Compliance;01.09.2025;15.10.2025;15.10.2025;abgeschlossen;1;0,00 €;4
253195;399;K-001;Datenschutz-Grundlagen;01.09.2025;07.10.2025;07.10.2025;ABGESCHLOSSEN ;1;0,00 €;4
250939;119;K-002;Arbeitsschutz-Unterweisung;02.09.2025;19.09.2025;19.09.2025;abgeschlossen;2;0,00 €;
251981;246;K-002;Arbeitsschutz-Unterweisung;02.09.2025;27.10.2025;27.10.2025;abgeschlossen;2;0,00 €;5
252046;253;K-003;Verhaltenskodex & Compliance;02.09.2025;14.10.2025;14.10.2025;abgeschlossen;1;0,00 €;4
252264;282;K-501;Business English B1;02.09.2025;10.10.2025;11.10.2025;abgeschlossen;20;548,38 €;5
252318;290;K-003;Verhaltenskodex & Compliance;02.09.2025;16.10.2025;16.10.2025;abgeschlossen;1;0,00 €;
250723;92;K-001;Datenschutz-Grundlagen;03.09.2025;30.09.2025;30.09.2025;abgeschlossen;1;0,00 €;4
251183;147;K-001;Datenschutz-Grundlagen;03.09.2025;19.09.2025;19.09.2025;abgeschlossen;1;0,00 €;3
251364;169;K-001;Datenschutz-Grundlagen;04.09.2025;24.10.2025;24.10.2025;abgeschlossen;1;0,00 €;3
252017;249;K-003;Verhaltenskodex & Compliance;04.09.2025;19.09.2025;19.09.2025;Abgeschlossen;1;0,00 €;
252203;274;K-104;IT-Sicherheit für alle;04.09.2025;25.09.2025;25.09.2025;Abgeschlossen;2;0,00 €;3
252328;291;K-002;Arbeitsschutz-Unterweisung;04.09.2025;12.09.2025;12.09.2025;abgeschlossen;2;0,00 €;4
252345;293;K-003;Verhaltenskodex & Compliance;04.09.2025;16.09.2025;16.09.2025;abgeschlossen;1;0,00 €;4
252896;364;K-003;Verhaltenskodex & Compliance;04.09.2025;17.09.2025;17.09.2025;abgeschlossen;1;0,00 €;3
253072;384;K-305;Projektmanagement Basis;04.09.2025;07.10.2025;08.10.2025;abgeschlossen;16;981,55 €;5
253357;420;K-002;Arbeitsschutz-Unterweisung;04.09.2025;14.10.2025;14.10.2025;abgeschlossen;2;0,00 €;5
251359;168;K-401;Staplerschein;05.09.2025;19.09.2025;20.09.2025;Storniert;0;0,00 €;
252972;372;K-002;Arbeitsschutz-Unterweisung;05.09.2025;03.11.2025;03.11.2025;abgeschlossen;2;0,00 €;
253196;399;K-002;Arbeitsschutz-Unterweisung;05.09.2025;02.10.2025;02.10.2025;abgeschlossen;2;0,00 €;4
250038;6;K-001;Datenschutz-Grundlagen;06.09.2025;06.10.2025;06.10.2025;ABGESCHLOSSEN ;1;0,00 €;5
252474;309;K-003;Verhaltenskodex & Compliance;06.09.2025;07.10.2025;07.10.2025;abgeschlossen;1;0,00 €;2
252610;326;K-003;Verhaltenskodex & Compliance;06.09.2025;03.11.2025;03.11.2025;abgeschlossen;1;0,00 €;3
252756;347;K-002;Arbeitsschutz-Unterweisung;06.09.2025;26.09.2025;26.09.2025;abgeschlossen;2;0,00 €;3
250128;17;K-002;Arbeitsschutz-Unterweisung;07.09.2025;14.10.2025;14.10.2025;abgeschlossen;2;0,00 €;3
250136;18;K-001;Datenschutz-Grundlagen;07.09.2025;21.10.2025;21.10.2025;abgeschlossen;1;0,00 €;
250638;82;K-003;Verhaltenskodex & Compliance;07.09.2025;03.11.2025;03.11.2025;abgeschlossen;1;0,00 €;3
250743;94;K-103;KI im Arbeitsalltag;07.09.2025;25.09.2025;25.09.2025;abgeschlossen;4;0,00 €;
250796;101;K-303;Schweißtechnik Auffrischung;07.09.2025;03.11.2025;04.11.2025;abgeschlossen;16;707,34 €;5
251970;245;K-001;Datenschutz-Grundlagen;07.09.2025;02.10.2025;02.10.2025;abgeschlossen;1;0,00 €;4
252225;277;K-003;Verhaltenskodex & Compliance;07.09.2025;06.10.2025;06.10.2025;abgeschlossen;1;0,00 €;
252281;284;K-002;Arbeitsschutz-Unterweisung;07.09.2025;19.09.2025;19.09.2025;abgeschlossen;2;0,00 €;
252701;338;K-003;Verhaltenskodex & Compliance;07.09.2025;22.09.2025;22.09.2025;abgeschlossen;1;0,00 €;
252995;374;K-104;IT-Sicherheit für alle;07.09.2025;15.10.2025;15.10.2025;Nicht erschienen;0;0,00 €;
253258;407;K-002;Arbeitsschutz-Unterweisung;07.09.2025;31.10.2025;31.10.2025;abgeschlossen;2;0,00 €;4
251028;129;K-304;Qualitätsmanagement ISO 9001;08.09.2025;10.10.2025;11.10.2025;abgeschlossen;12;833,34 €;4
252076;258;K-001;Datenschutz-Grundlagen;08.09.2025;15.09.2025;15.09.2025;abgeschlossen;1;0,00 €;3
252231;278;K-003;Verhaltenskodex & Compliance;08.09.2025;09.10.2025;09.10.2025;abgeschlossen;1;0,00 €;4
252998;375;K-002;Arbeitsschutz-Unterweisung;08.09.2025;19.09.2025;19.09.2025;teilgenommen;2;0,00 €;4
250988;125;K-002;Arbeitsschutz-Unterweisung;09.09.2025;06.10.2025;06.10.2025;abgeschlossen;2;0,00 €;4
251220;151;K-401;Staplerschein;09.09.2025;24.10.2025;25.10.2025;abgeschlossen;16;429,93 €;3
251283;159;K-002;Arbeitsschutz-Unterweisung;09.09.2025;10.10.2025;10.10.2025;abgeschlossen;2;0,00 €;
251771;217;K-103;KI im Arbeitsalltag;09.09.2025;05.11.2025;05.11.2025;abgeschlossen;4;0,00 €;3
253030;379;K-003;Verhaltenskodex & Compliance;09.09.2025;22.10.2025;22.10.2025;ABGESCHLOSSEN ;1;0,00 €;4
253112;389;K-103;KI im Arbeitsalltag;09.09.2025;19.09.2025;19.09.2025;abgeschlossen;4;0,00 €;4
251443;179;K-002;Arbeitsschutz-Unterweisung;10.09.2025;17.10.2025;17.10.2025;abgeschlossen;2;0,00 €;4
251632;201;K-301;Lean Production;10.09.2025;13.10.2025;14.10.2025;abgeschlossen;16;995,36 €;
252629;329;K-001;Datenschutz-Grundlagen;10.09.2025;23.10.2025;23.10.2025;abgeschlossen;1;0,00 €;3
253085;386;K-002;Arbeitsschutz-Unterweisung;10.09.2025;24.09.2025;24.09.2025;Abgeschlossen;2;0,00 €;
250579;73;K-203;Feedback & Mitarbeitergespräch;11.09.2025;27.10.2025;27.10.2025;storniert;0;0,00 €;
250669;85;K-303;Schweißtechnik Auffrischung;11.09.2025;16.10.2025;17.10.2025;abgeschlossen;16;770,46 €;
250766;97;K-303;Schweißtechnik Auffrischung;11.09.2025;24.09.2025;25.09.2025;abgeschlossen;16;750,21 €;4
252257;282;K-002;Arbeitsschutz-Unterweisung;11.09.2025;22.10.2025;22.10.2025;abgeschlossen;2;0,00 €;3
252526;315;K-003;Verhaltenskodex & Compliance;11.09.2025;06.10.2025;06.10.2025;abgeschlossen;1;0,00 €;3
250423;53;K-001;Datenschutz-Grundlagen;12.09.2025;03.11.2025;03.11.2025;abgeschlossen;1;0,00 €;
251145;143;K-003;Verhaltenskodex & Compliance;12.09.2025;23.10.2025;23.10.2025;abgeschlossen;1;0,00 €;
252457;306;K-003;Verhaltenskodex & Compliance;12.09.2025;13.10.2025;13.10.2025;ABGESCHLOSSEN ;1;0,00 €;
252860;361;K-001;Datenschutz-Grundlagen;12.09.2025;03.11.2025;03.11.2025;teilgenommen;1;0,00 €;
252974;372;K-003;Verhaltenskodex & Compliance;12.09.2025;03.11.2025;03.11.2025;abgeschlossen;1;0,00 €;
250565;72;K-002;Arbeitsschutz-Unterweisung;13.09.2025;17.10.2025;17.10.2025;abgeschlossen;2;0,00 €;5
250754;96;K-002;Arbeitsschutz-Unterweisung;13.09.2025;22.09.2025;22.09.2025;abgeschlossen;2;0,00 €;5
251014;128;K-003;Verhaltenskodex & Compliance;13.09.2025;15.10.2025;15.10.2025;abgeschlossen;1;0,00 €;3
251116;139;K-002;Arbeitsschutz-Unterweisung;13.09.2025;24.10.2025;24.10.2025;teilgenommen;2;0,00 €;4
251139;142;K-003;Verhaltenskodex & Compliance;13.09.2025;14.10.2025;14.10.2025;abgeschlossen;1;0,00 €;3
251986;246;K-501;Business English B1;13.09.2025;04.11.2025;05.11.2025;abgeschlossen;20;562,59 €;4
252027;250;K-003;Verhaltenskodex & Compliance;13.09.2025;24.09.2025;24.09.2025;teilgenommen;1;0,00 €;4
252184;272;K-002;Arbeitsschutz-Unterweisung;13.09.2025;05.11.2025;05.11.2025;abgeschlossen;2;0,00 €;4
252563;322;K-001;Datenschutz-Grundlagen;13.09.2025;17.10.2025;17.10.2025;abgeschlossen;1;0,00 €;2
252621;327;K-501;Business English B1;13.09.2025;14.10.2025;15.10.2025;abgeschlossen;20;560,38 €;
252923;367;K-002;Arbeitsschutz-Unterweisung;13.09.2025;10.11.2025;10.11.2025;abgeschlossen;2;0,00 €;4
250322;41;K-003;Verhaltenskodex & Compliance;14.09.2025;22.10.2025;22.10.2025;abgeschlossen;1;0,00 €;3
250803;102;K-001;Datenschutz-Grundlagen;14.09.2025;25.09.2025;25.09.2025;Abgeschlossen;1;0,00 €;3
250867;109;K-402;Erste Hilfe;14.09.2025;06.11.2025;06.11.2025;storniert;0;0,00 €;
250922;116;K-002;Arbeitsschutz-Unterweisung;14.09.2025;23.10.2025;23.10.2025;abgeschlossen;2;0,00 €;
251508;186;K-003;Verhaltenskodex & Compliance;14.09.2025;24.10.2025;24.10.2025;Abgeschlossen;1;0,00 €;4
251657;204;K-001;Datenschutz-Grundlagen;14.09.2025;07.10.2025;07.10.2025;abgeschlossen;1;0,00 €;3
252450;305;K-003;Verhaltenskodex & Compliance;14.09.2025;01.10.2025;01.10.2025;abgeschlossen;1;0,00 €;
252832;357;K-001;Datenschutz-Grundlagen;14.09.2025;03.11.2025;03.11.2025;teilgenommen;1;0,00 €;4
252996;375;K-001;Datenschutz-Grundlagen;14.09.2025;29.10.2025;29.10.2025;abgeschlossen;1;0,00 €;
251136;142;K-002;Arbeitsschutz-Unterweisung;15.09.2025;10.10.2025;10.10.2025;abgeschlossen;2;0,00 €;
252205;275;K-001;Datenschutz-Grundlagen;15.09.2025;20.10.2025;20.10.2025;storniert;0;0,00 €;
252692;337;K-002;Arbeitsschutz-Unterweisung;15.09.2025;07.10.2025;07.10.2025;abgeschlossen;2;0,00 €;4
250582;74;K-002;Arbeitsschutz-Unterweisung;16.09.2025;24.09.2025;24.09.2025;abgeschlossen;2;0,00 €;3
250740;94;K-106;SAP S/4 Anwendertraining;16.09.2025;08.10.2025;08.10.2025;abgeschlossen;8;0,00 €;
250123;16;K-003;Verhaltenskodex & Compliance;17.09.2025;07.10.2025;07.10.2025;abgeschlossen;1;0,00 €;4
250164;22;K-003;Verhaltenskodex & Compliance;17.09.2025;31.10.2025;31.10.2025;abgeschlossen;1;0,00 €;4
250727;92;K-304;Qualitätsmanagement ISO 9001;17.09.2025;08.10.2025;09.10.2025;No-Show;0;849,69 €;
251245;154;K-001;Datenschutz-Grundlagen;17.09.2025;24.10.2025;24.10.2025;abgeschlossen;1;0,00 €;3
251461;181;K-003;Verhaltenskodex & Compliance;17.09.2025;23.10.2025;23.10.2025;abgeschlossen;1;0,00 €;4
251496;184;K-502;Deutsch am Arbeitsplatz;17.09.2025;01.10.2025;02.10.2025;abgeschlossen;20;371,52 €;4
251622;200;K-001;Datenschutz-Grundlagen;17.09.2025;06.11.2025;06.11.2025;abgeschlossen;1;0,00 €;
252269;283;K-001;Datenschutz-Grundlagen;17.09.2025;30.09.2025;30.09.2025;abgeschlossen;1;0,00 €;4
252481;310;K-002;Arbeitsschutz-Unterweisung;17.09.2025;22.10.2025;22.10.2025;teilgenommen;2;0,00 €;3
252744;345;K-002;Arbeitsschutz-Unterweisung;17.09.2025;13.11.2025;13.11.2025;teilgenommen;2;0,00 €;5
250585;75;K-002;Arbeitsschutz-Unterweisung;18.09.2025;12.11.2025;12.11.2025;abgeschlossen;2;0,00 €;4
252353;294;K-003;Verhaltenskodex & Compliance;18.09.2025;29.10.2025;29.10.2025;abgeschlossen;1;0,00 €;
250276;36;K-001;Datenschutz-Grundlagen;19.09.2025;18.11.2025;18.11.2025;abgeschlossen;1;0,00 €;
250984;124;K-103;KI im Arbeitsalltag;19.09.2025;11.11.2025;11.11.2025;No-Show;0;0,00 €;
251030;130;K-001;Datenschutz-Grundlagen;19.09.2025;06.10.2025;06.10.2025;no show;0;0,00 €;
251907;235;K-305;Projektmanagement Basis;19.09.2025;23.10.2025;24.10.2025;abgeschlossen;16;993,18 €;4
252061;255;K-003;Verhaltenskodex & Compliance;19.09.2025;10.11.2025;10.11.2025;teilgenommen;1;0,00 €;4
252162;269;K-002;Arbeitsschutz-Unterweisung;19.09.2025;05.11.2025;05.11.2025;abgeschlossen;2;0,00 €;3
250097;12;K-401;Staplerschein;20.09.2025;05.11.2025;06.11.2025;abgeschlossen;16;411,15 €;
250730;93;K-002;Arbeitsschutz-Unterweisung;20.09.2025;20.10.2025;20.10.2025;Nicht erschienen;0;0,00 €;
252865;361;K-003;Verhaltenskodex & Compliance;20.09.2025;27.10.2025;27.10.2025;abgeschlossen;1;0,00 €;
253100;387;K-003;Verhaltenskodex & Compliance;20.09.2025;14.10.2025;14.10.2025;abgeschlossen;1;0,00 €;3
250446;55;K-003;Verhaltenskodex & Compliance;21.09.2025;06.11.2025;06.11.2025;abgeschlossen;1;0,00 €;4
250566;72;K-003;Verhaltenskodex & Compliance;21.09.2025;04.11.2025;04.11.2025;abgeschlossen;1;0,00 €;4
250902;113;K-103;KI im Arbeitsalltag;21.09.2025;22.10.2025;22.10.2025;abgeschlossen;4;0,00 €;4
250902;113;K-103;KI im Arbeitsalltag;21.09.2025;22.10.2025;22.10.2025;abgeschlossen;4;0,00 €;4
251140;142;K-301;Lean Production;21.09.2025;13.11.2025;14.11.2025;storniert ;0;469,62 €;
251432;178;K-001;Datenschutz-Grundlagen;21.09.2025;18.11.2025;18.11.2025;abgeschlossen;1;0,00 €;4
252588;324;K-001;Datenschutz-Grundlagen;21.09.2025;11.11.2025;11.11.2025;teilgenommen;1;0,00 €;
250094;12;K-304;Qualitätsmanagement ISO 9001;22.09.2025;01.10.2025;02.10.2025;abgeschlossen;12;813,57 €;4
250179;23;K-103;KI im Arbeitsalltag;22.09.2025;03.11.2025;03.11.2025;storniert;0;0,00 €;
250323;41;K-502;Deutsch am Arbeitsplatz;22.09.2025;12.11.2025;13.11.2025;abgeschlossen;20;396,98 €;
251082;135;K-003;Verhaltenskodex & Compliance;22.09.2025;06.10.2025;06.10.2025;Abgeschlossen;1;0,00 €;
251890;233;K-001;Datenschutz-Grundlagen;22.09.2025;15.10.2025;15.10.2025;abgeschlossen;1;0,00 €;
251318;163;K-202;Konfliktgespräche führen;23.09.2025;06.10.2025;06.10.2025;abgeschlossen;8;720,01 €;5
251463;181;K-106;SAP S/4 Anwendertraining;23.09.2025;18.11.2025;18.11.2025;teilgenommen;8;0,00 €;4
251512;187;K-002;Arbeitsschutz-Unterweisung;23.09.2025;13.10.2025;13.10.2025;Abgeschlossen;2;0,00 €;3
251608;199;K-002;Arbeitsschutz-Unterweisung;23.09.2025;24.10.2025;24.10.2025;abgeschlossen;2;0,00 €;
253068;384;K-002;Arbeitsschutz-Unterweisung;23.09.2025;29.10.2025;29.10.2025;abgeschlossen;2;0,00 €;3
250135;17;K-303;Schweißtechnik Auffrischung;24.09.2025;20.10.2025;21.10.2025;abgeschlossen;16;765,24 €;
250248;32;K-003;Verhaltenskodex & Compliance;24.09.2025;04.11.2025;04.11.2025;abgeschlossen;1;0,00 €;4
251668;205;K-002;Arbeitsschutz-Unterweisung;24.09.2025;09.10.2025;09.10.2025;abgeschlossen;2;0,00 €;
252293;286;K-002;Arbeitsschutz-Unterweisung;25.09.2025;06.11.2025;06.11.2025;Abgeschlossen;2;0,00 €;4
252447;305;K-002;Arbeitsschutz-Unterweisung;25.09.2025;21.10.2025;21.10.2025;storniert;0;0,00 €;
252963;371;K-001;Datenschutz-Grundlagen;25.09.2025;19.11.2025;19.11.2025;abgeschlossen;1;0,00 €;
250324;42;K-002;Arbeitsschutz-Unterweisung;26.09.2025;19.11.2025;19.11.2025;teilgenommen;2;0,00 €;5
250876;110;K-302;CNC-Programmierung;26.09.2025;16.10.2025;18.10.2025;storniert;0;0,00 €;
252433;304;K-001;Datenschutz-Grundlagen;26.09.2025;20.11.2025;20.11.2025;ABGESCHLOSSEN ;1;0,00 €;5
252555;320;K-002;Arbeitsschutz-Unterweisung;26.09.2025;30.10.2025;30.10.2025;abgeschlossen;2;0,00 €;5
253001;376;K-001;Datenschutz-Grundlagen;26.09.2025;17.11.2025;17.11.2025;abgeschlossen;1;0,00 €;3
250969;122;K-106;SAP S/4 Anwendertraining;27.09.2025;04.11.2025;04.11.2025;abgeschlossen;8;0,00 €;
252024;250;K-001;Datenschutz-Grundlagen;27.09.2025;30.10.2025;30.10.2025;abgeschlossen;1;0,00 €;5
252400;300;K-002;Arbeitsschutz-Unterweisung;27.09.2025;20.11.2025;20.11.2025;abgeschlossen;2;0,00 €;
252877;362;K-103;KI im Arbeitsalltag;27.09.2025;20.10.2025;20.10.2025;abgeschlossen;4;0,00 €;3
251146;143;K-304;Qualitätsmanagement ISO 9001;28.09.2025;08.10.2025;09.10.2025;ABGESCHLOSSEN ;12;859,85 €;5
251486;183;K-402;Erste Hilfe;28.09.2025;03.11.2025;03.11.2025;abgeschlossen;5;66,21 €;3
252137;266;K-202;Konfliktgespräche führen;28.09.2025;07.10.2025;07.10.2025;abgeschlossen;8;710,03 €;3
252284;285;K-001;Datenschutz-Grundlagen;28.09.2025;22.10.2025;22.10.2025;abgeschlossen;1;0,00 €;
252539;317;K-003;Verhaltenskodex & Compliance;28.09.2025;03.11.2025;03.11.2025;abgeschlossen;1;0,00 €;3
252687;336;K-003;Verhaltenskodex & Compliance;28.09.2025;26.11.2025;26.11.2025;abgeschlossen;1;0,00 €;5
252836;357;K-003;Verhaltenskodex & Compliance;28.09.2025;19.11.2025;19.11.2025;abgeschlossen;1;0,00 €;
253093;386;K-106;SAP S/4 Anwendertraining;28.09.2025;13.10.2025;13.10.2025;abgeschlossen;8;0,00 €;4
250060;8;K-003;Verhaltenskodex & Compliance;29.09.2025;14.10.2025;14.10.2025;abgeschlossen;1;0,00 €;
250083;11;K-402;Erste Hilfe;29.09.2025;27.10.2025;27.10.2025;abgeschlossen;9;66,41 €;5
251293;160;K-106;SAP S/4 Anwendertraining;29.09.2025;07.10.2025;07.10.2025;abgeschlossen;8;0,00 €;5
251344;166;K-301;Lean Production;29.09.2025;18.11.2025;19.11.2025;ABGESCHLOSSEN ;16;1.014,89 €;4
251914;236;K-103;KI im Arbeitsalltag;29.09.2025;23.10.2025;23.10.2025;storniert;0;0,00 €;
251914;236;K-103;KI im Arbeitsalltag;29.09.2025;23.10.2025;23.10.2025;storniert;0;0,00 €;
251917;237;K-001;Datenschutz-Grundlagen;29.09.2025;24.11.2025;24.11.2025;abgeschlossen;1;0,00 €;3
252039;252;K-002;Arbeitsschutz-Unterweisung;29.09.2025;20.10.2025;20.10.2025;teilgenommen;2;0,00 €;
251190;147;K-401;Staplerschein;30.09.2025;11.11.2025;12.11.2025;abgeschlossen;16;431,65 €;4
251191;148;K-001;Datenschutz-Grundlagen;30.09.2025;12.11.2025;12.11.2025;Storniert;0;0,00 €;
253200;399;K-101;Excel Aufbau;30.09.2025;11.11.2025;11.11.2025;abgeschlossen;8;284,68 €;4
253202;400;K-001;Datenschutz-Grundlagen;30.09.2025;10.10.2025;10.10.2025;abgeschlossen;1;0,00 €;3
253238;405;K-001;Datenschutz-Grundlagen;30.09.2025;07.11.2025;07.11.2025;abgeschlossen;1;0,00 €;4
253320;415;K-003;Verhaltenskodex & Compliance;30.09.2025;13.10.2025;13.10.2025;abgeschlossen;1;0,00 €;3
250333;43;K-002;Arbeitsschutz-Unterweisung;01.10.2025;25.11.2025;25.11.2025;Nicht erschienen;0;0,00 €;
250990;125;K-303;Schweißtechnik Auffrischung;01.10.2025;07.11.2025;08.11.2025;abgeschlossen;16;765,66 €;4
251409;175;K-002;Arbeitsschutz-Unterweisung;01.10.2025;15.10.2025;15.10.2025;abgeschlossen;2;0,00 €;
251575;195;K-003;Verhaltenskodex & Compliance;01.10.2025;20.11.2025;20.11.2025;abgeschlossen;1;0,00 €;
251613;199;K-203;Feedback & Mitarbeitergespräch;01.10.2025;23.10.2025;23.10.2025;storniert;0;0,00 €;
251755;215;K-002;Arbeitsschutz-Unterweisung;01.10.2025;15.10.2025;15.10.2025;ABGESCHLOSSEN ;2;0,00 €;5
251900;234;K-304;Qualitätsmanagement ISO 9001;01.10.2025;26.11.2025;27.11.2025;no show;0;845,58 €;
253230;403;K-003;Verhaltenskodex & Compliance;01.10.2025;25.11.2025;25.11.2025;ABGESCHLOSSEN ;1;0,00 €;3
250157;21;K-003;Verhaltenskodex & Compliance;02.10.2025;06.11.2025;06.11.2025;abgeschlossen;1;0,00 €;4
250255;33;K-002;Arbeitsschutz-Unterweisung;02.10.2025;21.10.2025;21.10.2025;abgeschlossen;2;0,00 €;3
251391;173;K-002;Arbeitsschutz-Unterweisung;02.10.2025;09.10.2025;09.10.2025;abgeschlossen;2;0,00 €;4
251667;204;K-301;Lean Production;02.10.2025;25.11.2025;26.11.2025;abgeschlossen;16;989,92 €;
250174;23;K-302;CNC-Programmierung;03.10.2025;06.11.2025;08.11.2025;abgeschlossen;24;1.393,78 €;5
252466;307;K-106;SAP S/4 Anwendertraining;03.10.2025;07.11.2025;07.11.2025;abgeschlossen;4;0,00 €;3
252938;368;K-202;Konfliktgespräche führen;03.10.2025;28.10.2025;28.10.2025;abgeschlossen;8;694,76 €;4
250748;95;K-001;Datenschutz-Grundlagen;04.10.2025;30.10.2025;30.10.2025;abgeschlossen;1;0,00 €;3
250945;119;K-104;IT-Sicherheit für alle;04.10.2025;03.11.2025;03.11.2025;abgeschlossen;2;0,00 €;4
252645;331;K-002;Arbeitsschutz-Unterweisung;04.10.2025;16.10.2025;16.10.2025;abgeschlossen;2;0,00 €;5
250476;60;K-003;Verhaltenskodex & Compliance;05.10.2025;21.10.2025;21.10.2025;ABGESCHLOSSEN ;1;0,00 €;
250805;102;K-003;Verhaltenskodex & Compliance;05.10.2025;11.11.2025;11.11.2025;abgeschlossen;1;0,00 €;4
251388;172;K-401;Staplerschein;05.10.2025;12.11.2025;13.11.2025;abgeschlossen;16;432,35 €;4
252886;363;K-003;Verhaltenskodex & Compliance;05.10.2025;23.10.2025;23.10.2025;abgeschlossen;1;0,00 €;
252933;368;K-002;Arbeitsschutz-Unterweisung;05.10.2025;23.10.2025;23.10.2025;abgeschlossen;2;0,00 €;5
250397;50;K-003;Verhaltenskodex & Compliance;06.10.2025;14.11.2025;14.11.2025;Abgeschlossen;1;0,00 €;4
250929;117;K-003;Verhaltenskodex & Compliance;06.10.2025;27.10.2025;27.10.2025;abgeschlossen;1;0,00 €;
251121;139;K-303;Schweißtechnik Auffrischung;06.10.2025;07.11.2025;08.11.2025;abgeschlossen;14;776,74 €;4
251162;145;K-003;Verhaltenskodex & Compliance;06.10.2025;11.11.2025;11.11.2025;abgeschlossen;1;0,00 €;
251404;174;K-401;Staplerschein;06.10.2025;06.11.2025;07.11.2025;abgeschlossen;16;429,05 €;4
251998;247;K-102;Power BI Grundlagen;06.10.2025;22.10.2025;23.10.2025;abgeschlossen;16;892,28 €;4
252389;298;K-003;Verhaltenskodex & Compliance;06.10.2025;07.11.2025;07.11.2025;abgeschlossen;1;0,00 €;
252458;307;K-001;Datenschutz-Grundlagen;06.10.2025;30.10.2025;30.10.2025;abgeschlossen;1;0,00 €;3
250256;33;K-003;Verhaltenskodex & Compliance;07.10.2025;14.10.2025;14.10.2025;abgeschlossen;1;0,00 €;4
251015;128;K-302;CNC-Programmierung;07.10.2025;24.10.2025;26.10.2025;abgeschlossen;24;1.324,65 €;
251309;162;K-002;Arbeitsschutz-Unterweisung;07.10.2025;07.11.2025;07.11.2025;teilgenommen;2;0,00 €;4
251454;180;K-401;Staplerschein;07.10.2025;18.11.2025;19.11.2025;storniert;0;213,84 €;
252036;252;K-001;Datenschutz-Grundlagen;07.10.2025;31.10.2025;31.10.2025;abgeschlossen;1;0,00 €;
253028;379;K-002;Arbeitsschutz-Unterweisung;07.10.2025;11.11.2025;11.11.2025;abgeschlossen;2;0,00 €;2
250319;41;K-002;Arbeitsschutz-Unterweisung;08.10.2025;12.11.2025;12.11.2025;abgeschlossen;2;0,00 €;4
252867;361;K-102;Power BI Grundlagen;08.10.2025;20.11.2025;21.11.2025;No-Show;0;897,04 €;
250121;16;K-002;Arbeitsschutz-Unterweisung;09.10.2025;13.11.2025;13.11.2025;ABGESCHLOSSEN ;2;0,00 €;
253013;377;K-002;Arbeitsschutz-Unterweisung;09.10.2025;23.10.2025;23.10.2025;abgeschlossen;2;0,00 €;4
250227;29;K-001;Datenschutz-Grundlagen;10.10.2025;29.10.2025;29.10.2025;abgeschlossen;1;0,00 €;3
250846;107;K-301;Lean Production;10.10.2025;24.10.2025;25.10.2025;No-Show;0;1.027,95 €;
251087;135;K-302;CNC-Programmierung;10.10.2025;07.11.2025;09.11.2025;abgeschlossen;24;1.404,57 €;
253009;376;K-102;Power BI Grundlagen;10.10.2025;14.11.2025;15.11.2025;abgeschlossen;16;914,27 €;4
251218;151;K-003;Verhaltenskodex & Compliance;11.10.2025;27.11.2025;27.11.2025;abgeschlossen;1;0,00 €;4
251768;217;K-002;Arbeitsschutz-Unterweisung;11.10.2025;25.11.2025;25.11.2025;abgeschlossen;2;0,00 €;4
251966;244;K-001;Datenschutz-Grundlagen;11.10.2025;20.11.2025;20.11.2025;abgeschlossen;1;0,00 €;5
252814;354;K-501;Business English B1;11.10.2025;26.11.2025;27.11.2025;abgeschlossen;20;583,98 €;4
250051;7;K-302;CNC-Programmierung;12.10.2025;20.10.2025;22.10.2025;ABGESCHLOSSEN ;24;1.348,91 €;3
250935;118;K-303;Schweißtechnik Auffrischung;12.10.2025;13.11.2025;14.11.2025;abgeschlossen;16;763,38 €;4
251872;230;K-103;KI im Arbeitsalltag;12.10.2025;10.11.2025;10.11.2025;abgeschlossen;4;0,00 €;4
252108;262;K-305;Projektmanagement Basis;12.10.2025;11.11.2025;12.11.2025;storniert;0;0,00 €;
252309;288;K-103;KI im Arbeitsalltag;12.10.2025;26.11.2025;26.11.2025;abgeschlossen;4;0,00 €;3
250621;80;K-304;Qualitätsmanagement ISO 9001;13.10.2025;11.11.2025;12.11.2025;abgeschlossen;12;794,00 €;3
251275;157;K-402;Erste Hilfe;13.10.2025;12.12.2025;12.12.2025;abgeschlossen;9;63,43 €;5
251348;167;K-002;Arbeitsschutz-Unterweisung;13.10.2025;20.10.2025;20.10.2025;abgeschlossen;2;0,00 €;
251937;240;K-002;Arbeitsschutz-Unterweisung;13.10.2025;21.11.2025;21.11.2025;teilgenommen;2;0,00 €;5
253044;381;K-001;Datenschutz-Grundlagen;13.10.2025;20.11.2025;20.11.2025;abgeschlossen;1;0,00 €;5
253074;385;K-001;Datenschutz-Grundlagen;13.10.2025;28.11.2025;28.11.2025;abgeschlossen;1;0,00 €;4
253144;393;K-203;Feedback & Mitarbeitergespräch;13.10.2025;03.12.2025;03.12.2025;abgeschlossen;4;0,00 €;
253328;416;K-102;Power BI Grundlagen;13.10.2025;14.11.2025;15.11.2025;abgeschlossen;16;901,53 €;2
251286;160;K-001;Datenschutz-Grundlagen;14.10.2025;20.11.2025;20.11.2025;abgeschlossen;1;0,00 €;5
250103;13;K-203;Feedback & Mitarbeitergespräch;15.10.2025;07.11.2025;07.11.2025;abgeschlossen;4;0,00 €;4
250139;18;K-003;Verhaltenskodex & Compliance;15.10.2025;23.10.2025;23.10.2025;storniert;0;0,00 €;
251934;240;K-001;Datenschutz-Grundlagen;15.10.2025;19.11.2025;19.11.2025;abgeschlossen;1;0,00 €;3
252031;251;K-001;Datenschutz-Grundlagen;15.10.2025;17.11.2025;17.11.2025;abgeschlossen;1;0,00 €;4
253057;383;K-001;Datenschutz-Grundlagen;15.10.2025;21.11.2025;21.11.2025;abgeschlossen;1;0,00 €;5
253066;383;K-103;KI im Arbeitsalltag;15.10.2025;12.11.2025;12.11.2025;abgeschlossen;4;0,00 €;3
250353;45;K-003;Verhaltenskodex & Compliance;16.10.2025;29.10.2025;29.10.2025;abgeschlossen;1;0,00 €;4
251332;165;K-401;Staplerschein;16.10.2025;13.11.2025;14.11.2025;abgeschlossen;14;429,29 €;5
251444;179;K-003;Verhaltenskodex & Compliance;16.10.2025;28.10.2025;28.10.2025;ABGESCHLOSSEN ;1;0,00 €;4
251892;233;K-002;Arbeitsschutz-Unterweisung;16.10.2025;19.11.2025;19.11.2025;abgeschlossen;2;0,00 €;4
252469;308;K-003;Verhaltenskodex & Compliance;16.10.2025;24.11.2025;24.11.2025;abgeschlossen;1;0,00 €;3
252958;370;K-103;KI im Arbeitsalltag;16.10.2025;18.11.2025;18.11.2025;teilgenommen;4;0,00 €;4
253133;392;K-305;Projektmanagement Basis;16.10.2025;20.11.2025;21.11.2025;abgeschlossen;16;908,69 €;5
253156;395;K-001;Datenschutz-Grundlagen;16.10.2025;17.11.2025;17.11.2025;abgeschlossen;1;0,00 €;3
251025;129;K-302;CNC-Programmierung;17.10.2025;28.11.2025;30.11.2025;abgeschlossen;24;1.363,86 €;5
251642;202;K-003;Verhaltenskodex & Compliance;17.10.2025;24.10.2025;24.10.2025;abgeschlossen;1;0,00 €;
252120;264;K-501;Business English B1;17.10.2025;20.11.2025;21.11.2025;abgeschlossen;20;575,23 €;
252153;268;K-003;Verhaltenskodex & Compliance;17.10.2025;10.11.2025;10.11.2025;abgeschlossen;1;0,00 €;3
252194;273;K-002;Arbeitsschutz-Unterweisung;17.10.2025;31.10.2025;31.10.2025;abgeschlossen;2;0,00 €;5
252413;301;K-104;IT-Sicherheit für alle;17.10.2025;24.10.2025;24.10.2025;abgeschlossen;2;0,00 €;
253288;410;K-003;Verhaltenskodex & Compliance;17.10.2025;27.10.2025;27.10.2025;abgeschlossen;1;0,00 €;3
250028;4;K-001;Datenschutz-Grundlagen;18.10.2025;10.11.2025;10.11.2025;abgeschlossen;1;0,00 €;2
252142;267;K-001;Datenschutz-Grundlagen;18.10.2025;19.11.2025;19.11.2025;ABGESCHLOSSEN ;1;0,00 €;4
252217;276;K-003;Verhaltenskodex & Compliance;18.10.2025;26.11.2025;26.11.2025;abgeschlossen;1;0,00 €;5
252438;304;K-003;Verhaltenskodex & Compliance;18.10.2025;25.11.2025;25.11.2025;abgeschlossen;1;0,00 €;
253193;398;K-103;KI im Arbeitsalltag;18.10.2025;04.12.2025;04.12.2025;storniert;0;0,00 €;
252074;257;K-101;Excel Aufbau;19.10.2025;11.12.2025;11.12.2025;abgeschlossen;8;301,92 €;3
252740;344;K-003;Verhaltenskodex & Compliance;19.10.2025;11.11.2025;11.11.2025;teilgenommen;1;0,00 €;2
253276;409;K-001;Datenschutz-Grundlagen;19.10.2025;19.11.2025;19.11.2025;abgeschlossen;1;0,00 €;
250200;26;K-001;Datenschutz-Grundlagen;20.10.2025;12.11.2025;12.11.2025;No-Show;0;0,00 €;
250647;83;K-301;Lean Production;20.10.2025;25.11.2025;26.11.2025;abgeschlossen;12;1.000,36 €;5
250663;85;K-001;Datenschutz-Grundlagen;20.10.2025;29.10.2025;29.10.2025;abgeschlossen;1;0,00 €;4
251157;144;K-302;CNC-Programmierung;20.10.2025;12.12.2025;14.12.2025;abgeschlossen;24;1.341,68 €;
252250;281;K-002;Arbeitsschutz-Unterweisung;20.10.2025;31.10.2025;31.10.2025;abgeschlossen;2;0,00 €;5
252640;330;K-003;Verhaltenskodex & Compliance;20.10.2025;29.10.2025;29.10.2025;abgeschlossen;1;0,00 €;
250088;12;K-001;Datenschutz-Grundlagen;21.10.2025;17.11.2025;17.11.2025;ABGESCHLOSSEN ;1;0,00 €;
251977;245;K-304;Qualitätsmanagement ISO 9001;21.10.2025;10.12.2025;11.12.2025;Abgeschlossen;12;799,03 €;3
252116;264;K-002;Arbeitsschutz-Unterweisung;21.10.2025;05.11.2025;05.11.2025;abgeschlossen;2;0,00 €;3
252719;342;K-001;Datenschutz-Grundlagen;21.10.2025;28.10.2025;28.10.2025;ABGESCHLOSSEN ;1;0,00 €;4
250206;26;K-502;Deutsch am Arbeitsplatz;22.10.2025;18.11.2025;19.11.2025;abgeschlossen;20;368,13 €;
250599;77;K-003;Verhaltenskodex & Compliance;22.10.2025;07.11.2025;07.11.2025;abgeschlossen;1;0,00 €;4
251661;204;K-003;Verhaltenskodex & Compliance;22.10.2025;12.12.2025;12.12.2025;storniert;0;0,00 €;
252078;258;K-002;Arbeitsschutz-Unterweisung;22.10.2025;27.11.2025;27.11.2025;abgeschlossen;2;0,00 €;5
251776;219;K-001;Datenschutz-Grundlagen;23.10.2025;10.11.2025;10.11.2025;ABGESCHLOSSEN ;1;0,00 €;5
252081;258;K-102;Power BI Grundlagen;23.10.2025;20.11.2025;21.11.2025;abgeschlossen;16;899,36 €;4
252810;354;K-002;Arbeitsschutz-Unterweisung;23.10.2025;05.11.2025;05.11.2025;abgeschlossen;2;0,00 €;5
250874;110;K-003;Verhaltenskodex & Compliance;24.10.2025;17.11.2025;17.11.2025;abgeschlossen;1;0,00 €;3
250874;110;K-003;Verhaltenskodex & Compliance;24.10.2025;17.11.2025;17.11.2025;abgeschlossen;1;0,00 €;3
252028;250;K-304;Qualitätsmanagement ISO 9001;24.10.2025;24.11.2025;25.11.2025;abgeschlossen;12;779,04 €;4
250292;37;K-502;Deutsch am Arbeitsplatz;25.10.2025;11.11.2025;12.11.2025;abgeschlossen;20;374,82 €;
250602;78;K-001;Datenschutz-Grundlagen;25.10.2025;10.12.2025;10.12.2025;No-Show;0;0,00 €;
250790;100;K-401;Staplerschein;25.10.2025;03.11.2025;04.11.2025;storniert ;0;0,00 €;
251111;138;K-106;SAP S/4 Anwendertraining;25.10.2025;17.12.2025;17.12.2025;abgeschlossen;8;0,00 €;
251456;181;K-001;Datenschutz-Grundlagen;25.10.2025;27.11.2025;27.11.2025;storniert;0;0,00 €;
252021;249;K-304;Qualitätsmanagement ISO 9001;25.10.2025;04.12.2025;05.12.2025;No-Show;0;812,80 €;
252930;368;K-001;Datenschutz-Grundlagen;25.10.2025;13.11.2025;13.11.2025;abgeschlossen;1;0,00 €;3
250919;115;K-103;KI im Arbeitsalltag;26.10.2025;09.12.2025;09.12.2025;abgeschlossen;4;0,00 €;3
250982;124;K-003;Verhaltenskodex & Compliance;26.10.2025;12.11.2025;12.11.2025;abgeschlossen;1;0,00 €;
252087;259;K-003;Verhaltenskodex & Compliance;26.10.2025;14.11.2025;14.11.2025;abgeschlossen;1;0,00 €;4
250231;29;K-303;Schweißtechnik Auffrischung;27.10.2025;07.11.2025;08.11.2025;abgeschlossen;16;756,59 €;5
250917;115;K-003;Verhaltenskodex & Compliance;27.10.2025;28.11.2025;28.11.2025;abgeschlossen;1;0,00 €;4
252310;289;K-001;Datenschutz-Grundlagen;27.10.2025;06.11.2025;06.11.2025;Abgeschlossen;1;0,00 €;3
250393;50;K-001;Datenschutz-Grundlagen;28.10.2025;11.11.2025;11.11.2025;abgeschlossen;1;0,00 €;3
251751;214;K-305;Projektmanagement Basis;28.10.2025;16.12.2025;17.12.2025;angemeldet;0;0,00 €;
253244;405;K-102;Power BI Grundlagen;28.10.2025;18.11.2025;19.11.2025;abgeschlossen;14;881,02 €;
253256;406;K-106;SAP S/4 Anwendertraining;28.10.2025;24.11.2025;24.11.2025;abgeschlossen;8;0,00 €;4
251766;216;K-103;KI im Arbeitsalltag;29.10.2025;09.12.2025;09.12.2025;abgeschlossen;4;0,00 €;4
252547;319;K-001;Datenschutz-Grundlagen;29.10.2025;18.11.2025;18.11.2025;abgeschlossen;1;0,00 €;
253054;382;K-103;KI im Arbeitsalltag;29.10.2025;11.11.2025;11.11.2025;abgeschlossen;4;0,00 €;3
253168;396;K-001;Datenschutz-Grundlagen;29.10.2025;17.11.2025;17.11.2025;abgeschlossen;1;0,00 €;4
250530;67;K-003;Verhaltenskodex & Compliance;30.10.2025;24.11.2025;24.11.2025;abgeschlossen;1;0,00 €;4
250941;119;K-003;Verhaltenskodex & Compliance;30.10.2025;14.11.2025;14.11.2025;abgeschlossen;1;0,00 €;3
251244;153;K-402;Erste Hilfe;30.10.2025;14.11.2025;14.11.2025;abgeschlossen;9;66,04 €;
251323;164;K-104;IT-Sicherheit für alle;30.10.2025;26.11.2025;26.11.2025;teilgenommen;2;0,00 €;3
252129;265;K-104;IT-Sicherheit für alle;30.10.2025;28.11.2025;28.11.2025;abgeschlossen;2;0,00 €;4
253190;398;K-101;Excel Aufbau;30.10.2025;12.12.2025;12.12.2025;teilgenommen;8;293,14 €;4
250297;38;K-003;Verhaltenskodex & Compliance;31.10.2025;24.11.2025;24.11.2025;abgeschlossen;1;0,00 €;4
250759;97;K-001;Datenschutz-Grundlagen;31.10.2025;16.12.2025;16.12.2025;No-Show;0;0,00 €;
252230;278;K-002;Arbeitsschutz-Unterweisung;31.10.2025;20.11.2025;20.11.2025;abgeschlossen;2;0,00 €;3
250316;40;K-303;Schweißtechnik Auffrischung;01.11.2025;25.11.2025;26.11.2025;Nicht erschienen;0;707,73 €;
250995;126;K-002;Arbeitsschutz-Unterweisung;01.11.2025;27.11.2025;27.11.2025;ABGESCHLOSSEN ;2;0,00 €;
251009;127;K-303;Schweißtechnik Auffrischung;01.11.2025;09.12.2025;10.12.2025;abgeschlossen;16;738,05 €;5
251255;154;K-401;Staplerschein;01.11.2025;01.12.2025;02.12.2025;no show;0;418,61 €;
252745;345;K-003;Verhaltenskodex & Compliance;01.11.2025;17.11.2025;17.11.2025;abgeschlossen;1;0,00 €;
251423;177;K-002;Arbeitsschutz-Unterweisung;02.11.2025;24.11.2025;24.11.2025;abgeschlossen;2;0,00 €;4
251591;197;K-003;Verhaltenskodex & Compliance;02.11.2025;11.11.2025;11.11.2025;abgeschlossen;1;0,00 €;4
253081;385;K-101;Excel Aufbau;02.11.2025;10.12.2025;10.12.2025;abgeschlossen;8;300,71 €;5
250054;8;K-001;Datenschutz-Grundlagen;03.11.2025;18.11.2025;18.11.2025;Abgeschlossen;1;0,00 €;3
250820;104;K-303;Schweißtechnik Auffrischung;03.11.2025;09.12.2025;10.12.2025;abgeschlossen;16;728,13 €;4
251430;177;K-402;Erste Hilfe;03.11.2025;24.11.2025;24.11.2025;abgeschlossen;7;63,62 €;4
251756;215;K-003;Verhaltenskodex & Compliance;03.11.2025;17.11.2025;17.11.2025;abgeschlossen;1;0,00 €;4
251806;222;K-003;Verhaltenskodex & Compliance;04.11.2025;27.11.2025;27.11.2025;abgeschlossen;1;0,00 €;4
250105;13;K-303;Schweißtechnik Auffrischung;05.11.2025;18.12.2025;19.12.2025;abgeschlossen;16;713,12 €;
250544;69;K-003;Verhaltenskodex & Compliance;05.11.2025;19.11.2025;19.11.2025;abgeschlossen;1;0,00 €;4
250637;82;K-002;Arbeitsschutz-Unterweisung;05.11.2025;14.11.2025;14.11.2025;abgeschlossen;2;0,00 €;5
253295;411;K-102;Power BI Grundlagen;06.11.2025;21.11.2025;22.11.2025;abgeschlossen;16;909,23 €;4
251748;214;K-003;Verhaltenskodex & Compliance;07.11.2025;20.11.2025;20.11.2025;abgeschlossen;1;0,00 €;3
252406;301;K-002;Arbeitsschutz-Unterweisung;07.11.2025;25.11.2025;25.11.2025;ABGESCHLOSSEN ;2;0,00 €;3
252406;301;K-002;Arbeitsschutz-Unterweisung;07.11.2025;25.11.2025;25.11.2025;ABGESCHLOSSEN ;2;0,00 €;3
250241;31;K-001;Datenschutz-Grundlagen;08.11.2025;21.11.2025;21.11.2025;abgeschlossen;1;0,00 €;4
251672;206;K-001;Datenschutz-Grundlagen;08.11.2025;21.11.2025;21.11.2025;abgeschlossen;1;0,00 €;4
251875;231;K-001;Datenschutz-Grundlagen;08.11.2025;26.11.2025;26.11.2025;abgeschlossen;1;0,00 €;3
250370;47;K-003;Verhaltenskodex & Compliance;09.11.2025;19.11.2025;19.11.2025;abgeschlossen;1;0,00 €;2
250680;86;K-401;Staplerschein;09.11.2025;22.12.2025;23.12.2025;abgeschlossen;16;402,87 €;5
251280;158;K-401;Staplerschein;09.11.2025;27.11.2025;28.11.2025;Abgeschlossen;16;440,71 €;3
250849;108;K-001;Datenschutz-Grundlagen;10.11.2025;17.11.2025;17.11.2025;abgeschlossen;1;0,00 €;4
250440;54;K-106;SAP S/4 Anwendertraining;12.11.2025;11.12.2025;11.12.2025;Abgeschlossen;8;0,00 €;4
251205;149;K-104;IT-Sicherheit für alle;12.11.2025;20.11.2025;20.11.2025;abgeschlossen;2;0,00 €;
251619;199;K-203;Feedback & Mitarbeitergespräch;12.11.2025;28.11.2025;28.11.2025;abgeschlossen;4;0,00 €;5
251685;207;K-003;Verhaltenskodex & Compliance;12.11.2025;20.11.2025;20.11.2025;abgeschlossen;1;0,00 €;3
251737;213;K-104;IT-Sicherheit für alle;12.11.2025;16.12.2025;16.12.2025;abgeschlossen;2;0,00 €;5
252009;248;K-104;IT-Sicherheit für alle;12.11.2025;28.11.2025;28.11.2025;abgeschlossen;2;0,00 €;4
252894;364;K-002;Arbeitsschutz-Unterweisung;13.11.2025;26.11.2025;26.11.2025;abgeschlossen;2;0,00 €;4
250035;5;K-002;Arbeitsschutz-Unterweisung;16.11.2025;28.11.2025;28.11.2025;abgeschlossen;2;0,00 €;3
250379;49;K-001;Datenschutz-Grundlagen;16.11.2025;28.11.2025;28.11.2025;No-Show;0;0,00 €;
251232;152;K-401;Staplerschein;17.11.2025;18.12.2025;19.12.2025;No-Show;0;431,63 €;
251516;187;K-203;Feedback & Mitarbeitergespräch;17.11.2025;10.12.2025;10.12.2025;ABGESCHLOSSEN ;4;0,00 €;5
252188;272;K-106;SAP S/4 Anwendertraining;17.11.2025;15.12.2025;15.12.2025;Nicht erschienen;0;0,00 €;
251000;126;K-304;Qualitätsmanagement ISO 9001;19.11.2025;08.12.2025;09.12.2025;abgeschlossen;12;829,72 €;5
251698;208;K-501;Business English B1;19.11.2025;02.12.2025;03.12.2025;abgeschlossen;20;538,89 €;5
253141;393;K-202;Konfliktgespräche führen;19.11.2025;03.12.2025;03.12.2025;abgeschlossen;8;656,42 €;
251782;219;K-304;Qualitätsmanagement ISO 9001;20.11.2025;05.12.2025;06.12.2025;No-Show;0;811,07 €;
252733;343;K-101;Excel Aufbau;20.11.2025;28.11.2025;28.11.2025;abgeschlossen;8;295,48 €;
250677;86;K-003;Verhaltenskodex & Compliance;21.11.2025;28.11.2025;28.11.2025;ABGESCHLOSSEN ;1;0,00 €;4
251113;138;K-401;Staplerschein;29.11.2025;08.12.2025;09.12.2025;abgeschlossen;16;405,93 €;
252170;270;K-106;SAP S/4 Anwendertraining;29.11.2025;10.12.2025;10.12.2025;ABGESCHLOSSEN ;6;0,00 €;3
252228;277;K-202;Konfliktgespräche führen;02.12.2025;19.12.2025;19.12.2025;angemeldet;0;0,00 €;
250238;30;K-301;Lean Production;03.12.2025;23.12.2025;24.12.2025;angemeldet;0;0,00 €;
Summe;1736 Datensätze;;;;;;;;;
