Belegnummer,Belegdatum,FilialeID,ProduktID,KundeID,Menge,Rabatt
B100001,2025-01-01,F1,P01,K0010,1,0.05
B100002,2025-01-01,F2,P10,K0047,2,0.05
B100003,2025-01-01,F3,P18,K0079,1,0.03
B100004,2025-01-01,F4,P15,K0158,1,0.05
B100005,2025-01-01,F4,P16,K0033,1,0.05
B100006,2025-01-01,F4,P11,K0014,1,0.0
B100007,2025-01-02,F3,P01,K0121,1,0.0
B100008,2025-01-02,F3,P08,K0093,2,0.05
B100009,2025-01-02,F3,P12,K0131,2,0.0
B100010,2025-01-02,F4,P17,K0157,1,0.03
B100011,2025-01-03,F1,P03,K0037,1,0.0
B100012,2025-01-03,F4,P09,K0137,3,0.0
B100013,2025-01-03,F4,P15,K0160,2,0.03
B100014,2025-01-04,F1,P01,K0040,1,0.08
B100015,2025-01-04,F2,P02,K0067,1,0.05
B100016,2025-01-04,F2,P01,K0137,1,0.0
B100017,2025-01-04,F3,P17,K0013,1,0.05
B100018,2025-01-04,F4,P12,K0160,2,0.0
B100019,2025-01-04,F4,P12,K0139,3,0.08
B100020,2025-01-04,F4,P11,K0023,3,0.1
B100021,2025-01-06,F1,P12,K0028,3,0.0
B100022,2025-01-06,F1,P04,K0032,1,0.05
B100023,2025-01-06,F1,P18,K0033,1,0.03
B100024,2025-01-06,F2,P01,K0055,1,0.1
B100025,2025-01-06,F3,P10,K0129,3,0.0
B100026,2025-01-06,F3,P05,K0098,1,0.03
B100027,2025-01-07,F1,P09,K0033,1,0.0
B100028,2025-01-07,F1,P18,K0027,1,0.05
B100029,2025-01-07,F3,P13,K0121,2,0.05
B100030,2025-01-07,F3,P18,K0129,1,0.0
B100031,2025-01-08,F2,P09,K0061,1,0.0
B100032,2025-01-08,F2,P14,K0049,1,0.03
B100033,2025-01-08,F4,P03,K0141,1,0.03
B100034,2025-01-09,F1,P10,K0016,3,0.05
B100035,2025-01-09,F1,P02,K0008,1,0.0
B100036,2025-01-09,F1,P11,K0014,2,0.03
B100037,2025-01-09,F2,P14,K0063,2,0.05
B100038,2025-01-09,F2,P12,K0054,2,0.1
B100039,2025-01-09,F2,P11,K0071,3,0.08
B100040,2025-01-09,F3,P08,K0106,1,0.0
B100041,2025-01-09,F3,P17,K0084,1,0.05
B100042,2025-01-10,F1,P06,K0028,1,0.0
B100043,2025-01-10,F1,P11,K0036,2,0.03
B100044,2025-01-10,F3,P17,K0124,1,0.1
B100045,2025-01-10,F3,P09,K0096,1,0.05
B100046,2025-01-10,F3,P16,K0132,1,0.1
B100047,2025-01-10,F3,P17,K0110,1,0.1
B100048,2025-01-11,F1,P16,K0019,1,0.05
B100049,2025-01-11,F1,P10,K0045,1,0.05
B100050,2025-01-11,F2,P08,K0063,1,0.0
B100051,2025-01-11,F3,P18,K0102,1,0.03
B100052,2025-01-11,F3,P18,K0102,1,0.0
B100053,2025-01-11,F3,P18,K0101,1,0.0
B100054,2025-01-13,F2,P17,K0067,1,0.0
B100055,2025-01-14,F1,P18,K0026,1,0.1
B100056,2025-01-14,F3,P09,K0100,2,0.05
B100057,2025-01-15,F1,P09,K0039,3,0.05
B100058,2025-01-15,F1,P08,K0044,3,0.0
B100059,2025-01-15,F2,P14,K0046,1,0.05
B100060,2025-01-15,F2,P17,K0078,1,0.0
B100061,2025-01-16,F2,P03,K0058,1,0.0
B100062,2025-01-16,F3,P07,K0115,1,0.0
B100063,2025-01-16,F3,P03,K0085,1,0.0
B100064,2025-01-16,F4,P13,K0145,1,0.05
B100065,2025-01-17,F1,P01,K0037,1,0.05
B100066,2025-01-17,F4,P02,K0138,1,0.03
B100067,2025-01-18,F1,P09,K0140,3,0.05
B100068,2025-01-18,F1,P11,K0024,3,0.05
B100069,2025-01-18,F2,P15,K0056,1,0.03
B100070,2025-01-18,F3,P11,K0118,2,0.03
B100071,2025-01-18,F3,P02,K0110,1,0.0
B100072,2025-01-18,F4,P12,K0156,3,0.0
B100073,2025-01-20,F2,P16,K0077,1,0.1
B100074,2025-01-20,F3,P08,K0130,3,0.05
B100075,2025-01-20,F3,P08,K0093,1,0.1
B100076,2025-01-20,F3,P11,K0060,3,0.1
B100077,2025-01-20,F4,P18,K0159,1,0.08
B100078,2025-01-21,F1,P16,K0043,1,0.0
B100079,2025-01-21,F1,P07,K0042,1,0.05
B100080,2025-01-21,F3,P14,K0105,2,0.0
B100081,2025-01-21,F3,P17,K0091,1,0.05
B100082,2025-01-21,F3,P10,K0119,3,0.0
B100083,2025-01-21,F3,P10,K0093,2,0.03
B100084,2025-01-22,F1,P14,K0004,1,0.05
B100085,2025-01-23,F1,P09,K0033,2,0.05
B100086,2025-01-23,F3,P09,K0108,2,0.0
B100087,2025-01-23,F4,P01,K0135,1,0.0
B100088,2025-01-23,F4,P03,K0154,1,0.1
B100089,2025-01-24,F1,P11,K0018,3,0.0
B100090,2025-01-24,F1,P13,K0011,2,0.0
B100091,2025-01-24,F1,P18,K0027,1,0.05
B100092,2025-01-24,F2,P17,K0081,1,0.0
B100093,2025-01-24,F3,P04,K0119,1,0.05
B100094,2025-01-24,F3,P17,K0108,1,0.0
B100095,2025-01-24,F4,P11,K0155,1,0.05
B100096,2025-01-25,F1,P05,K0039,1,0.05
B100097,2025-01-27,F1,P01,K0041,1,0.03
B100098,2025-01-27,F1,P17,K0042,1,0.1
B100099,2025-01-27,F1,P14,K0009,2,0.1
B100100,2025-01-27,F2,P12,K0040,2,0.1
B100101,2025-01-27,F3,P15,K0090,2,0.1
B100102,2025-01-27,F3,P16,K0132,1,0.0
B100103,2025-01-27,F4,P16,K0154,1,0.1
B100104,2025-01-27,F4,P02,K0138,1,0.1
B100105,2025-01-28,F1,P06,K0044,1,0.05
B100106,2025-01-28,F1,P11,K0035,1,0.03
B100107,2025-01-28,F2,P12,K0076,3,0.0
B100108,2025-01-28,F3,P06,K0127,1,0.0
B100109,2025-01-29,F1,P18,K0025,1,0.0
B100110,2025-01-29,F2,P16,K0064,1,0.0
B100111,2025-01-29,F3,P01,K0130,1,0.1
B100112,2025-01-30,F1,P10,K0007,3,0.05
B100113,2025-01-30,F2,P08,K0126,3,0.05
B100114,2025-01-30,F4,P11,K0149,3,0.1
B100115,2025-01-31,F2,P18,K0056,1,0.0
B100116,2025-01-31,F3,P02,K0127,1,0.1
B100117,2025-01-31,F3,P18,K0109,1,0.0
B100118,2025-01-31,F3,P13,K0090,2,0.08
B100119,2025-02-01,F1,P14,K0023,2,0.1
B100120,2025-02-01,F1,P17,K0045,1,0.05
B100121,2025-02-01,F1,P01,K0023,1,0.0
B100122,2025-02-01,F2,P18,K0061,1,0.0
B100123,2025-02-01,F2,P03,K0054,1,0.1
B100124,2025-02-01,F2,P02,K0073,1,0.0
B100125,2025-02-01,F4,P15,K0139,2,0.1
B100126,2025-02-03,F1,P05,K0017,1,0.05
B100127,2025-02-03,F2,P14,K0080,1,0.0
B100128,2025-02-03,F2,P09,K0082,3,0.05
B100129,2025-02-03,F2,P13,K0061,1,0.1
B100130,2025-02-03,F3,P05,K0105,1,0.03
B100131,2025-02-03,F3,P17,K0095,1,0.0
B100132,2025-02-04,F1,P16,K0001,1,0.1
B100133,2025-02-04,F3,P12,K0101,1,0.03
B100134,2025-02-05,F1,P13,K0043,1,0.0
B100135,2025-02-05,F1,P05,K0018,1,0.03
B100136,2025-02-05,F2,P18,K0066,1,0.1
B100137,2025-02-06,F1,P05,K0038,1,0.1
B100138,2025-02-06,F1,P09,K0030,1,0.03
B100139,2025-02-06,F1,P11,K0033,1,0.03
B100140,2025-02-06,F2,P18,K0049,1,0.05
B100141,2025-02-06,F3,P17,K0089,1,0.05
B100142,2025-02-06,F4,P11,K0143,3,0.0
B100143,2025-02-07,F1,P01,K0010,1,0.03
B100144,2025-02-07,F1,P11,K0021,3,0.1
B100145,2025-02-07,F1,P16,K0135,1,0.0
B100146,2025-02-07,F1,P05,K0004,1,0.05
B100147,2025-02-07,F3,P09,K0101,1,0.0
B100148,2025-02-07,F3,P09,K0115,1,0.0
B100149,2025-02-08,F1,P09,K0034,1,0.08
B100150,2025-02-08,F2,P08,K0057,3,0.03
B100151,2025-02-08,F3,P16,K0118,1,0.0
B100152,2025-02-08,F3,P02,K0086,1,0.05
B100153,2025-02-10,F1,P10,K0031,3,0.03
B100154,2025-02-10,F3,P18,K0103,1,0.0
B100155,2025-02-10,F4,P09,K0082,1,0.0
B100156,2025-02-11,F2,P12,K0048,3,0.0
B100157,2025-02-11,F2,P11,K0053,1,0.0
B100158,2025-02-11,F3,P18,K0108,1,0.1
B100159,2025-02-11,F3,P06,K0099,1,0.03
B100160,2025-02-11,F3,P09,K0087,1,0.1
B100161,2025-02-11,F4,P04,K0007,1,0.05
B100162,2025-02-12,F1,P15,K0018,2,0.0
B100163,2025-02-12,F1,P09,K0042,3,0.05
B100164,2025-02-12,F2,P06,K0076,1,0.05
B100165,2025-02-12,F3,P11,K0091,1,0.0
B100166,2025-02-13,F1,P09,K0013,1,0.03
B100167,2025-02-13,F2,P16,K0076,1,0.1
B100168,2025-02-13,F3,P17,K0121,1,0.05
B100169,2025-02-13,F3,P11,K0112,3,0.1
B100170,2025-02-13,F3,P16,K0148,1,0.03
B100171,2025-02-13,F4,P18,K0149,1,0.05
B100172,2025-02-13,F4,P09,K0144,1,0.0
B100173,2025-02-13,F4,P08,K0147,1,0.0
B100174,2025-02-14,F1,P16,K0004,1,0.03
B100175,2025-02-14,F1,P18,K0035,1,0.0
B100176,2025-02-14,F2,P13,K0077,2,0.1
B100177,2025-02-14,F2,P02,K0069,1,0.05
B100178,2025-02-14,F3,P18,K0103,1,0.0
B100179,2025-02-14,F3,P08,K0100,2,0.1
B100180,2025-02-14,F4,P01,K0138,1,0.03
B100181,2025-02-14,F4,P04,K0139,1,0.05
B100182,2025-02-15,F1,P18,K0002,1,0.05
B100183,2025-02-15,F2,P11,K0047,3,0.0
B100184,2025-02-15,F3,P16,K0119,1,0.03
B100185,2025-02-15,F3,P10,K0118,3,0.0
B100186,2025-02-15,F3,P12,K0095,3,0.0
B100187,2025-02-15,F4,P05,K0030,1,0.05
B100188,2025-02-15,F4,P18,K0146,1,0.05
B100189,2025-02-17,F1,P07,K0018,1,0.1
B100190,2025-02-17,F1,P11,K0034,3,0.05
B100191,2025-02-17,F3,P11,K0093,3,0.05
B100192,2025-02-18,F1,P06,K0040,1,0.05
B100193,2025-02-18,F2,P18,K0077,1,0.0
B100194,2025-02-18,F2,P03,K0069,1,0.1
B100195,2025-02-18,F3,P18,K0119,1,0.03
B100196,2025-02-18,F3,P02,K0120,1,0.03
B100197,2025-02-18,F3,P16,K0117,1,0.0
B100198,2025-02-18,F3,P09,K0094,1,0.05
B100199,2025-02-19,F1,P11,K0001,3,0.05
B100200,2025-02-19,F4,P18,K0154,1,0.05
B100201,2025-02-20,F1,P06,K0040,1,0.08
B100202,2025-02-20,F2,P12,K0074,2,0.1
B100203,2025-02-20,F3,P01,K0110,1,0.05
B100204,2025-02-20,F3,P12,K0115,3,0.0
B100205,2025-02-20,F3,P08,K0104,1,0.08
B100206,2025-02-20,F3,P01,K0123,1,0.1
B100207,2025-02-21,F2,P16,K0036,1,0.0
B100208,2025-02-21,F3,P12,K0125,3,0.0
B100209,2025-02-21,F3,P12,K0098,3,0.0
B100210,2025-02-21,F3,P15,K0114,1,0.0
B100211,2025-02-21,F4,P12,K0144,1,0.0
B100212,2025-02-22,F1,P13,K0045,1,0.0
B100213,2025-02-22,F2,P18,K0082,1,0.05
B100214,2025-02-22,F2,P08,K0064,1,0.05
B100215,2025-02-22,F3,P18,K0094,1,0.03
B100216,2025-02-22,F3,P06,K0106,1,0.0
B100217,2025-02-24,F2,P01,K0069,1,0.05
B100218,2025-02-25,F1,P12,K0002,3,0.05
B100219,2025-02-25,F1,P10,K0003,3,0.0
B100220,2025-02-25,F1,P16,K0039,1,0.05
B100221,2025-02-25,F2,P08,K0060,2,0.0
B100222,2025-02-25,F2,P04,K0046,1,0.08
B100223,2025-02-25,F3,P01,K0109,1,0.05
B100224,2025-02-26,F1,P16,K0023,1,0.03
B100225,2025-02-26,F1,P12,K0001,2,0.03
B100226,2025-02-26,F1,P16,K0008,1,0.05
B100227,2025-02-26,F4,P08,K0144,3,0.1
B100228,2025-02-26,F4,P15,K0154,2,0.1
B100229,2025-02-27,F1,P10,K0010,2,0.0
B100230,2025-02-27,F1,P15,K0014,1,0.0
B100231,2025-02-27,F1,P16,K0018,1,0.05
B100232,2025-02-27,F3,P11,K0132,3,0.0
B100233,2025-02-27,F3,P08,K0097,3,0.1
B100234,2025-02-27,F3,P15,K0103,2,0.1
B100235,2025-02-28,F1,P12,K0022,2,0.05
B100236,2025-02-28,F1,P18,K0031,1,0.03
B100237,2025-02-28,F2,P11,K0055,3,0.05
B100238,2025-02-28,F2,P09,K0072,3,0.1
B100239,2025-02-28,F3,P15,K0098,1,0.1
B100240,2025-03-01,F1,P11,K0005,3,0.03
B100241,2025-03-01,F1,P02,K0030,1,0.03
B100242,2025-03-01,F1,P08,K0013,1,0.0
B100243,2025-03-01,F1,P18,K0027,1,0.0
B100244,2025-03-01,F2,P16,K0066,1,0.05
B100245,2025-03-01,F2,P10,K0076,3,0.1
B100246,2025-03-01,F3,P02,K0097,1,0.1
B100247,2025-03-01,F3,P01,K0125,1,0.03
B100248,2025-03-01,F3,P11,K0090,3,0.08
B100249,2025-03-01,F3,P02,K0092,1,0.03
B100250,2025-03-01,F4,P16,K0143,1,0.0
B100251,2025-03-01,F4,P08,K0135,1,0.05
B100252,2025-03-03,F1,P06,K0014,1,0.05
B100253,2025-03-03,F1,P12,K0017,2,0.0
B100254,2025-03-03,F2,P12,K0053,3,0.03
B100255,2025-03-03,F2,P18,K0070,1,0.05
B100256,2025-03-03,F2,P08,K0071,1,0.1
B100257,2025-03-03,F3,P01,K0123,1,0.05
B100258,2025-03-03,F3,P02,K0094,1,0.0
B100259,2025-03-04,F1,P04,K0022,1,0.1
B100260,2025-03-04,F1,P09,K0013,3,0.03
B100261,2025-03-04,F2,P12,K0057,2,0.1
B100262,2025-03-04,F2,P06,K0069,1,0.03
B100263,2025-03-04,F3,P18,K0091,1,0.03
B100264,2025-03-04,F4,P09,K0145,1,0.1
B100265,2025-03-05,F1,P09,K0042,3,0.1
B100266,2025-03-05,F1,P17,K0040,1,0.08
B100267,2025-03-05,F1,P09,K0039,3,0.1
B100268,2025-03-05,F1,P18,K0001,1,0.0
B100269,2025-03-05,F2,P16,K0067,1,0.05
B100270,2025-03-05,F3,P12,K0124,3,0.05
B100271,2025-03-05,F3,P09,K0096,1,0.0
B100272,2025-03-05,F4,P11,K0151,3,0.05
B100273,2025-03-05,F4,P16,K0073,1,0.0
B100274,2025-03-05,F4,P09,K0157,1,0.03
B100275,2025-03-06,F1,P11,K0037,2,0.0
B100276,2025-03-06,F2,P08,K0076,2,0.03
B100277,2025-03-06,F2,P02,K0057,1,0.0
B100278,2025-03-06,F2,P13,K0055,2,0.05
B100279,2025-03-06,F3,P15,K0121,2,0.1
B100280,2025-03-06,F4,P10,K0140,1,0.05
B100281,2025-03-06,F4,P17,K0154,1,0.1
B100282,2025-03-07,F1,P15,K0037,2,0.0
B100283,2025-03-07,F2,P12,K0057,2,0.05
B100284,2025-03-07,F3,P13,K0111,1,0.05
B100285,2025-03-07,F3,P18,K0131,1,0.05
B100286,2025-03-07,F4,P12,K0155,3,0.0
B100287,2025-03-08,F1,P09,K0013,2,0.0
B100288,2025-03-08,F1,P03,K0020,1,0.0
B100289,2025-03-08,F1,P14,K0024,1,0.0
B100290,2025-03-08,F2,P05,K0081,1,0.1
B100291,2025-03-08,F2,P09,K0049,2,0.0
B100292,2025-03-08,F2,P12,K0077,1,0.05
B100293,2025-03-08,F3,P09,K0129,1,0.1
B100294,2025-03-08,F3,P02,K0099,1,0.0
B100295,2025-03-08,F3,P01,K0091,1,0.1
B100296,2025-03-08,F4,P17,K0158,1,0.0
B100297,2025-03-08,F4,P09,K0161,1,0.03
B100298,2025-03-10,F1,P15,K0012,1,0.05
B100299,2025-03-10,F2,P15,K0057,1,0.0
B100300,2025-03-10,F3,P18,K0131,1,0.0
B100301,2025-03-10,F3,P08,K0104,3,0.05
B100302,2025-03-11,F1,P07,K0007,1,0.1
B100303,2025-03-11,F1,P05,K0039,1,0.05
B100304,2025-03-11,F1,P15,K0015,2,0.0
B100305,2025-03-11,F1,P18,K0003,1,0.05
B100306,2025-03-11,F1,P02,K0010,1,0.0
B100307,2025-03-11,F1,P18,K0002,1,0.1
B100308,2025-03-11,F1,P14,K0043,2,0.0
B100309,2025-03-11,F2,P02,K0055,1,0.0
B100310,2025-03-11,F2,P14,K0049,2,0.05
B100311,2025-03-11,F3,P10,K0112,3,0.05
B100312,2025-03-11,F3,P01,K0126,1,0.05
B100313,2025-03-11,F3,P06,K0099,1,0.05
B100314,2025-03-11,F3,P02,K0126,1,0.0
B100315,2025-03-11,F4,P08,K0136,1,0.0
B100316,2025-03-11,F4,P02,K0143,1,0.0
B100317,2025-03-12,F1,P18,K0027,1,0.03
B100318,2025-03-12,F1,P11,K0042,1,0.1
B100319,2025-03-12,F1,P11,K0045,2,0.03
B100320,2025-03-12,F2,P11,K0080,1,0.05
B100321,2025-03-12,F2,P18,K0072,1,0.0
B100322,2025-03-12,F3,P12,K0091,3,0.1
B100323,2025-03-12,F4,P05,K0136,1,0.05
B100324,2025-03-12,F4,P12,K0154,1,0.1
B100325,2025-03-12,F4,P11,K0142,3,0.1
B100326,2025-03-12,F4,P14,K0156,2,0.1
B100327,2025-03-13,F1,P16,K0010,1,0.05
B100328,2025-03-13,F1,P06,K0019,1,0.0
B100329,2025-03-13,F1,P04,K0147,1,0.03
B100330,2025-03-13,F2,P01,K0046,1,0.08
B100331,2025-03-13,F2,P15,K0049,1,0.0
B100332,2025-03-13,F3,P11,K0099,3,0.05
B100333,2025-03-13,F3,P17,K0084,1,0.05
B100334,2025-03-13,F3,P02,K0105,1,0.0
B100335,2025-03-13,F3,P13,K0132,1,0.05
B100336,2025-03-14,F1,P11,K0002,2,0.0
B100337,2025-03-14,F2,P16,K0137,1,0.05
B100338,2025-03-14,F2,P12,K0062,3,0.0
B100339,2025-03-14,F2,P08,K0053,2,0.0
B100340,2025-03-14,F3,P02,K0124,1,0.1
B100341,2025-03-14,F3,P17,K0108,1,0.0
B100342,2025-03-14,F3,P08,K0088,3,0.03
B100343,2025-03-14,F4,P17,K0143,1,0.05
B100344,2025-03-14,F4,P13,K0141,2,0.0
B100345,2025-03-15,F1,P02,K0043,1,0.0
B100346,2025-03-15,F3,P11,K0129,2,0.05
B100347,2025-03-15,F3,P05,K0154,1,0.08
B100348,2025-03-15,F3,P09,K0125,1,0.05
B100349,2025-03-15,F3,P12,K0109,2,0.0
B100350,2025-03-15,F3,P08,K0098,2,0.0
B100351,2025-03-15,F3,P11,K0131,1,0.03
B100352,2025-03-15,F3,P10,K0117,1,0.0
B100353,2025-03-15,F4,P14,K0153,1,0.1
B100354,2025-03-15,F4,P06,K0161,1,0.05
B100355,2025-03-17,F1,P05,K0040,1,0.1
B100356,2025-03-17,F1,P02,K0026,1,0.05
B100357,2025-03-17,F3,P11,K0093,1,0.0
B100358,2025-03-17,F3,P12,K0120,2,0.05
B100359,2025-03-18,F1,P11,K0005,3,0.05
B100360,2025-03-18,F1,P06,K0117,1,0.0
B100361,2025-03-18,F2,P12,K0055,2,0.03
B100362,2025-03-18,F2,P10,K0076,2,0.0
B100363,2025-03-18,F2,P06,K0064,1,0.05
B100364,2025-03-18,F3,P10,K0119,1,0.0
B100365,2025-03-18,F3,P01,K0108,1,0.03
B100366,2025-03-18,F3,P11,K0117,1,0.0
B100367,2025-03-18,F4,P09,K0152,3,0.05
B100368,2025-03-18,F4,P18,K0158,1,0.0
B100369,2025-03-19,F1,P11,K0030,2,0.05
B100370,2025-03-19,F1,P18,K0045,1,0.1
B100371,2025-03-19,F1,P01,K0015,1,0.05
B100372,2025-03-19,F1,P10,K0005,1,0.0
B100373,2025-03-19,F3,P09,K0122,1,0.0
B100374,2025-03-19,F3,P18,K0130,1,0.0
B100375,2025-03-19,F3,P13,K0130,2,0.1
B100376,2025-03-19,F3,P17,K0086,1,0.0
B100377,2025-03-19,F4,P09,K0159,3,0.1
B100378,2025-03-19,F4,P17,K0148,1,0.05
B100379,2025-03-20,F1,P11,K0088,2,0.0
B100380,2025-03-20,F2,P09,K0055,3,0.03
B100381,2025-03-20,F2,P08,K0027,1,0.05
B100382,2025-03-20,F3,P11,K0132,3,0.0
B100383,2025-03-20,F4,P15,K0161,2,0.03
B100384,2025-03-21,F1,P11,K0027,2,0.03
B100385,2025-03-21,F1,P12,K0024,3,0.0
B100386,2025-03-21,F2,P02,K0080,1,0.05
B100387,2025-03-21,F2,P01,K0061,1,0.05
B100388,2025-03-21,F3,P02,K0111,1,0.1
B100389,2025-03-21,F3,P18,K0131,1,0.0
B100390,2025-03-21,F3,P15,K0096,2,0.0
B100391,2025-03-21,F3,P06,K0092,1,0.1
B100392,2025-03-21,F4,P16,K0151,1,0.1
B100393,2025-03-22,F1,P08,K0036,2,0.1
B100394,2025-03-22,F1,P14,K0026,1,0.05
B100395,2025-03-22,F1,P14,K0011,1,0.1
B100396,2025-03-22,F2,P02,K0012,1,0.08
B100397,2025-03-22,F2,P13,K0073,1,0.0
B100398,2025-03-22,F3,P13,K0102,2,0.05
B100399,2025-03-22,F3,P06,K0102,1,0.1
B100400,2025-03-22,F3,P08,K0099,2,0.05
B100401,2025-03-22,F4,P18,K0145,1,0.0
B100402,2025-03-22,F4,P08,K0153,2,0.1
B100403,2025-03-22,F4,P18,K0159,1,0.1
B100404,2025-03-24,F1,P08,K0045,3,0.05
B100405,2025-03-24,F1,P08,K0031,2,0.05
B100406,2025-03-24,F2,P05,K0075,1,0.1
B100407,2025-03-24,F2,P07,K0047,1,0.1
B100408,2025-03-24,F2,P15,K0081,1,0.05
B100409,2025-03-24,F3,P04,K0101,1,0.0
B100410,2025-03-24,F3,P09,K0099,3,0.03
B100411,2025-03-24,F3,P12,K0145,1,0.1
B100412,2025-03-24,F4,P02,K0155,1,0.0
B100413,2025-03-25,F1,P18,K0050,1,0.03
B100414,2025-03-25,F1,P09,K0032,1,0.05
B100415,2025-03-25,F1,P11,K0023,1,0.05
B100416,2025-03-25,F2,P11,K0058,1,0.05
B100417,2025-03-25,F2,P08,K0049,1,0.03
B100418,2025-03-25,F2,P10,K0067,1,0.0
B100419,2025-03-25,F2,P13,K0046,2,0.1
B100420,2025-03-25,F3,P12,K0126,2,0.0
B100421,2025-03-25,F3,P08,K0118,1,0.0
B100422,2025-03-25,F3,P16,K0114,1,0.05
B100423,2025-03-25,F4,P11,K0143,2,0.03
B100424,2025-03-25,F4,P18,K0141,1,0.03
B100425,2025-03-25,F4,P12,K0143,1,0.05
B100426,2025-03-25,F4,P17,K0142,1,0.1
B100427,2025-03-26,F1,P09,K0033,3,0.0
B100428,2025-03-26,F1,P15,K0022,2,0.1
B100429,2025-03-26,F2,P08,K0054,3,0.05
B100430,2025-03-26,F3,P02,K0088,1,0.05
B100431,2025-03-27,F1,P08,K0028,2,0.0
B100432,2025-03-27,F2,P17,K0095,1,0.03
B100433,2025-03-27,F2,P18,K0068,1,0.0
B100434,2025-03-27,F3,P18,K0103,1,0.0
B100435,2025-03-27,F3,P16,K0115,1,0.0
B100436,2025-03-27,F3,P09,K0119,2,0.05
B100437,2025-03-27,F3,P09,K0116,3,0.08
B100438,2025-03-27,F3,P08,K0112,3,0.05
B100439,2025-03-27,F4,P09,K0155,2,0.0
B100440,2025-03-28,F1,P11,K0008,2,0.0
B100441,2025-03-28,F1,P09,K0020,1,0.05
B100442,2025-03-28,F1,P16,K0044,1,0.0
B100443,2025-03-28,F2,P10,K0062,1,0.05
B100444,2025-03-28,F2,P18,K0055,1,0.0
B100445,2025-03-28,F2,P01,K0055,1,0.0
B100446,2025-03-28,F3,P17,K0094,1,0.05
B100447,2025-03-28,F3,P08,K0098,1,0.0
B100448,2025-03-28,F3,P12,K0112,2,0.1
B100449,2025-03-28,F4,P02,K0136,1,0.05
B100450,2025-03-29,F1,P11,K0025,2,0.03
B100451,2025-03-29,F1,P16,K0038,1,0.03
B100452,2025-03-29,F1,P11,K0015,3,0.05
B100453,2025-03-29,F2,P01,K0046,1,0.1
B100454,2025-03-29,F2,P04,K0070,1,0.1
B100455,2025-03-29,F2,P16,K0067,1,0.0
B100456,2025-03-29,F3,P05,K0088,1,0.0
B100457,2025-03-29,F3,P16,K0122,1,0.03
B100458,2025-03-29,F4,P12,K0154,2,0.05
B100459,2025-03-31,F1,P18,K0139,1,0.1
B100460,2025-03-31,F1,P06,K0039,1,0.1
B100461,2025-03-31,F3,P18,K0095,1,0.0
B100462,2025-03-31,F3,P02,K0085,1,0.05
B100463,2025-03-31,F3,P11,K0133,2,0.0
B100464,2025-03-31,F3,P18,K0124,1,0.05
B100465,2025-03-31,F4,P18,K0154,1,0.08
B100466,2025-03-31,F4,P06,K0161,1,0.05
B100467,2025-04-01,F1,P09,K0034,2,0.1
B100468,2025-04-01,F1,P02,K0013,1,0.0
B100469,2025-04-01,F1,P07,K0012,1,0.08
B100470,2025-04-01,F1,P15,K0037,1,0.05
B100471,2025-04-01,F1,P16,K0038,1,0.0
B100472,2025-04-01,F1,P01,K0011,1,0.03
B100473,2025-04-01,F1,P11,K0036,2,0.0
B100474,2025-04-01,F1,P01,K0042,1,0.08
B100475,2025-04-01,F2,P01,K0047,1,0.05
B100476,2025-04-01,F2,P11,K0066,3,0.0
B100477,2025-04-01,F2,P09,K0058,2,0.0
B100478,2025-04-01,F3,P17,K0043,1,0.0
B100479,2025-04-01,F4,P08,K0149,2,0.1
B100480,2025-04-01,F4,P04,K0098,1,0.1
B100481,2025-04-02,F1,P15,K0006,1,0.05
B100482,2025-04-02,F1,P16,K0029,1,0.05
B100483,2025-04-02,F1,P15,K0041,1,0.0
B100484,2025-04-02,F1,P01,K0027,1,0.0
B100485,2025-04-02,F2,P09,K0047,3,0.05
B100486,2025-04-02,F2,P12,K0061,2,0.0
B100487,2025-04-02,F3,P14,K0096,1,0.05
B100488,2025-04-02,F3,P01,K0104,1,0.1
B100489,2025-04-02,F3,P17,K0101,1,0.0
B100490,2025-04-02,F3,P06,K0088,1,0.05
B100491,2025-04-02,F4,P06,K0150,1,0.0
B100492,2025-04-03,F1,P09,K0035,1,0.0
B100493,2025-04-03,F1,P16,K0002,1,0.0
B100494,2025-04-03,F1,P18,K0017,1,0.0
B100495,2025-04-03,F1,P08,K0033,1,0.0
B100496,2025-04-03,F2,P03,K0066,1,0.0
B100497,2025-04-03,F2,P04,K0075,1,0.1
B100498,2025-04-03,F3,P14,K0101,2,0.05
B100499,2025-04-03,F3,P17,K0098,1,0.05
B100500,2025-04-03,F3,P17,K0094,1,0.0
B100501,2025-04-03,F3,P09,K0086,2,0.0
B100502,2025-04-03,F3,P02,K0103,1,0.05
B100503,2025-04-03,F3,P13,K0099,1,0.05
B100504,2025-04-03,F4,P08,K0150,1,0.1
B100505,2025-04-04,F1,P09,K0039,1,0.1
B100506,2025-04-04,F1,P12,K0021,3,0.05
B100507,2025-04-04,F1,P01,K0015,1,0.05
B100508,2025-04-04,F2,P17,K0068,1,0.03
B100509,2025-04-04,F3,P04,K0088,1,0.05
B100510,2025-04-04,F3,P10,K0122,3,0.05
B100511,2025-04-04,F3,P09,K0111,2,0.0
B100512,2025-04-04,F3,P09,K0100,3,0.1
B100513,2025-04-04,F3,P10,K0156,3,0.0
B100514,2025-04-04,F4,P09,K0135,2,0.03
B100515,2025-04-05,F1,P16,K0004,1,0.03
B100516,2025-04-05,F1,P12,K0038,3,0.03
B100517,2025-04-05,F1,P17,K0041,1,0.0
B100518,2025-04-05,F2,P09,K0093,2,0.0
B100519,2025-04-05,F2,P01,K0055,1,0.0
B100520,2025-04-05,F2,P16,K0080,1,0.0
B100521,2025-04-05,F3,P10,K0120,2,0.05
B100522,2025-04-05,F3,P15,K0096,2,0.05
B100523,2025-04-05,F3,P14,K0124,2,0.05
B100524,2025-04-05,F3,P10,K0084,2,0.1
B100525,2025-04-05,F3,P12,K0096,3,0.0
B100526,2025-04-05,F3,P15,K0096,1,0.0
B100527,2025-04-05,F3,P16,K0089,1,0.0
B100528,2025-04-05,F3,P11,K0017,2,0.05
B100529,2025-04-05,F3,P16,K0125,1,0.0
B100530,2025-04-05,F4,P18,K0154,1,0.1
B100531,2025-04-05,F4,P05,K0159,1,0.1
B100532,2025-04-05,F4,P16,K0160,1,0.0
B100533,2025-04-07,F1,P12,K0024,3,0.0
B100534,2025-04-07,F1,P12,K0030,1,0.0
B100535,2025-04-07,F1,P17,K0036,1,0.05
B100536,2025-04-07,F1,P18,K0015,1,0.0
B100537,2025-04-07,F1,P18,K0008,1,0.05
B100538,2025-04-07,F1,P18,K0016,1,0.0
B100539,2025-04-07,F2,P09,K0061,1,0.0
B100540,2025-04-07,F3,P16,K0084,1,0.0
B100541,2025-04-07,F3,P01,K0155,1,0.1
B100542,2025-04-07,F3,P13,K0119,2,0.0
B100543,2025-04-07,F3,P18,K0132,1,0.0
B100544,2025-04-07,F3,P18,K0089,1,0.03
B100545,2025-04-07,F4,P03,K0145,1,0.0
B100546,2025-04-07,F4,P13,K0150,2,0.1
B100547,2025-04-07,F4,P05,K0146,1,0.05
B100548,2025-04-08,F1,P08,K0025,1,0.1
B100549,2025-04-08,F1,P16,K0020,1,0.03
B100550,2025-04-08,F1,P12,K0009,2,0.1
B100551,2025-04-08,F2,P11,K0066,2,0.0
B100552,2025-04-08,F2,P18,K0059,1,0.05
B100553,2025-04-08,F2,P16,K0048,1,0.05
B100554,2025-04-08,F2,P05,K0069,1,0.0
B100555,2025-04-08,F2,P18,K0071,1,0.1
B100556,2025-04-08,F3,P11,K0132,3,0.1
B100557,2025-04-09,F1,P11,K0055,2,0.0
B100558,2025-04-09,F1,P01,K0028,1,0.0
B100559,2025-04-09,F1,P18,K0038,1,0.1
B100560,2025-04-09,F2,P10,K0081,3,0.0
B100561,2025-04-09,F3,P11,K0087,2,0.0
B100562,2025-04-09,F3,P17,K0096,1,0.05
B100563,2025-04-09,F3,P18,K0094,1,0.1
B100564,2025-04-09,F3,P04,K0124,1,0.0
B100565,2025-04-09,F3,P14,K0125,2,0.0
B100566,2025-04-09,F3,P18,K0124,1,0.0
B100567,2025-04-10,F1,P17,K0029,1,0.0
B100568,2025-04-10,F2,P11,K0057,2,0.0
B100569,2025-04-10,F3,P12,K0113,3,0.0
B100570,2025-04-10,F3,P08,K0067,3,0.0
B100571,2025-04-11,F1,P08,K0032,2,0.1
B100572,2025-04-11,F1,P18,K0033,1,0.1
B100573,2025-04-11,F1,P16,K0012,1,0.05
B100574,2025-04-11,F2,P18,K0082,1,0.05
B100575,2025-04-11,F2,P11,K0076,3,0.1
B100576,2025-04-11,F2,P16,K0052,1,0.0
B100577,2025-04-11,F2,P15,K0070,1,0.05
B100578,2025-04-11,F3,P08,K0111,2,0.0
B100579,2025-04-11,F3,P16,K0125,1,0.0
B100580,2025-04-11,F3,P14,K0106,1,0.03
B100581,2025-04-11,F3,P14,K0101,1,0.0
B100582,2025-04-11,F3,P11,K0093,2,0.05
B100583,2025-04-11,F4,P01,K0151,1,0.1
B100584,2025-04-12,F1,P15,K0058,1,0.05
B100585,2025-04-12,F1,P08,K0036,1,0.0
B100586,2025-04-12,F1,P10,K0006,2,0.1
B100587,2025-04-12,F1,P10,K0001,3,0.03
B100588,2025-04-12,F1,P12,K0089,3,0.05
B100589,2025-04-12,F1,P11,K0043,2,0.0
B100590,2025-04-12,F2,P15,K0078,2,0.05
B100591,2025-04-12,F2,P15,K0078,1,0.1
B100592,2025-04-12,F3,P16,K0124,1,0.05
B100593,2025-04-12,F3,P18,K0112,1,0.1
B100594,2025-04-12,F3,P01,K0086,1,0.0
B100595,2025-04-12,F3,P12,K0122,2,0.0
B100596,2025-04-12,F3,P11,K0133,2,0.0
B100597,2025-04-12,F3,P16,K0103,1,0.0
B100598,2025-04-12,F3,P11,K0104,3,0.05
B100599,2025-04-12,F4,P16,K0153,1,0.05
B100600,2025-04-12,F4,P17,K0159,1,0.05
B100601,2025-04-14,F1,P15,K0035,2,0.05
B100602,2025-04-14,F1,P03,K0024,1,0.0
B100603,2025-04-14,F2,P02,K0077,1,0.1
B100604,2025-04-14,F2,P16,K0057,1,0.0
B100605,2025-04-14,F3,P12,K0109,3,0.0
B100606,2025-04-14,F3,P17,K0126,1,0.03
B100607,2025-04-14,F4,P02,K0158,1,0.03
B100608,2025-04-14,F4,P01,K0137,1,0.0
B100609,2025-04-15,F1,P08,K0031,1,0.0
B100610,2025-04-15,F1,P08,K0006,2,0.1
B100611,2025-04-15,F2,P05,K0075,1,0.08
B100612,2025-04-15,F3,P16,K0099,1,0.05
B100613,2025-04-15,F3,P14,K0131,2,0.0
B100614,2025-04-15,F3,P18,K0108,1,0.0
B100615,2025-04-15,F3,P10,K0124,3,0.0
B100616,2025-04-15,F4,P18,K0143,1,0.0
B100617,2025-04-15,F4,P18,K0146,1,0.0
B100618,2025-04-15,F4,P13,K0158,1,0.03
B100619,2025-04-16,F1,P06,K0002,1,0.0
B100620,2025-04-16,F1,P10,K0029,3,0.05
B100621,2025-04-16,F1,P10,K0025,1,0.1
B100622,2025-04-16,F1,P04,K0007,1,0.1
B100623,2025-04-16,F2,P05,K0083,1,0.0
B100624,2025-04-16,F2,P10,K0073,3,0.1
B100625,2025-04-16,F2,P02,K0081,1,0.05
B100626,2025-04-16,F2,P08,K0067,2,0.05
B100627,2025-04-16,F2,P08,K0050,2,0.0
B100628,2025-04-16,F3,P05,K0093,1,0.03
B100629,2025-04-16,F3,P02,K0134,1,0.0
B100630,2025-04-16,F3,P01,K0132,1,0.0
B100631,2025-04-16,F4,P18,K0153,1,0.1
B100632,2025-04-16,F4,P14,K0161,2,0.05
B100633,2025-04-17,F1,P17,K0023,1,0.0
B100634,2025-04-17,F1,P04,K0020,1,0.0
B100635,2025-04-17,F1,P17,K0093,1,0.05
B100636,2025-04-17,F2,P15,K0073,1,0.03
B100637,2025-04-17,F2,P04,K0041,1,0.0
B100638,2025-04-17,F2,P12,K0048,2,0.05
B100639,2025-04-17,F2,P11,K0073,2,0.0
B100640,2025-04-17,F3,P15,K0114,1,0.05
B100641,2025-04-17,F3,P06,K0062,1,0.05
B100642,2025-04-17,F3,P03,K0123,1,0.1
B100643,2025-04-17,F4,P12,K0150,1,0.05
B100644,2025-04-18,F1,P12,K0039,3,0.1
B100645,2025-04-18,F1,P02,K0021,1,0.0
B100646,2025-04-18,F1,P18,K0001,1,0.0
B100647,2025-04-18,F1,P12,K0022,2,0.05
B100648,2025-04-18,F2,P10,K0051,2,0.05
B100649,2025-04-18,F2,P03,K0081,1,0.0
B100650,2025-04-18,F2,P18,K0046,1,0.1
B100651,2025-04-18,F3,P05,K0116,1,0.1
B100652,2025-04-18,F3,P08,K0117,1,0.0
B100653,2025-04-18,F3,P10,K0090,3,0.08
B100654,2025-04-18,F4,P02,K0138,1,0.05
B100655,2025-04-19,F1,P08,K0012,2,0.08
B100656,2025-04-19,F1,P13,K0034,2,0.1
B100657,2025-04-19,F1,P06,K0017,1,0.0
B100658,2025-04-19,F1,P13,K0023,2,0.0
B100659,2025-04-19,F1,P16,K0026,1,0.1
B100660,2025-04-19,F1,P12,K0011,1,0.1
B100661,2025-04-19,F2,P12,K0076,3,0.05
B100662,2025-04-19,F2,P13,K0048,2,0.03
B100663,2025-04-19,F2,P07,K0078,1,0.0
B100664,2025-04-19,F3,P17,K0117,1,0.0
B100665,2025-04-19,F3,P08,K0088,2,0.0
B100666,2025-04-19,F3,P09,K0131,2,0.03
B100667,2025-04-19,F3,P11,K0115,1,0.0
B100668,2025-04-19,F3,P12,K0117,2,0.0
B100669,2025-04-19,F3,P10,K0126,2,0.03
B100670,2025-04-19,F3,P09,K0108,2,0.05
B100671,2025-04-19,F3,P03,K0085,1,0.03
B100672,2025-04-19,F4,P16,K0014,1,0.0
B100673,2025-04-19,F4,P12,K0156,3,0.1
B100674,2025-04-19,F4,P05,K0149,1,0.05
B100675,2025-04-21,F1,P02,K0029,1,0.0
B100676,2025-04-21,F1,P17,K0022,1,0.1
B100677,2025-04-21,F1,P01,K0031,1,0.05
B100678,2025-04-21,F2,P01,K0129,1,0.05
B100679,2025-04-21,F2,P12,K0080,2,0.0
B100680,2025-04-21,F3,P14,K0108,1,0.0
B100681,2025-04-21,F3,P02,K0065,1,0.05
B100682,2025-04-21,F3,P18,K0124,1,0.0
B100683,2025-04-21,F4,P16,K0141,1,0.1
B100684,2025-04-22,F1,P16,K0019,1,0.05
B100685,2025-04-22,F1,P09,K0004,3,0.03
B100686,2025-04-22,F2,P01,K0057,1,0.05
B100687,2025-04-22,F2,P10,K0060,3,0.05
B100688,2025-04-22,F3,P08,K0087,1,0.05
B100689,2025-04-22,F3,P17,K0114,1,0.0
B100690,2025-04-22,F3,P08,K0096,2,0.03
B100691,2025-04-22,F4,P13,K0151,2,0.1
B100692,2025-04-22,F4,P02,K0153,1,0.1
B100693,2025-04-22,F4,P18,K0139,1,0.08
B100694,2025-04-23,F1,P10,K0022,1,0.05
B100695,2025-04-23,F1,P01,K0045,1,0.05
B100696,2025-04-23,F1,P10,K0030,1,0.03
B100697,2025-04-23,F2,P11,K0056,2,0.0
B100698,2025-04-23,F3,P14,K0119,1,0.05
B100699,2025-04-23,F3,P12,K0100,3,0.08
B100700,2025-04-23,F3,P13,K0117,2,0.0
B100701,2025-04-23,F3,P12,K0159,1,0.1
B100702,2025-04-23,F4,P01,K0158,1,0.0
B100703,2025-04-24,F1,P09,K0008,3,0.0
B100704,2025-04-24,F1,P11,K0019,2,0.05
B100705,2025-04-24,F1,P10,K0037,2,0.1
B100706,2025-04-24,F1,P18,K0005,1,0.03
B100707,2025-04-24,F1,P15,K0024,1,0.03
B100708,2025-04-24,F2,P09,K0058,2,0.0
B100709,2025-04-24,F2,P13,K0058,2,0.03
B100710,2025-04-24,F2,P02,K0059,1,0.05
B100711,2025-04-24,F3,P13,K0114,1,0.0
B100712,2025-04-24,F3,P12,K0037,1,0.03
B100713,2025-04-24,F3,P15,K0112,2,0.1
B100714,2025-04-24,F3,P14,K0098,2,0.0
B100715,2025-04-24,F4,P11,K0148,1,0.0
B100716,2025-04-25,F1,P06,K0003,1,0.0
B100717,2025-04-25,F1,P10,K0026,1,0.1
B100718,2025-04-25,F2,P02,K0069,1,0.05
B100719,2025-04-25,F3,P18,K0112,1,0.08
B100720,2025-04-25,F3,P07,K0097,1,0.1
B100721,2025-04-25,F3,P16,K0126,1,0.1
B100722,2025-04-25,F4,P13,K0050,1,0.0
B100723,2025-04-25,F4,P13,K0137,1,0.05
B100724,2025-04-26,F1,P17,K0027,1,0.05
B100725,2025-04-26,F1,P18,K0001,1,0.05
B100726,2025-04-26,F1,P11,K0004,2,0.1
B100727,2025-04-26,F1,P10,K0002,1,0.0
B100728,2025-04-26,F1,P15,K0045,2,0.05
B100729,2025-04-26,F1,P11,K0026,3,0.08
B100730,2025-04-26,F1,P08,K0003,3,0.03
B100731,2025-04-26,F2,P02,K0066,1,0.0
B100732,2025-04-26,F2,P12,K0067,1,0.0
B100733,2025-04-26,F2,P14,K0076,1,0.1
B100734,2025-04-26,F2,P16,K0082,1,0.0
B100735,2025-04-26,F3,P14,K0101,2,0.0
B100736,2025-04-26,F3,P16,K0106,1,0.05
B100737,2025-04-26,F3,P18,K0119,1,0.05
B100738,2025-04-26,F3,P08,K0089,3,0.05
B100739,2025-04-26,F3,P13,K0118,2,0.03
B100740,2025-04-26,F3,P13,K0110,2,0.0
B100741,2025-04-26,F3,P18,K0108,1,0.0
B100742,2025-04-26,F3,P18,K0118,1,0.03
B100743,2025-04-26,F3,P12,K0137,2,0.03
B100744,2025-04-26,F4,P09,K0141,1,0.03
B100745,2025-04-26,F4,P12,K0151,1,0.08
B100746,2025-04-26,F4,P11,K0159,2,0.1
B100747,2025-04-26,F4,P07,K0157,1,0.1
B100748,2025-04-26,F4,P10,K0152,3,0.0
B100749,2025-04-26,F4,P05,K0137,1,0.03
B100750,2025-04-26,F4,P11,K0063,1,0.1
B100751,2025-04-28,F1,P14,K0007,1,0.1
B100752,2025-04-28,F1,P11,K0018,2,0.03
B100753,2025-04-28,F2,P16,K0059,1,0.1
B100754,2025-04-28,F2,P14,K0071,1,0.1
B100755,2025-04-28,F3,P11,K0108,1,0.0
B100756,2025-04-28,F3,P09,K0086,2,0.03
B100757,2025-04-28,F3,P01,K0107,1,0.05
B100758,2025-04-28,F3,P02,K0114,1,0.05
B100759,2025-04-29,F1,P05,K0010,1,0.05
B100760,2025-04-29,F1,P14,K0024,2,0.0
B100761,2025-04-29,F2,P12,K0083,1,0.05
B100762,2025-04-29,F2,P05,K0046,1,0.08
B100763,2025-04-29,F2,P06,K0055,1,0.0
B100764,2025-04-29,F3,P08,K0119,3,0.1
B100765,2025-04-29,F3,P05,K0117,1,0.05
B100766,2025-04-29,F3,P09,K0091,3,0.0
B100767,2025-04-29,F3,P11,K0111,3,0.0
B100768,2025-04-29,F3,P11,K0095,1,0.1
B100769,2025-04-30,F1,P08,K0045,1,0.0
B100770,2025-04-30,F1,P18,K0036,1,0.05
B100771,2025-04-30,F1,P11,K0002,3,0.05
B100772,2025-04-30,F1,P05,K0026,1,0.05
B100773,2025-04-30,F2,P10,K0053,2,0.03
B100774,2025-04-30,F2,P18,K0055,1,0.0
B100775,2025-04-30,F3,P16,K0101,1,0.05
B100776,2025-04-30,F3,P10,K0124,2,0.0
B100777,2025-04-30,F3,P02,K0089,1,0.05
B100778,2025-04-30,F3,P09,K0094,2,0.0
B100779,2025-04-30,F3,P09,K0092,2,0.03
B100780,2025-04-30,F3,P11,K0130,1,0.0
B100781,2025-04-30,F4,P11,K0156,2,0.0
B100782,2025-04-30,F4,P08,K0133,3,0.0
B100783,2025-05-01,F1,P01,K0028,1,0.0
B100784,2025-05-01,F1,P08,K0026,2,0.1
B100785,2025-05-01,F1,P01,K0013,1,0.0
B100786,2025-05-01,F2,P05,K0063,1,0.0
B100787,2025-05-01,F2,P17,K0057,1,0.05
B100788,2025-05-01,F2,P11,K0049,2,0.05
B100789,2025-05-01,F2,P01,K0065,1,0.03
B100790,2025-05-01,F2,P18,K0081,1,0.05
B100791,2025-05-01,F3,P11,K0096,2,0.0
B100792,2025-05-01,F3,P11,K0124,2,0.05
B100793,2025-05-01,F3,P16,K0126,1,0.0
B100794,2025-05-01,F3,P09,K0088,1,0.0
B100795,2025-05-01,F3,P02,K0086,1,0.0
B100796,2025-05-01,F3,P04,K0119,1,0.03
B100797,2025-05-02,F1,P17,K0019,1,0.0
B100798,2025-05-02,F1,P12,K0039,3,0.1
B100799,2025-05-02,F1,P08,K0021,3,0.05
B100800,2025-05-02,F1,P11,K0017,3,0.1
B100801,2025-05-02,F1,P18,K0019,1,0.05
B100802,2025-05-02,F2,P18,K0058,1,0.0
B100803,2025-05-02,F2,P07,K0069,1,0.0
B100804,2025-05-02,F2,P09,K0067,2,0.05
B100805,2025-05-02,F3,P17,K0028,1,0.1
B100806,2025-05-02,F3,P08,K0091,2,0.0
B100807,2025-05-02,F3,P12,K0130,1,0.0
B100808,2025-05-02,F3,P09,K0109,1,0.03
B100809,2025-05-02,F4,P09,K0143,1,0.03
B100810,2025-05-02,F4,P08,K0154,3,0.1
B100811,2025-05-02,F4,P02,K0148,1,0.1
B100812,2025-05-03,F1,P15,K0041,2,0.05
B100813,2025-05-03,F1,P08,K0022,3,0.05
B100814,2025-05-03,F1,P13,K0002,2,0.03
B100815,2025-05-03,F1,P16,K0024,1,0.0
B100816,2025-05-03,F1,P11,K0018,1,0.05
B100817,2025-05-03,F2,P02,K0079,1,0.0
B100818,2025-05-03,F2,P18,K0069,1,0.0
B100819,2025-05-03,F2,P16,K0001,1,0.1
B100820,2025-05-03,F3,P04,K0101,1,0.0
B100821,2025-05-03,F3,P03,K0119,1,0.0
B100822,2025-05-03,F3,P10,K0113,2,0.03
B100823,2025-05-03,F3,P11,K0093,1,0.05
B100824,2025-05-03,F3,P08,K0123,3,0.03
B100825,2025-05-03,F3,P09,K0119,2,0.1
B100826,2025-05-03,F4,P08,K0147,3,0.03
B100827,2025-05-03,F4,P08,K0140,2,0.0
B100828,2025-05-03,F4,P17,K0152,1,0.05
B100829,2025-05-05,F1,P15,K0027,2,0.03
B100830,2025-05-05,F2,P02,K0075,1,0.08
B100831,2025-05-05,F2,P16,K0054,1,0.1
B100832,2025-05-05,F2,P18,K0058,1,0.1
B100833,2025-05-05,F2,P18,K0052,1,0.0
B100834,2025-05-05,F3,P18,K0093,1,0.0
B100835,2025-05-05,F3,P17,K0143,1,0.0
B100836,2025-05-05,F4,P16,K0152,1,0.0
B100837,2025-05-05,F4,P13,K0152,2,0.05
B100838,2025-05-06,F1,P14,K0006,2,0.0
B100839,2025-05-06,F1,P16,K0040,1,0.1
B100840,2025-05-06,F1,P10,K0002,2,0.05
B100841,2025-05-06,F2,P14,K0051,1,0.03
B100842,2025-05-06,F2,P08,K0076,3,0.0
B100843,2025-05-06,F2,P01,K0075,1,0.1
B100844,2025-05-06,F3,P05,K0133,1,0.0
B100845,2025-05-06,F3,P16,K0108,1,0.03
B100846,2025-05-06,F3,P05,K0097,1,0.05
B100847,2025-05-06,F3,P09,K0119,3,0.05
B100848,2025-05-06,F4,P14,K0120,1,0.03
B100849,2025-05-06,F4,P02,K0153,1,0.08
B100850,2025-05-07,F1,P04,K0023,1,0.0
B100851,2025-05-07,F1,P02,K0017,1,0.0
B100852,2025-05-07,F1,P16,K0028,1,0.05
B100853,2025-05-07,F1,P16,K0024,1,0.05
B100854,2025-05-07,F2,P12,K0052,3,0.05
B100855,2025-05-07,F2,P10,K0049,3,0.05
B100856,2025-05-07,F2,P11,K0067,2,0.0
B100857,2025-05-07,F2,P11,K0072,1,0.03
B100858,2025-05-07,F3,P04,K0093,1,0.05
B100859,2025-05-07,F3,P11,K0119,3,0.1
B100860,2025-05-07,F3,P09,K0134,3,0.05
B100861,2025-05-07,F3,P08,K0090,1,0.1
B100862,2025-05-07,F4,P18,K0154,1,0.05
B100863,2025-05-07,F4,P08,K0156,2,0.0
B100864,2025-05-07,F4,P15,K0085,2,0.05
B100865,2025-05-08,F1,P01,K0038,1,0.0
B100866,2025-05-08,F1,P16,K0019,1,0.0
B100867,2025-05-08,F1,P10,K0019,3,0.05
B100868,2025-05-08,F2,P18,K0080,1,0.0
B100869,2025-05-08,F2,P09,K0076,2,0.0
B100870,2025-05-08,F3,P17,K0099,1,0.05
B100871,2025-05-08,F3,P13,K0131,2,0.1
B100872,2025-05-08,F4,P02,K0141,1,0.1
B100873,2025-05-09,F1,P11,K0034,2,0.05
B100874,2025-05-09,F1,P11,K0019,2,0.05
B100875,2025-05-09,F2,P18,K0060,1,0.1
B100876,2025-05-09,F3,P18,K0107,1,0.03
B100877,2025-05-09,F3,P15,K0054,2,0.08
B100878,2025-05-09,F3,P10,K0092,2,0.0
B100879,2025-05-09,F3,P14,K0122,2,0.05
B100880,2025-05-09,F3,P06,K0094,1,0.03
B100881,2025-05-09,F4,P12,K0137,1,0.1
B100882,2025-05-10,F1,P18,K0019,1,0.1
B100883,2025-05-10,F1,P13,K0017,1,0.03
B100884,2025-05-10,F1,P02,K0009,1,0.1
B100885,2025-05-10,F1,P02,K0055,1,0.05
B100886,2025-05-10,F1,P17,K0015,1,0.0
B100887,2025-05-10,F2,P03,K0081,1,0.1
B100888,2025-05-10,F2,P11,K0063,2,0.1
B100889,2025-05-10,F2,P08,K0064,1,0.0
B100890,2025-05-10,F2,P05,K0049,1,0.0
B100891,2025-05-10,F2,P17,K0062,1,0.05
B100892,2025-05-10,F3,P06,K0133,1,0.0
B100893,2025-05-10,F3,P11,K0108,1,0.05
B100894,2025-05-10,F3,P09,K0104,3,0.1
B100895,2025-05-10,F3,P10,K0085,2,0.1
B100896,2025-05-10,F3,P18,K0115,1,0.1
B100897,2025-05-10,F4,P11,K0137,1,0.0
B100898,2025-05-10,F4,P09,K0138,2,0.05
B100899,2025-05-12,F1,P05,K0095,1,0.05
B100900,2025-05-12,F1,P16,K0024,1,0.05
B100901,2025-05-12,F1,P06,K0044,1,0.05
B100902,2025-05-12,F1,P18,K0040,1,0.05
B100903,2025-05-12,F2,P11,K0051,1,0.0
B100904,2025-05-12,F2,P09,K0065,2,0.1
B100905,2025-05-12,F2,P18,K0130,1,0.05
B100906,2025-05-12,F3,P16,K0115,1,0.0
B100907,2025-05-12,F3,P11,K0123,1,0.05
B100908,2025-05-12,F3,P10,K0097,3,0.08
B100909,2025-05-12,F3,P05,K0115,1,0.05
B100910,2025-05-12,F4,P08,K0153,1,0.1
B100911,2025-05-12,F4,P08,K0126,3,0.0
B100912,2025-05-13,F1,P08,K0146,2,0.03
B100913,2025-05-13,F1,P08,K0028,3,0.0
B100914,2025-05-13,F2,P10,K0061,1,0.0
B100915,2025-05-13,F2,P18,K0074,1,0.05
B100916,2025-05-13,F2,P02,K0049,1,0.1
B100917,2025-05-13,F2,P17,K0049,1,0.1
B100918,2025-05-13,F3,P15,K0128,2,0.03
B100919,2025-05-13,F3,P10,K0092,2,0.0
B100920,2025-05-13,F3,P10,K0095,1,0.0
B100921,2025-05-13,F3,P08,K0088,2,0.0
B100922,2025-05-13,F3,P11,K0123,3,0.0
B100923,2025-05-13,F4,P11,K0148,2,0.03
B100924,2025-05-13,F4,P15,K0142,1,0.1
B100925,2025-05-13,F4,P05,K0144,1,0.05
B100926,2025-05-14,F1,P17,K0022,1,0.1
B100927,2025-05-14,F1,P08,K0006,1,0.05
B100928,2025-05-14,F2,P18,K0014,1,0.05
B100929,2025-05-14,F2,P16,K0075,1,0.05
B100930,2025-05-14,F2,P11,K0077,2,0.03
B100931,2025-05-14,F3,P06,K0091,1,0.05
B100932,2025-05-14,F3,P16,K0134,1,0.1
B100933,2025-05-14,F3,P15,K0093,1,0.05
B100934,2025-05-14,F4,P18,K0150,1,0.03
B100935,2025-05-14,F4,P17,K0135,1,0.1
B100936,2025-05-14,F4,P03,K0151,1,0.1
B100937,2025-05-14,F4,P11,K0151,2,0.05
B100938,2025-05-15,F1,P16,K0044,1,0.0
B100939,2025-05-15,F1,P16,K0030,1,0.0
B100940,2025-05-15,F1,P14,K0028,2,0.0
B100941,2025-05-15,F1,P04,K0035,1,0.0
B100942,2025-05-15,F2,P06,K0066,1,0.05
B100943,2025-05-15,F3,P01,K0119,1,0.05
B100944,2025-05-15,F3,P18,K0102,1,0.03
B100945,2025-05-15,F3,P08,K0084,3,0.05
B100946,2025-05-15,F3,P11,K0149,3,0.1
B100947,2025-05-15,F3,P12,K0116,2,0.08
B100948,2025-05-15,F4,P15,K0056,2,0.05
B100949,2025-05-16,F1,P08,K0041,1,0.05
B100950,2025-05-16,F1,P05,K0001,1,0.05
B100951,2025-05-16,F1,P11,K0029,2,0.03
B100952,2025-05-16,F1,P05,K0029,1,0.0
B100953,2025-05-16,F2,P04,K0078,1,0.0
B100954,2025-05-16,F3,P10,K0091,3,0.05
B100955,2025-05-16,F3,P17,K0116,1,0.05
B100956,2025-05-16,F3,P02,K0117,1,0.0
B100957,2025-05-16,F4,P18,K0159,1,0.1
B100958,2025-05-17,F1,P04,K0117,1,0.03
B100959,2025-05-17,F1,P11,K0004,1,0.0
B100960,2025-05-17,F1,P12,K0053,3,0.05
B100961,2025-05-17,F1,P03,K0036,1,0.1
B100962,2025-05-17,F2,P12,K0061,3,0.0
B100963,2025-05-17,F2,P11,K0067,3,0.0
B100964,2025-05-17,F2,P11,K0027,1,0.0
B100965,2025-05-17,F2,P11,K0081,1,0.05
B100966,2025-05-17,F2,P12,K0079,2,0.0
B100967,2025-05-17,F3,P10,K0113,3,0.0
B100968,2025-05-17,F3,P18,K0115,1,0.03
B100969,2025-05-17,F3,P13,K0110,2,0.0
B100970,2025-05-17,F3,P14,K0092,2,0.05
B100971,2025-05-17,F4,P09,K0135,1,0.0
B100972,2025-05-17,F4,P11,K0149,2,0.1
B100973,2025-05-17,F4,P08,K0152,1,0.0
B100974,2025-05-17,F4,P02,K0159,1,0.1
B100975,2025-05-19,F1,P12,K0111,3,0.0
B100976,2025-05-19,F2,P01,K0075,1,0.1
B100977,2025-05-19,F3,P12,K0108,1,0.05
B100978,2025-05-19,F3,P06,K0089,1,0.1
B100979,2025-05-19,F3,P18,K0106,1,0.0
B100980,2025-05-19,F3,P06,K0018,1,0.0
B100981,2025-05-19,F3,P09,K0127,3,0.05
B100982,2025-05-19,F3,P11,K0039,2,0.1
B100983,2025-05-19,F4,P16,K0158,1,0.03
B100984,2025-05-19,F4,P05,K0145,1,0.1
B100985,2025-05-19,F4,P11,K0160,3,0.05
B100986,2025-05-20,F1,P06,K0039,1,0.1
B100987,2025-05-20,F1,P01,K0019,1,0.1
B100988,2025-05-20,F1,P16,K0126,1,0.03
B100989,2025-05-20,F1,P04,K0020,1,0.03
B100990,2025-05-20,F3,P11,K0098,2,0.03
B100991,2025-05-20,F3,P16,K0101,1,0.0
B100992,2025-05-20,F4,P12,K0145,2,0.0
B100993,2025-05-20,F4,P13,K0142,1,0.1
B100994,2025-05-20,F4,P18,K0156,1,0.05
B100995,2025-05-20,F4,P08,K0161,1,0.1
B100996,2025-05-20,F4,P07,K0155,1,0.05
B100997,2025-05-21,F1,P11,K0016,1,0.05
B100998,2025-05-21,F1,P13,K0024,2,0.03
B100999,2025-05-21,F1,P01,K0032,1,0.1
B101000,2025-05-21,F2,P03,K0046,1,0.1
B101001,2025-05-21,F2,P15,K0049,1,0.0
B101002,2025-05-21,F2,P17,K0049,1,0.0
B101003,2025-05-21,F2,P11,K0047,2,0.0
B101004,2025-05-21,F2,P10,K0083,3,0.05
B101005,2025-05-21,F3,P13,K0133,1,0.05
B101006,2025-05-21,F3,P11,K0114,1,0.05
B101007,2025-05-21,F3,P11,K0128,1,0.0
B101008,2025-05-21,F3,P09,K0084,1,0.05
B101009,2025-05-21,F3,P10,K0105,2,0.0
B101010,2025-05-21,F4,P18,K0155,1,0.05
B101011,2025-05-22,F1,P09,K0032,2,0.05
B101012,2025-05-22,F2,P09,K0063,3,0.03
B101013,2025-05-22,F2,P01,K0070,1,0.05
B101014,2025-05-22,F2,P14,K0046,1,0.05
B101015,2025-05-22,F2,P08,K0068,1,0.1
B101016,2025-05-22,F2,P01,K0057,1,0.05
B101017,2025-05-22,F3,P05,K0150,1,0.0
B101018,2025-05-22,F3,P16,K0113,1,0.0
B101019,2025-05-22,F3,P06,K0124,1,0.0
B101020,2025-05-22,F3,P17,K0108,1,0.0
B101021,2025-05-22,F3,P06,K0091,1,0.1
B101022,2025-05-22,F4,P08,K0146,1,0.1
B101023,2025-05-22,F4,P09,K0151,2,0.05
B101024,2025-05-22,F4,P08,K0150,2,0.0
B101025,2025-05-23,F1,P16,K0044,1,0.03
B101026,2025-05-23,F1,P08,K0022,1,0.08
B101027,2025-05-23,F1,P08,K0016,2,0.0
B101028,2025-05-23,F1,P02,K0028,1,0.1
B101029,2025-05-23,F1,P16,K0037,1,0.0
B101030,2025-05-23,F2,P13,K0073,2,0.0
B101031,2025-05-23,F2,P13,K0059,1,0.03
B101032,2025-05-23,F3,P08,K0126,1,0.05
B101033,2025-05-23,F3,P17,K0084,1,0.05
B101034,2025-05-23,F3,P08,K0113,2,0.0
B101035,2025-05-23,F3,P16,K0128,1,0.0
B101036,2025-05-23,F3,P18,K0115,1,0.05
B101037,2025-05-23,F4,P01,K0137,1,0.0
B101038,2025-05-23,F4,P14,K0149,1,0.1
B101039,2025-05-24,F1,P06,K0058,1,0.05
B101040,2025-05-24,F1,P18,K0043,1,0.1
B101041,2025-05-24,F2,P13,K0059,2,0.03
B101042,2025-05-24,F2,P16,K0063,1,0.0
B101043,2025-05-24,F2,P09,K0059,1,0.03
B101044,2025-05-24,F2,P16,K0067,1,0.0
B101045,2025-05-24,F2,P01,K0033,1,0.05
B101046,2025-05-24,F2,P16,K0074,1,0.05
B101047,2025-05-24,F2,P18,K0068,1,0.05
B101048,2025-05-24,F3,P18,K0070,1,0.08
B101049,2025-05-24,F3,P16,K0120,1,0.0
B101050,2025-05-24,F3,P13,K0096,1,0.05
B101051,2025-05-24,F3,P09,K0130,3,0.03
B101052,2025-05-24,F3,P13,K0087,2,0.0
B101053,2025-05-24,F4,P12,K0161,1,0.0
B101054,2025-05-24,F4,P18,K0157,1,0.05
B101055,2025-05-26,F1,P06,K0007,1,0.1
B101056,2025-05-26,F1,P11,K0031,3,0.0
B101057,2025-05-26,F1,P01,K0011,1,0.0
B101058,2025-05-26,F2,P07,K0059,1,0.05
B101059,2025-05-26,F2,P12,K0067,3,0.0
B101060,2025-05-26,F3,P01,K0127,1,0.0
B101061,2025-05-26,F3,P12,K0066,3,0.0
B101062,2025-05-26,F3,P14,K0088,2,0.05
B101063,2025-05-26,F4,P17,K0140,1,0.03
B101064,2025-05-26,F4,P08,K0152,1,0.05
B101065,2025-05-27,F1,P09,K0035,3,0.0
B101066,2025-05-27,F1,P16,K0005,1,0.0
B101067,2025-05-27,F1,P02,K0031,1,0.0
B101068,2025-05-27,F1,P01,K0109,1,0.1
B101069,2025-05-27,F2,P05,K0070,1,0.05
B101070,2025-05-27,F2,P15,K0105,1,0.03
B101071,2025-05-27,F2,P05,K0078,1,0.03
B101072,2025-05-27,F2,P12,K0079,3,0.0
B101073,2025-05-27,F2,P02,K0068,1,0.0
B101074,2025-05-27,F3,P01,K0099,1,0.05
B101075,2025-05-27,F3,P18,K0146,1,0.03
B101076,2025-05-27,F3,P03,K0132,1,0.05
B101077,2025-05-27,F3,P12,K0112,2,0.08
B101078,2025-05-27,F3,P05,K0130,1,0.05
B101079,2025-05-27,F4,P16,K0135,1,0.0
B101080,2025-05-28,F1,P11,K0003,1,0.0
B101081,2025-05-28,F1,P15,K0008,1,0.0
B101082,2025-05-28,F1,P10,K0038,2,0.0
B101083,2025-05-28,F2,P17,K0054,1,0.1
B101084,2025-05-28,F2,P05,K0079,1,0.1
B101085,2025-05-28,F3,P02,K0116,1,0.08
B101086,2025-05-28,F3,P16,K0093,1,0.1
B101087,2025-05-28,F3,P11,K0131,3,0.0
B101088,2025-05-28,F3,P01,K0113,1,0.05
B101089,2025-05-28,F4,P01,K0157,1,0.0
B101090,2025-05-28,F4,P17,K0139,1,0.1
B101091,2025-05-28,F4,P08,K0135,3,0.05
B101092,2025-05-29,F1,P12,K0023,3,0.0
B101093,2025-05-29,F1,P08,K0022,1,0.05
B101094,2025-05-29,F1,P16,K0013,1,0.0
B101095,2025-05-29,F1,P18,K0001,1,0.0
B101096,2025-05-29,F1,P16,K0023,1,0.0
B101097,2025-05-29,F1,P10,K0040,2,0.08
B101098,2025-05-29,F2,P02,K0073,1,0.1
B101099,2025-05-29,F2,P09,K0082,3,0.03
B101100,2025-05-29,F3,P04,K0099,1,0.0
B101101,2025-05-29,F3,P15,K0092,1,0.0
B101102,2025-05-29,F4,P18,K0160,1,0.03
B101103,2025-05-29,F4,P18,K0155,1,0.03
B101104,2025-05-29,F4,P11,K0158,2,0.05
B101105,2025-05-29,F4,P16,K0025,1,0.05
B101106,2025-05-30,F1,P02,K0021,1,0.03
B101107,2025-05-30,F1,P16,K0009,1,0.08
B101108,2025-05-30,F1,P08,K0025,2,0.0
B101109,2025-05-30,F1,P16,K0010,1,0.0
B101110,2025-05-30,F2,P11,K0079,2,0.1
B101111,2025-05-30,F2,P06,K0048,1,0.05
B101112,2025-05-30,F2,P01,K0064,1,0.0
B101113,2025-05-30,F2,P14,K0047,1,0.03
B101114,2025-05-30,F3,P01,K0119,1,0.0
B101115,2025-05-30,F3,P07,K0123,1,0.05
B101116,2025-05-30,F3,P12,K0096,1,0.05
B101117,2025-05-30,F3,P15,K0124,1,0.0
B101118,2025-05-30,F3,P01,K0100,1,0.05
B101119,2025-05-30,F4,P03,K0149,1,0.05
B101120,2025-05-30,F4,P18,K0145,1,0.1
B101121,2025-05-31,F1,P09,K0029,1,0.03
B101122,2025-05-31,F1,P02,K0084,1,0.03
B101123,2025-05-31,F2,P02,K0076,1,0.03
B101124,2025-05-31,F2,P16,K0061,1,0.0
B101125,2025-05-31,F2,P12,K0067,3,0.0
B101126,2025-05-31,F2,P14,K0049,1,0.1
B101127,2025-05-31,F3,P12,K0052,3,0.03
B101128,2025-05-31,F3,P11,K0114,3,0.05
B101129,2025-05-31,F3,P12,K0100,2,0.05
B101130,2025-05-31,F3,P16,K0133,1,0.05
B101131,2025-05-31,F4,P12,K0157,2,0.0
B101132,2025-05-31,F4,P12,K0156,1,0.0
B101133,2025-05-31,F4,P04,K0141,1,0.0
B101134,2025-05-31,F4,P12,K0139,1,0.08
B101135,2025-05-31,F4,P15,K0153,1,0.05
B101136,2025-06-02,F1,P16,K0040,1,0.05
B101137,2025-06-02,F1,P09,K0011,3,0.05
B101138,2025-06-02,F1,P11,K0006,3,0.0
B101139,2025-06-02,F1,P12,K0036,1,0.1
B101140,2025-06-02,F1,P08,K0014,2,0.03
B101141,2025-06-02,F2,P10,K0059,2,0.15
B101142,2025-06-02,F2,P16,K0150,1,0.25
B101143,2025-06-02,F2,P16,K0083,1,0.2
B101144,2025-06-02,F2,P12,K0061,3,0.15
B101145,2025-06-02,F3,P16,K0133,1,0.1
B101146,2025-06-02,F3,P11,K0109,2,0.05
B101147,2025-06-02,F3,P01,K0123,1,0.03
B101148,2025-06-02,F3,P02,K0084,1,0.05
B101149,2025-06-02,F3,P16,K0096,1,0.05
B101150,2025-06-02,F3,P11,K0086,3,0.05
B101151,2025-06-02,F4,P18,K0143,1,0.0
B101152,2025-06-02,F4,P08,K0155,1,0.05
B101153,2025-06-03,F1,P09,K0022,3,0.1
B101154,2025-06-03,F1,P08,K0044,2,0.0
B101155,2025-06-03,F1,P02,K0040,1,0.08
B101156,2025-06-03,F2,P12,K0051,1,0.2
B101157,2025-06-03,F2,P13,K0050,2,0.25
B101158,2025-06-03,F3,P08,K0127,3,0.0
B101159,2025-06-03,F3,P12,K0130,2,0.03
B101160,2025-06-03,F3,P05,K0095,1,0.0
B101161,2025-06-03,F3,P01,K0114,1,0.05
B101162,2025-06-03,F3,P18,K0102,1,0.0
B101163,2025-06-03,F4,P18,K0149,1,0.08
B101164,2025-06-04,F1,P01,K0034,1,0.08
B101165,2025-06-04,F1,P14,K0045,2,0.0
B101166,2025-06-04,F1,P04,K0035,1,0.0
B101167,2025-06-04,F1,P02,K0022,1,0.08
B101168,2025-06-04,F2,P13,K0023,2,0.25
B101169,2025-06-04,F2,P08,K0066,3,0.2
B101170,2025-06-04,F2,P11,K0071,2,0.15
B101171,2025-06-04,F2,P10,K0061,2,0.2
B101172,2025-06-04,F3,P15,K0103,1,0.0
B101173,2025-06-04,F3,P03,K0122,1,0.03
B101174,2025-06-04,F3,P15,K0131,1,0.0
B101175,2025-06-04,F4,P16,K0150,1,0.05
B101176,2025-06-04,F4,P09,K0138,1,0.05
B101177,2025-06-05,F1,P18,K0001,1,0.05
B101178,2025-06-05,F1,P16,K0029,1,0.0
B101179,2025-06-05,F1,P01,K0005,1,0.05
B101180,2025-06-05,F1,P09,K0082,1,0.05
B101181,2025-06-05,F2,P10,K0066,1,0.25
B101182,2025-06-05,F2,P13,K0048,1,0.15
B101183,2025-06-05,F2,P18,K0082,1,0.2
B101184,2025-06-05,F3,P02,K0086,1,0.0
B101185,2025-06-05,F3,P10,K0105,2,0.05
B101186,2025-06-05,F3,P01,K0116,1,0.08
B101187,2025-06-05,F3,P05,K0097,1,0.1
B101188,2025-06-05,F3,P16,K0089,1,0.05
B101189,2025-06-05,F3,P09,K0127,3,0.05
B101190,2025-06-05,F3,P05,K0126,1,0.0
B101191,2025-06-05,F3,P04,K0118,1,0.0
B101192,2025-06-05,F4,P08,K0143,1,0.1
B101193,2025-06-05,F4,P08,K0148,2,0.03
B101194,2025-06-06,F1,P10,K0101,2,0.0
B101195,2025-06-06,F1,P16,K0027,1,0.0
B101196,2025-06-06,F1,P09,K0038,3,0.05
B101197,2025-06-06,F2,P08,K0076,1,0.15
B101198,2025-06-06,F2,P10,K0051,1,0.25
B101199,2025-06-06,F2,P02,K0051,1,0.2
B101200,2025-06-06,F2,P01,K0048,1,0.2
B101201,2025-06-06,F2,P11,K0053,1,0.25
B101202,2025-06-06,F3,P14,K0124,2,0.05
B101203,2025-06-06,F3,P11,K0089,3,0.0
B101204,2025-06-06,F4,P14,K0152,1,0.1
B101205,2025-06-06,F4,P16,K0148,1,0.0
B101206,2025-06-07,F1,P07,K0037,1,0.0
B101207,2025-06-07,F1,P08,K0007,2,0.08
B101208,2025-06-07,F1,P11,K0045,3,0.05
B101209,2025-06-07,F1,P12,K0006,2,0.1
B101210,2025-06-07,F1,P08,K0019,2,0.05
B101211,2025-06-07,F1,P02,K0032,1,0.08
B101212,2025-06-07,F1,P08,K0014,1,0.0
B101213,2025-06-07,F2,P11,K0077,2,0.25
B101214,2025-06-07,F2,P02,K0074,1,0.2
B101215,2025-06-07,F3,P11,K0100,2,0.05
B101216,2025-06-07,F3,P16,K0105,1,0.05
B101217,2025-06-07,F3,P01,K0110,1,0.0
B101218,2025-06-07,F4,P16,K0145,1,0.0
B101219,2025-06-07,F4,P16,K0140,1,0.0
B101220,2025-06-07,F4,P14,K0147,2,0.0
B101221,2025-06-09,F1,P18,K0026,1,0.1
B101222,2025-06-09,F1,P09,K0043,1,0.03
B101223,2025-06-09,F1,P15,K0007,1,0.05
B101224,2025-06-09,F2,P05,K0017,1,0.25
B101225,2025-06-09,F2,P10,K0050,2,0.2
B101226,2025-06-09,F2,P08,K0051,3,0.2
B101227,2025-06-09,F2,P10,K0074,2,0.25
B101228,2025-06-09,F3,P11,K0106,1,0.1
B101229,2025-06-09,F3,P16,K0121,1,0.0
B101230,2025-06-09,F3,P11,K0120,2,0.05
B101231,2025-06-09,F3,P09,K0098,3,0.0
B101232,2025-06-09,F3,P08,K0102,1,0.0
B101233,2025-06-09,F3,P08,K0098,3,0.0
B101234,2025-06-09,F3,P06,K0104,1,0.1
B101235,2025-06-09,F3,P01,K0094,1,0.03
B101236,2025-06-09,F4,P18,K0149,1,0.1
B101237,2025-06-09,F4,P18,K0156,1,0.0
B101238,2025-06-09,F4,P04,K0158,1,0.03
B101239,2025-06-09,F4,P08,K0138,1,0.0
B101240,2025-06-10,F1,P18,K0045,1,0.05
B101241,2025-06-10,F1,P09,K0006,1,0.03
B101242,2025-06-10,F1,P11,K0019,3,0.0
B101243,2025-06-10,F1,P13,K0040,2,0.1
B101244,2025-06-10,F1,P14,K0018,1,0.0
B101245,2025-06-10,F3,P01,K0122,1,0.0
B101246,2025-06-10,F3,P14,K0103,2,0.0
B101247,2025-06-10,F3,P06,K0096,1,0.0
B101248,2025-06-10,F4,P12,K0154,3,0.08
B101249,2025-06-10,F4,P07,K0152,1,0.05
B101250,2025-06-11,F1,P04,K0037,1,0.1
B101251,2025-06-11,F2,P08,K0068,2,0.25
B101252,2025-06-11,F2,P18,K0158,1,0.15
B101253,2025-06-11,F2,P05,K0080,1,0.15
B101254,2025-06-11,F3,P07,K0096,1,0.05
B101255,2025-06-11,F3,P08,K0122,2,0.03
B101256,2025-06-11,F3,P17,K0117,1,0.05
B101257,2025-06-11,F3,P18,K0060,1,0.0
B101258,2025-06-11,F3,P13,K0121,1,0.0
B101259,2025-06-11,F3,P14,K0092,1,0.05
B101260,2025-06-11,F3,P18,K0097,1,0.08
B101261,2025-06-11,F3,P09,K0095,2,0.0
B101262,2025-06-11,F4,P18,K0156,1,0.1
B101263,2025-06-12,F1,P02,K0027,1,0.0
B101264,2025-06-12,F1,P12,K0034,2,0.1
B101265,2025-06-12,F1,P12,K0045,2,0.0
B101266,2025-06-12,F1,P11,K0015,3,0.0
B101267,2025-06-12,F1,P17,K0157,1,0.0
B101268,2025-06-12,F1,P12,K0016,2,0.0
B101269,2025-06-12,F1,P04,K0026,1,0.08
B101270,2025-06-12,F2,P11,K0048,2,0.2
B101271,2025-06-12,F2,P18,K0047,1,0.2
B101272,2025-06-12,F3,P14,K0127,2,0.0
B101273,2025-06-12,F3,P08,K0090,3,0.1
B101274,2025-06-12,F4,P02,K0148,1,0.05
B101275,2025-06-12,F4,P08,K0148,2,0.1
B101276,2025-06-12,F4,P17,K0156,1,0.05
B101277,2025-06-13,F1,P17,K0022,1,0.1
B101278,2025-06-13,F1,P06,K0040,1,0.1
B101279,2025-06-13,F1,P06,K0029,1,0.0
B101280,2025-06-13,F2,P04,K0071,1,0.2
B101281,2025-06-13,F2,P16,K0058,1,0.15
B101282,2025-06-13,F2,P09,K0050,3,0.2
B101283,2025-06-13,F2,P09,K0071,3,0.15
B101284,2025-06-13,F2,P16,K0047,1,0.2
B101285,2025-06-13,F2,P12,K0048,2,0.2
B101286,2025-06-13,F3,P17,K0130,1,0.03
B101287,2025-06-13,F3,P15,K0134,2,0.0
B101288,2025-06-13,F3,P17,K0132,1,0.03
B101289,2025-06-13,F3,P18,K0113,1,0.0
B101290,2025-06-13,F3,P01,K0129,1,0.03
B101291,2025-06-13,F4,P10,K0159,3,0.08
B101292,2025-06-13,F4,P17,K0156,1,0.0
B101293,2025-06-13,F4,P16,K0146,1,0.0
B101294,2025-06-14,F1,P18,K0039,1,0.1
B101295,2025-06-14,F1,P11,K0044,2,0.1
B101296,2025-06-14,F1,P08,K0021,3,0.0
B101297,2025-06-14,F1,P12,K0043,1,0.05
B101298,2025-06-14,F2,P12,K0051,2,0.2
B101299,2025-06-14,F2,P13,K0055,2,0.2
B101300,2025-06-14,F2,P18,K0047,1,0.25
B101301,2025-06-14,F2,P14,K0048,1,0.2
B101302,2025-06-14,F2,P10,K0154,1,0.2
B101303,2025-06-14,F2,P03,K0076,1,0.15
B101304,2025-06-14,F2,P10,K0049,1,0.15
B101305,2025-06-14,F2,P01,K0051,1,0.25
B101306,2025-06-14,F3,P15,K0119,2,0.1
B101307,2025-06-14,F3,P13,K0097,2,0.1
B101308,2025-06-14,F3,P01,K0130,1,0.1
B101309,2025-06-14,F3,P10,K0129,1,0.0
B101310,2025-06-14,F3,P01,K0129,1,0.0
B101311,2025-06-14,F3,P15,K0105,2,0.0
B101312,2025-06-14,F4,P11,K0136,3,0.0
B101313,2025-06-14,F4,P15,K0015,1,0.1
B101314,2025-06-16,F1,P18,K0010,1,0.1
B101315,2025-06-16,F1,P16,K0001,1,0.05
B101316,2025-06-16,F1,P16,K0032,1,0.1
B101317,2025-06-16,F2,P12,K0074,3,0.25
B101318,2025-06-16,F3,P11,K0092,3,0.03
B101319,2025-06-16,F3,P15,K0099,1,0.03
B101320,2025-06-16,F3,P05,K0134,1,0.0
B101321,2025-06-16,F3,P09,K0121,2,0.0
B101322,2025-06-16,F3,P06,K0102,1,0.0
B101323,2025-06-16,F4,P13,K0139,1,0.08
B101324,2025-06-17,F1,P16,K0003,1,0.05
B101325,2025-06-17,F1,P11,K0040,1,0.08
B101326,2025-06-17,F1,P15,K0025,1,0.05
B101327,2025-06-17,F2,P03,K0050,1,0.25
B101328,2025-06-17,F2,P13,K0077,1,0.15
B101329,2025-06-17,F2,P18,K0071,1,0.15
B101330,2025-06-17,F3,P16,K0087,1,0.05
B101331,2025-06-17,F3,P11,K0118,1,0.05
B101332,2025-06-17,F3,P16,K0125,1,0.05
B101333,2025-06-17,F3,P06,K0086,1,0.05
B101334,2025-06-17,F4,P14,K0144,1,0.0
B101335,2025-06-17,F4,P05,K0144,1,0.0
B101336,2025-06-17,F4,P12,K0131,1,0.0
B101337,2025-06-18,F1,P11,K0014,3,0.03
B101338,2025-06-18,F1,P18,K0002,1,0.0
B101339,2025-06-18,F1,P15,K0006,1,0.0
B101340,2025-06-18,F2,P14,K0059,2,0.2
B101341,2025-06-18,F3,P11,K0133,2,0.05
B101342,2025-06-18,F3,P10,K0116,3,0.05
B101343,2025-06-18,F3,P09,K0030,3,0.0
B101344,2025-06-18,F4,P16,K0155,1,0.0
B101345,2025-06-19,F1,P08,K0043,3,0.1
B101346,2025-06-19,F1,P02,K0026,1,0.08
B101347,2025-06-19,F1,P02,K0013,1,0.03
B101348,2025-06-19,F1,P01,K0007,1,0.1
B101349,2025-06-19,F2,P09,K0049,1,0.15
B101350,2025-06-19,F2,P06,K0078,1,0.2
B101351,2025-06-19,F2,P14,K0071,2,0.2
B101352,2025-06-19,F3,P15,K0094,1,0.05
B101353,2025-06-19,F3,P18,K0109,1,0.0
B101354,2025-06-19,F3,P08,K0104,3,0.1
B101355,2025-06-19,F3,P13,K0105,1,0.0
B101356,2025-06-19,F4,P12,K0077,2,0.0
B101357,2025-06-20,F1,P06,K0013,1,0.05
B101358,2025-06-20,F1,P15,K0032,1,0.08
B101359,2025-06-20,F1,P02,K0033,1,0.0
B101360,2025-06-20,F1,P12,K0020,1,0.03
B101361,2025-06-20,F1,P14,K0018,1,0.1
B101362,2025-06-20,F2,P12,K0071,2,0.2
B101363,2025-06-20,F2,P18,K0057,1,0.2
B101364,2025-06-20,F2,P10,K0065,1,0.2
B101365,2025-06-20,F2,P16,K0121,1,0.25
B101366,2025-06-20,F3,P15,K0117,2,0.05
B101367,2025-06-20,F4,P18,K0160,1,0.05
B101368,2025-06-20,F4,P05,K0022,1,0.1
B101369,2025-06-20,F4,P17,K0137,1,0.0
B101370,2025-06-20,F4,P17,K0147,1,0.05
B101371,2025-06-21,F1,P06,K0137,1,0.05
B101372,2025-06-21,F1,P14,K0102,2,0.0
B101373,2025-06-21,F1,P07,K0013,1,0.0
B101374,2025-06-21,F1,P08,K0038,3,0.03
B101375,2025-06-21,F2,P15,K0032,1,0.15
B101376,2025-06-21,F2,P12,K0061,1,0.25
B101377,2025-06-21,F2,P04,K0051,1,0.2
B101378,2025-06-21,F3,P17,K0130,1,0.0
B101379,2025-06-21,F3,P11,K0111,3,0.0
B101380,2025-06-21,F4,P17,K0147,1,0.03
B101381,2025-06-21,F4,P09,K0158,1,0.1
B101382,2025-06-23,F1,P01,K0039,1,0.1
B101383,2025-06-23,F1,P15,K0044,1,0.03
B101384,2025-06-23,F1,P12,K0031,3,0.1
B101385,2025-06-23,F1,P13,K0033,2,0.0
B101386,2025-06-23,F2,P13,K0067,2,0.2
B101387,2025-06-23,F2,P14,K0046,1,0.15
B101388,2025-06-23,F2,P11,K0073,2,0.25
B101389,2025-06-23,F2,P17,K0100,1,0.2
B101390,2025-06-23,F3,P15,K0105,1,0.0
B101391,2025-06-23,F3,P09,K0127,3,0.1
B101392,2025-06-23,F3,P14,K0128,1,0.03
B101393,2025-06-23,F3,P10,K0094,1,0.05
B101394,2025-06-23,F3,P10,K0094,3,0.03
B101395,2025-06-23,F4,P10,K0141,3,0.0
B101396,2025-06-23,F4,P08,K0147,1,0.05
B101397,2025-06-23,F4,P02,K0139,1,0.05
B101398,2025-06-23,F4,P09,K0138,1,0.05
B101399,2025-06-24,F1,P09,K0022,3,0.08
B101400,2025-06-24,F2,P01,K0059,1,0.2
B101401,2025-06-24,F3,P11,K0113,2,0.0
B101402,2025-06-24,F3,P11,K0087,1,0.0
B101403,2025-06-24,F3,P08,K0105,1,0.1
B101404,2025-06-24,F3,P12,K0111,3,0.0
B101405,2025-06-24,F3,P06,K0104,1,0.1
B101406,2025-06-24,F3,P02,K0147,1,0.0
B101407,2025-06-24,F3,P18,K0132,1,0.0
B101408,2025-06-24,F3,P08,K0103,1,0.1
B101409,2025-06-24,F3,P06,K0134,1,0.0
B101410,2025-06-24,F4,P12,K0145,2,0.1
B101411,2025-06-25,F1,P16,K0012,1,0.1
B101412,2025-06-25,F1,P11,K0026,1,0.05
B101413,2025-06-25,F1,P11,K0013,2,0.05
B101414,2025-06-25,F1,P08,K0020,3,0.05
B101415,2025-06-25,F1,P14,K0009,2,0.1
B101416,2025-06-25,F1,P09,K0040,2,0.05
B101417,2025-06-25,F2,P18,K0068,1,0.2
B101418,2025-06-25,F2,P04,K0053,1,0.2
B101419,2025-06-25,F2,P02,K0083,1,0.2
B101420,2025-06-25,F2,P01,K0073,1,0.25
B101421,2025-06-25,F3,P18,K0116,1,0.05
B101422,2025-06-25,F3,P05,K0121,1,0.0
B101423,2025-06-25,F3,P02,K0115,1,0.0
B101424,2025-06-25,F4,P06,K0140,1,0.0
B101425,2025-06-25,F4,P08,K0141,3,0.0
B101426,2025-06-26,F1,P17,K0031,1,0.0
B101427,2025-06-26,F1,P15,K0007,1,0.1
B101428,2025-06-26,F1,P01,K0159,1,0.05
B101429,2025-06-26,F1,P18,K0040,1,0.1
B101430,2025-06-26,F2,P16,K0082,1,0.15
B101431,2025-06-26,F3,P12,K0116,3,0.05
B101432,2025-06-26,F3,P16,K0109,1,0.03
B101433,2025-06-26,F3,P01,K0039,1,0.1
B101434,2025-06-26,F4,P11,K0140,3,0.03
B101435,2025-06-27,F2,P11,K0018,2,0.2
B101436,2025-06-27,F2,P09,K0052,1,0.2
B101437,2025-06-27,F2,P14,K0074,1,0.2
B101438,2025-06-27,F3,P01,K0095,1,0.05
B101439,2025-06-27,F3,P02,K0115,1,0.05
B101440,2025-06-27,F3,P01,K0105,1,0.03
B101441,2025-06-27,F3,P08,K0104,1,0.08
B101442,2025-06-27,F4,P06,K0142,1,0.05
B101443,2025-06-27,F4,P08,K0136,1,0.0
B101444,2025-06-27,F4,P01,K0159,1,0.1
B101445,2025-06-28,F1,P01,K0040,1,0.1
B101446,2025-06-28,F1,P11,K0046,3,0.05
B101447,2025-06-28,F1,P18,K0045,1,0.05
B101448,2025-06-28,F2,P17,K0152,1,0.15
B101449,2025-06-28,F2,P10,K0012,2,0.2
B101450,2025-06-28,F2,P09,K0074,1,0.15
B101451,2025-06-28,F2,P08,K0076,1,0.2
B101452,2025-06-28,F2,P02,K0017,1,0.25
B101453,2025-06-28,F3,P08,K0096,3,0.0
B101454,2025-06-28,F3,P04,K0088,1,0.0
B101455,2025-06-28,F3,P18,K0111,1,0.0
B101456,2025-06-28,F3,P04,K0097,1,0.1
B101457,2025-06-28,F4,P08,K0145,1,0.0
B101458,2025-06-28,F4,P13,K0147,1,0.0
B101459,2025-06-30,F1,P01,K0026,1,0.05
B101460,2025-06-30,F1,P09,K0012,1,0.1
B101461,2025-06-30,F1,P01,K0028,1,0.0
B101462,2025-06-30,F2,P18,K0061,1,0.2
B101463,2025-06-30,F3,P12,K0134,2,0.03
B101464,2025-06-30,F3,P16,K0108,1,0.0
B101465,2025-06-30,F3,P05,K0119,1,0.0
B101466,2025-06-30,F4,P13,K0159,2,0.08
B101467,2025-06-30,F4,P12,K0143,2,0.0
B101468,2025-07-01,F1,P03,K0082,1,0.05
B101469,2025-07-01,F1,P16,K0018,1,0.03
B101470,2025-07-01,F1,P12,K0125,1,0.03
B101471,2025-07-01,F1,P09,K0026,1,0.1
B101472,2025-07-01,F2,P04,K0079,1,0.2
B101473,2025-07-01,F2,P07,K0072,1,0.25
B101474,2025-07-01,F2,P06,K0050,1,0.25
B101475,2025-07-01,F3,P08,K0012,1,0.1
B101476,2025-07-01,F3,P06,K0088,1,0.05
B101477,2025-07-01,F4,P05,K0139,1,0.1
B101478,2025-07-01,F4,P09,K0157,1,0.05
B101479,2025-07-02,F1,P08,K0083,2,0.05
B101480,2025-07-02,F1,P05,K0023,1,0.05
B101481,2025-07-02,F2,P14,K0070,2,0.25
B101482,2025-07-02,F2,P18,K0080,1,0.2
B101483,2025-07-02,F2,P15,K0052,2,0.25
B101484,2025-07-02,F3,P18,K0133,1,0.0
B101485,2025-07-02,F3,P13,K0122,1,0.0
B101486,2025-07-02,F3,P12,K0114,3,0.0
B101487,2025-07-02,F3,P03,K0093,1,0.0
B101488,2025-07-02,F3,P10,K0133,1,0.0
B101489,2025-07-02,F3,P08,K0122,3,0.0
B101490,2025-07-02,F3,P16,K0061,1,0.05
B101491,2025-07-02,F4,P15,K0139,1,0.05
B101492,2025-07-03,F1,P18,K0045,1,0.0
B101493,2025-07-03,F1,P11,K0024,3,0.03
B101494,2025-07-03,F1,P12,K0041,2,0.0
B101495,2025-07-03,F2,P18,K0057,1,0.2
B101496,2025-07-03,F2,P12,K0065,1,0.2
B101497,2025-07-03,F3,P12,K0097,1,0.1
B101498,2025-07-03,F3,P14,K0108,1,0.0
B101499,2025-07-03,F3,P06,K0121,1,0.0
B101500,2025-07-03,F3,P08,K0093,2,0.03
B101501,2025-07-03,F3,P11,K0128,2,0.0
B101502,2025-07-03,F4,P08,K0138,2,0.0
B101503,2025-07-04,F1,P03,K0032,1,0.1
B101504,2025-07-04,F1,P10,K0018,1,0.1
B101505,2025-07-04,F2,P01,K0072,1,0.25
B101506,2025-07-04,F2,P11,K0081,3,0.2
B101507,2025-07-04,F3,P01,K0098,1,0.05
B101508,2025-07-04,F3,P10,K0098,1,0.1
B101509,2025-07-04,F3,P16,K0132,1,0.0
B101510,2025-07-04,F3,P08,K0097,1,0.05
B101511,2025-07-04,F4,P18,K0149,1,0.1
B101512,2025-07-04,F4,P11,K0138,3,0.05
B101513,2025-07-05,F1,P07,K0007,1,0.1
B101514,2025-07-05,F1,P17,K0011,1,0.0
B101515,2025-07-05,F2,P11,K0046,2,0.2
B101516,2025-07-05,F2,P06,K0083,1,0.15
B101517,2025-07-05,F2,P05,K0050,1,0.15
B101518,2025-07-05,F2,P01,K0068,1,0.15
B101519,2025-07-05,F2,P05,K0052,1,0.15
B101520,2025-07-05,F3,P10,K0094,3,0.0
B101521,2025-07-05,F3,P09,K0119,3,0.05
B101522,2025-07-05,F3,P17,K0129,1,0.1
B101523,2025-07-05,F3,P13,K0109,2,0.05
B101524,2025-07-05,F3,P17,K0109,1,0.0
B101525,2025-07-05,F4,P18,K0158,1,0.0
B101526,2025-07-05,F4,P12,K0114,2,0.03
B101527,2025-07-07,F1,P11,K0045,2,0.03
B101528,2025-07-07,F1,P11,K0037,1,0.1
B101529,2025-07-07,F2,P17,K0057,1,0.2
B101530,2025-07-07,F2,P11,K0079,1,0.2
B101531,2025-07-07,F2,P10,K0057,3,0.25
B101532,2025-07-07,F2,P11,K0072,1,0.15
B101533,2025-07-07,F3,P02,K0094,1,0.0
B101534,2025-07-07,F3,P08,K0116,1,0.1
B101535,2025-07-07,F3,P17,K0126,1,0.05
B101536,2025-07-07,F3,P11,K0132,1,0.03
B101537,2025-07-07,F3,P08,K0104,3,0.08
B101538,2025-07-07,F3,P13,K0100,1,0.08
B101539,2025-07-07,F3,P16,K0130,1,0.03
B101540,2025-07-07,F4,P15,K0143,2,0.05
B101541,2025-07-07,F4,P12,K0125,3,0.1
B101542,2025-07-07,F4,P09,K0160,1,0.03
B101543,2025-07-08,F1,P18,K0007,1,0.1
B101544,2025-07-08,F1,P10,K0044,3,0.05
B101545,2025-07-08,F1,P04,K0034,1,0.05
B101546,2025-07-08,F1,P17,K0010,1,0.0
B101547,2025-07-08,F1,P15,K0026,1,0.08
B101548,2025-07-08,F1,P10,K0041,2,0.0
B101549,2025-07-08,F1,P11,K0002,1,0.1
B101550,2025-07-08,F2,P16,K0078,1,0.25
B101551,2025-07-08,F2,P06,K0047,1,0.15
B101552,2025-07-08,F3,P17,K0127,1,0.0
B101553,2025-07-08,F4,P16,K0149,1,0.08
B101554,2025-07-08,F4,P06,K0151,1,0.05
B101555,2025-07-08,F4,P08,K0161,2,0.03
B101556,2025-07-09,F1,P08,K0016,2,0.0
B101557,2025-07-09,F1,P18,K0036,1,0.03
B101558,2025-07-09,F1,P16,K0019,1,0.1
B101559,2025-07-09,F1,P11,K0045,3,0.0
B101560,2025-07-09,F2,P04,K0072,1,0.2
B101561,2025-07-09,F2,P08,K0048,2,0.25
B101562,2025-07-09,F3,P12,K0109,1,0.0
B101563,2025-07-10,F1,P16,K0030,1,0.05
B101564,2025-07-10,F1,P05,K0030,1,0.1
B101565,2025-07-10,F1,P17,K0021,1,0.0
B101566,2025-07-10,F2,P13,K0054,2,0.25
B101567,2025-07-10,F2,P08,K0061,1,0.2
B101568,2025-07-10,F3,P09,K0131,3,0.0
B101569,2025-07-10,F3,P08,K0110,1,0.05
B101570,2025-07-11,F1,P09,K0013,1,0.05
B101571,2025-07-11,F2,P09,K0080,1,0.2
B101572,2025-07-11,F2,P04,K0058,1,0.2
B101573,2025-07-11,F2,P06,K0053,1,0.15
B101574,2025-07-11,F2,P15,K0051,1,0.2
B101575,2025-07-11,F3,P05,K0089,1,0.05
B101576,2025-07-11,F3,P17,K0090,1,0.08
B101577,2025-07-11,F3,P15,K0087,1,0.0
B101578,2025-07-11,F4,P08,K0151,1,0.1
B101579,2025-07-11,F4,P17,K0159,1,0.1
B101580,2025-07-12,F1,P17,K0029,1,0.05
B101581,2025-07-12,F1,P07,K0043,1,0.05
B101582,2025-07-12,F1,P05,K0009,1,0.08
B101583,2025-07-12,F1,P09,K0017,1,0.05
B101584,2025-07-12,F2,P08,K0026,2,0.15
B101585,2025-07-12,F2,P08,K0047,1,0.15
B101586,2025-07-12,F2,P06,K0075,1,0.25
B101587,2025-07-12,F2,P12,K0076,1,0.2
B101588,2025-07-12,F2,P03,K0077,1,0.15
B101589,2025-07-12,F2,P16,K0068,1,0.25
B101590,2025-07-12,F2,P04,K0046,1,0.2
B101591,2025-07-12,F3,P12,K0107,1,0.1
B101592,2025-07-12,F3,P03,K0111,1,0.05
B101593,2025-07-12,F3,P11,K0045,1,0.1
B101594,2025-07-12,F3,P09,K0133,2,0.1
B101595,2025-07-12,F3,P08,K0101,1,0.0
B101596,2025-07-12,F3,P11,K0105,3,0.0
B101597,2025-07-12,F4,P13,K0144,2,0.05
B101598,2025-07-12,F4,P08,K0144,3,0.03
B101599,2025-07-14,F1,P08,K0021,1,0.1
B101600,2025-07-14,F1,P17,K0037,1,0.0
B101601,2025-07-14,F2,P14,K0073,2,0.2
B101602,2025-07-14,F2,P08,K0078,2,0.15
B101603,2025-07-14,F2,P04,K0074,1,0.15
B101604,2025-07-14,F2,P09,K0062,1,0.25
B101605,2025-07-14,F3,P08,K0108,2,0.0
B101606,2025-07-14,F3,P15,K0086,2,0.05
B101607,2025-07-14,F3,P08,K0110,1,0.05
B101608,2025-07-14,F4,P06,K0157,1,0.05
B101609,2025-07-14,F4,P11,K0161,2,0.0
B101610,2025-07-14,F4,P09,K0138,2,0.0
B101611,2025-07-14,F4,P10,K0146,1,0.05
B101612,2025-07-15,F2,P16,K0083,1,0.2
B101613,2025-07-15,F2,P13,K0053,2,0.2
B101614,2025-07-15,F2,P11,K0066,1,0.2
B101615,2025-07-15,F2,P16,K0059,1,0.15
B101616,2025-07-15,F3,P12,K0109,1,0.03
B101617,2025-07-15,F3,P02,K0124,1,0.0
B101618,2025-07-15,F3,P08,K0121,3,0.0
B101619,2025-07-15,F4,P09,K0146,2,0.05
B101620,2025-07-15,F4,P04,K0159,1,0.08
B101621,2025-07-16,F1,P12,K0027,2,0.0
B101622,2025-07-16,F1,P11,K0009,3,0.1
B101623,2025-07-16,F1,P04,K0032,1,0.1
B101624,2025-07-16,F1,P17,K0125,1,0.1
B101625,2025-07-16,F1,P09,K0003,2,0.03
B101626,2025-07-16,F2,P01,K0110,1,0.25
B101627,2025-07-16,F2,P18,K0057,1,0.2
B101628,2025-07-16,F2,P18,K0051,1,0.15
B101629,2025-07-16,F3,P01,K0101,1,0.1
B101630,2025-07-16,F3,P10,K0129,3,0.0
B101631,2025-07-16,F4,P14,K0152,2,0.05
B101632,2025-07-16,F4,P14,K0138,1,0.05
B101633,2025-07-17,F1,P17,K0038,1,0.05
B101634,2025-07-17,F1,P08,K0006,1,0.0
B101635,2025-07-17,F1,P11,K0111,3,0.05
B101636,2025-07-17,F1,P15,K0009,1,0.1
B101637,2025-07-17,F2,P15,K0079,2,0.25
B101638,2025-07-17,F2,P01,K0081,1,0.15
B101639,2025-07-17,F2,P16,K0071,1,0.25
B101640,2025-07-17,F3,P16,K0100,1,0.08
B101641,2025-07-17,F3,P02,K0098,1,0.0
B101642,2025-07-17,F3,P15,K0095,2,0.1
B101643,2025-07-17,F4,P14,K0153,2,0.1
B101644,2025-07-18,F1,P14,K0022,2,0.1
B101645,2025-07-18,F2,P16,K0052,1,0.15
B101646,2025-07-18,F2,P06,K0062,1,0.15
B101647,2025-07-18,F2,P15,K0071,1,0.2
B101648,2025-07-18,F3,P01,K0104,1,0.1
B101649,2025-07-18,F3,P09,K0088,1,0.05
B101650,2025-07-18,F3,P18,K0117,1,0.0
B101651,2025-07-18,F3,P12,K0124,3,0.0
B101652,2025-07-18,F4,P15,K0135,2,0.0
B101653,2025-07-18,F4,P05,K0153,1,0.1
B101654,2025-07-19,F1,P11,K0013,1,0.1
B101655,2025-07-19,F1,P08,K0034,1,0.05
B101656,2025-07-19,F1,P14,K0033,2,0.1
B101657,2025-07-19,F2,P08,K0061,2,0.25
B101658,2025-07-19,F2,P17,K0057,1,0.2
B101659,2025-07-19,F3,P15,K0129,1,0.1
B101660,2025-07-19,F3,P02,K0106,1,0.03
B101661,2025-07-19,F3,P17,K0122,1,0.0
B101662,2025-07-19,F3,P18,K0148,1,0.03
B101663,2025-07-19,F3,P11,K0091,1,0.05
B101664,2025-07-19,F4,P17,K0138,1,0.05
B101665,2025-07-21,F1,P11,K0012,2,0.1
B101666,2025-07-21,F1,P11,K0027,2,0.05
B101667,2025-07-21,F1,P12,K0030,1,0.0
B101668,2025-07-21,F2,P11,K0049,2,0.15
B101669,2025-07-21,F2,P09,K0077,1,0.2
B101670,2025-07-21,F3,P06,K0105,1,0.03
B101671,2025-07-21,F3,P15,K0119,2,0.0
B101672,2025-07-21,F3,P16,K0106,1,0.0
B101673,2025-07-21,F3,P10,K0114,2,0.05
B101674,2025-07-21,F3,P08,K0083,1,0.05
B101675,2025-07-21,F3,P16,K0123,1,0.0
B101676,2025-07-21,F3,P09,K0119,3,0.05
B101677,2025-07-21,F4,P18,K0144,1,0.1
B101678,2025-07-22,F1,P09,K0032,2,0.1
B101679,2025-07-22,F1,P16,K0044,1,0.0
B101680,2025-07-22,F1,P02,K0036,1,0.0
B101681,2025-07-22,F1,P07,K0026,1,0.1
B101682,2025-07-22,F2,P08,K0059,1,0.2
B101683,2025-07-22,F2,P04,K0057,1,0.2
B101684,2025-07-22,F2,P03,K0076,1,0.2
B101685,2025-07-22,F3,P09,K0086,2,0.05
B101686,2025-07-22,F3,P11,K0106,1,0.0
B101687,2025-07-22,F3,P10,K0110,3,0.1
B101688,2025-07-22,F3,P10,K0124,1,0.03
B101689,2025-07-22,F4,P12,K0149,1,0.1
B101690,2025-07-22,F4,P18,K0140,1,0.0
B101691,2025-07-22,F4,P12,K0152,1,0.05
B101692,2025-07-22,F4,P18,K0152,1,0.0
B101693,2025-07-23,F1,P01,K0113,1,0.05
B101694,2025-07-23,F2,P04,K0072,1,0.2
B101695,2025-07-23,F2,P10,K0067,3,0.15
B101696,2025-07-23,F2,P13,K0065,1,0.2
B101697,2025-07-23,F3,P08,K0130,1,0.05
B101698,2025-07-23,F3,P14,K0111,2,0.05
B101699,2025-07-23,F3,P11,K0115,3,0.0
B101700,2025-07-23,F4,P02,K0150,1,0.0
B101701,2025-07-23,F4,P15,K0142,1,0.05
B101702,2025-07-24,F1,P18,K0014,1,0.1
B101703,2025-07-24,F1,P13,K0001,2,0.05
B101704,2025-07-24,F1,P15,K0010,1,0.03
B101705,2025-07-24,F1,P16,K0023,1,0.05
B101706,2025-07-24,F2,P15,K0054,1,0.25
B101707,2025-07-24,F2,P10,K0081,3,0.25
B101708,2025-07-24,F3,P03,K0118,1,0.0
B101709,2025-07-24,F3,P16,K0110,1,0.1
B101710,2025-07-24,F3,P17,K0109,1,0.0
B101711,2025-07-24,F3,P13,K0044,2,0.0
B101712,2025-07-24,F4,P16,K0149,1,0.1
B101713,2025-07-24,F4,P09,K0146,2,0.03
B101714,2025-07-24,F4,P09,K0154,1,0.05
B101715,2025-07-25,F1,P17,K0153,1,0.1
B101716,2025-07-25,F1,P17,K0002,1,0.05
B101717,2025-07-25,F1,P15,K0019,2,0.05
B101718,2025-07-25,F1,P12,K0006,2,0.1
B101719,2025-07-25,F2,P10,K0024,2,0.25
B101720,2025-07-25,F2,P06,K0069,1,0.2
B101721,2025-07-25,F2,P12,K0082,3,0.2
B101722,2025-07-26,F1,P09,K0146,3,0.05
B101723,2025-07-26,F1,P05,K0038,1,0.05
B101724,2025-07-26,F1,P11,K0010,2,0.0
B101725,2025-07-26,F1,P05,K0014,1,0.05
B101726,2025-07-26,F1,P04,K0026,1,0.1
B101727,2025-07-26,F2,P01,K0083,1,0.25
B101728,2025-07-26,F2,P09,K0078,3,0.15
B101729,2025-07-26,F2,P01,K0052,1,0.25
B101730,2025-07-26,F3,P06,K0128,1,0.1
B101731,2025-07-26,F3,P05,K0089,1,0.0
B101732,2025-07-26,F3,P02,K0087,1,0.05
B101733,2025-07-26,F3,P01,K0087,1,0.05
B101734,2025-07-26,F3,P10,K0099,1,0.03
B101735,2025-07-26,F3,P12,K0100,2,0.08
B101736,2025-07-28,F1,P10,K0034,2,0.1
B101737,2025-07-28,F1,P05,K0002,1,0.1
B101738,2025-07-28,F2,P09,K0066,1,0.2
B101739,2025-07-28,F2,P18,K0046,1,0.25
B101740,2025-07-28,F2,P12,K0009,2,0.25
B101741,2025-07-28,F3,P12,K0107,2,0.05
B101742,2025-07-28,F3,P02,K0096,1,0.0
B101743,2025-07-28,F3,P16,K0113,1,0.0
B101744,2025-07-28,F4,P07,K0142,1,0.08
B101745,2025-07-28,F4,P11,K0143,1,0.05
B101746,2025-07-28,F4,P01,K0160,1,0.05
B101747,2025-07-29,F1,P14,K0045,1,0.1
B101748,2025-07-29,F1,P05,K0020,1,0.05
B101749,2025-07-29,F2,P02,K0070,1,0.15
B101750,2025-07-29,F2,P08,K0046,1,0.15
B101751,2025-07-29,F2,P09,K0052,1,0.2
B101752,2025-07-29,F3,P01,K0119,1,0.0
B101753,2025-07-29,F3,P18,K0107,1,0.0
B101754,2025-07-29,F3,P15,K0110,2,0.0
B101755,2025-07-30,F1,P08,K0031,1,0.1
B101756,2025-07-30,F2,P11,K0062,1,0.25
B101757,2025-07-30,F2,P08,K0076,3,0.2
B101758,2025-07-30,F2,P13,K0046,1,0.2
B101759,2025-07-30,F2,P08,K0082,2,0.2
B101760,2025-07-30,F2,P13,K0083,2,0.15
B101761,2025-07-30,F3,P08,K0107,3,0.0
B101762,2025-07-30,F3,P13,K0047,1,0.0
B101763,2025-07-30,F3,P09,K0098,2,0.05
B101764,2025-07-30,F3,P18,K0127,1,0.0
B101765,2025-07-30,F3,P11,K0109,2,0.0
B101766,2025-07-30,F4,P13,K0156,1,0.0
B101767,2025-07-31,F1,P16,K0008,1,0.0
B101768,2025-07-31,F1,P11,K0030,2,0.0
B101769,2025-07-31,F1,P08,K0015,1,0.03
B101770,2025-07-31,F1,P17,K0026,1,0.08
B101771,2025-07-31,F2,P11,K0069,1,0.2
B101772,2025-07-31,F2,P17,K0056,1,0.2
B101773,2025-07-31,F2,P09,K0115,2,0.2
B101774,2025-07-31,F2,P13,K0072,1,0.2
B101775,2025-07-31,F3,P02,K0126,1,0.0
B101776,2025-07-31,F3,P08,K0133,3,0.0
B101777,2025-07-31,F3,P18,K0024,1,0.05
B101778,2025-07-31,F3,P05,K0130,1,0.0
B101779,2025-07-31,F3,P14,K0113,1,0.0
B101780,2025-07-31,F4,P18,K0144,1,0.0
B101781,2025-07-31,F4,P01,K0149,1,0.08
B101782,2025-07-31,F4,P11,K0136,1,0.0
B101783,2025-08-01,F1,P10,K0022,1,0.1
B101784,2025-08-01,F1,P01,K0161,1,0.1
B101785,2025-08-01,F2,P12,K0071,1,0.15
B101786,2025-08-01,F2,P08,K0100,3,0.2
B101787,2025-08-01,F3,P15,K0100,2,0.08
B101788,2025-08-01,F4,P14,K0157,1,0.03
B101789,2025-08-02,F1,P16,K0083,1,0.05
B101790,2025-08-02,F1,P10,K0066,3,0.0
B101791,2025-08-02,F1,P16,K0023,1,0.05
B101792,2025-08-02,F1,P12,K0016,1,0.05
B101793,2025-08-02,F2,P02,K0051,1,0.2
B101794,2025-08-02,F2,P02,K0069,1,0.15
B101795,2025-08-02,F3,P01,K0075,1,0.1
B101796,2025-08-02,F3,P18,K0127,1,0.0
B101797,2025-08-02,F3,P06,K0111,1,0.1
B101798,2025-08-02,F3,P09,K0071,2,0.08
B101799,2025-08-02,F3,P09,K0100,3,0.1
B101800,2025-08-02,F3,P03,K0089,1,0.05
B101801,2025-08-02,F4,P10,K0159,3,0.05
B101802,2025-08-02,F4,P12,K0157,1,0.1
B101803,2025-08-04,F1,P06,K0008,1,0.0
B101804,2025-08-04,F1,P11,K0027,3,0.0
B101805,2025-08-04,F2,P10,K0068,1,0.15
B101806,2025-08-04,F2,P18,K0051,1,0.2
B101807,2025-08-04,F2,P08,K0063,3,0.2
B101808,2025-08-04,F2,P09,K0066,2,0.2
B101809,2025-08-04,F2,P08,K0059,3,0.2
B101810,2025-08-04,F3,P08,K0120,2,0.0
B101811,2025-08-04,F3,P06,K0128,1,0.0
B101812,2025-08-04,F3,P10,K0096,3,0.1
B101813,2025-08-04,F3,P05,K0103,1,0.05
B101814,2025-08-04,F4,P11,K0138,1,0.05
B101815,2025-08-04,F4,P05,K0157,1,0.05
B101816,2025-08-04,F4,P13,K0139,2,0.08
B101817,2025-08-04,F4,P10,K0158,2,0.1
B101818,2025-08-04,F4,P05,K0158,1,0.0
B101819,2025-08-04,F4,P10,K0137,2,0.03
B101820,2025-08-05,F1,P18,K0019,1,0.05
B101821,2025-08-05,F1,P08,K0015,2,0.05
B101822,2025-08-05,F1,P11,K0012,3,0.05
B101823,2025-08-05,F1,P15,K0005,1,0.05
B101824,2025-08-05,F2,P02,K0055,1,0.2
B101825,2025-08-05,F2,P02,K0075,1,0.2
B101826,2025-08-05,F3,P17,K0122,1,0.0
B101827,2025-08-05,F3,P07,K0088,1,0.05
B101828,2025-08-05,F3,P04,K0104,1,0.1
B101829,2025-08-05,F3,P12,K0134,2,0.05
B101830,2025-08-05,F3,P16,K0132,1,0.05
B101831,2025-08-05,F4,P13,K0150,2,0.1
B101832,2025-08-05,F4,P05,K0147,1,0.05
B101833,2025-08-06,F1,P13,K0132,1,0.05
B101834,2025-08-06,F1,P12,K0015,3,0.05
B101835,2025-08-06,F2,P01,K0050,1,0.2
B101836,2025-08-06,F3,P12,K0114,2,0.1
B101837,2025-08-06,F3,P16,K0097,1,0.05
B101838,2025-08-06,F3,P15,K0133,2,0.05
B101839,2025-08-06,F3,P08,K0114,2,0.0
B101840,2025-08-06,F3,P13,K0087,2,0.0
B101841,2025-08-06,F3,P18,K0092,1,0.0
B101842,2025-08-06,F4,P01,K0135,1,0.05
B101843,2025-08-06,F4,P10,K0142,3,0.1
B101844,2025-08-07,F1,P01,K0026,1,0.1
B101845,2025-08-07,F1,P01,K0045,1,0.1
B101846,2025-08-07,F1,P02,K0011,1,0.03
B101847,2025-08-07,F1,P09,K0032,3,0.1
B101848,2025-08-07,F2,P09,K0064,1,0.2
B101849,2025-08-07,F2,P09,K0083,3,0.2
B101850,2025-08-07,F2,P12,K0081,1,0.15
B101851,2025-08-07,F3,P13,K0090,1,0.1
B101852,2025-08-07,F3,P16,K0096,1,0.03
B101853,2025-08-07,F3,P08,K0129,1,0.1
B101854,2025-08-07,F4,P08,K0024,2,0.05
B101855,2025-08-07,F4,P15,K0158,2,0.05
B101856,2025-08-08,F1,P15,K0030,1,0.1
B101857,2025-08-08,F1,P17,K0016,1,0.0
B101858,2025-08-08,F1,P12,K0041,3,0.0
B101859,2025-08-08,F1,P02,K0010,1,0.0
B101860,2025-08-08,F2,P01,K0071,1,0.25
B101861,2025-08-08,F2,P11,K0149,3,0.2
B101862,2025-08-08,F2,P18,K0064,1,0.2
B101863,2025-08-08,F2,P11,K0053,1,0.15
B101864,2025-08-08,F3,P10,K0105,2,0.0
B101865,2025-08-08,F3,P05,K0103,1,0.05
B101866,2025-08-08,F3,P11,K0108,1,0.1
B101867,2025-08-08,F4,P12,K0065,3,0.03
B101868,2025-08-08,F4,P09,K0141,1,0.0
B101869,2025-08-08,F4,P17,K0135,1,0.0
B101870,2025-08-08,F4,P17,K0135,1,0.0
B101871,2025-08-09,F1,P12,K0029,3,0.0
B101872,2025-08-09,F1,P09,K0037,1,0.1
B101873,2025-08-09,F1,P15,K0032,1,0.05
B101874,2025-08-09,F1,P10,K0043,3,0.0
B101875,2025-08-09,F1,P03,K0036,1,0.1
B101876,2025-08-09,F2,P08,K0151,3,0.15
B101877,2025-08-09,F2,P15,K0047,2,0.2
B101878,2025-08-09,F2,P14,K0066,2,0.2
B101879,2025-08-09,F2,P03,K0160,1,0.2
B101880,2025-08-09,F3,P14,K0113,1,0.05
B101881,2025-08-09,F3,P15,K0105,2,0.05
B101882,2025-08-09,F3,P14,K0089,2,0.05
B101883,2025-08-09,F3,P01,K0126,1,0.0
B101884,2025-08-09,F3,P11,K0116,2,0.1
B101885,2025-08-09,F3,P15,K0094,2,0.0
B101886,2025-08-09,F4,P09,K0146,1,0.03
B101887,2025-08-09,F4,P08,K0149,1,0.08
B101888,2025-08-09,F4,P17,K0152,1,0.05
B101889,2025-08-11,F1,P12,K0021,3,0.0
B101890,2025-08-11,F1,P15,K0032,1,0.1
B101891,2025-08-11,F1,P05,K0025,1,0.0
B101892,2025-08-11,F2,P12,K0072,1,0.15
B101893,2025-08-11,F2,P11,K0052,2,0.15
B101894,2025-08-11,F2,P11,K0077,2,0.25
B101895,2025-08-11,F3,P16,K0126,1,0.03
B101896,2025-08-11,F3,P01,K0110,1,0.03
B101897,2025-08-11,F3,P01,K0132,1,0.05
B101898,2025-08-11,F4,P04,K0050,1,0.0
B101899,2025-08-11,F4,P01,K0153,1,0.1
B101900,2025-08-11,F4,P11,K0151,3,0.1
B101901,2025-08-11,F4,P08,K0148,3,0.0
B101902,2025-08-12,F1,P08,K0006,1,0.05
B101903,2025-08-12,F1,P08,K0006,1,0.05
B101904,2025-08-12,F1,P11,K0002,1,0.0
B101905,2025-08-12,F2,P10,K0058,3,0.25
B101906,2025-08-12,F2,P15,K0064,2,0.25
B101907,2025-08-12,F3,P10,K0099,3,0.0
B101908,2025-08-12,F3,P11,K0092,2,0.0
B101909,2025-08-12,F4,P15,K0161,1,0.0
B101910,2025-08-13,F1,P08,K0045,2,0.05
B101911,2025-08-13,F1,P09,K0008,3,0.03
B101912,2025-08-13,F2,P01,K0083,1,0.25
B101913,2025-08-13,F2,P10,K0054,2,0.2
B101914,2025-08-13,F3,P10,K0116,3,0.08
B101915,2025-08-13,F3,P15,K0115,2,0.0
B101916,2025-08-13,F3,P11,K0100,2,0.08
B101917,2025-08-13,F3,P03,K0114,1,0.05
B101918,2025-08-13,F3,P15,K0056,2,0.0
B101919,2025-08-13,F3,P05,K0001,1,0.03
B101920,2025-08-13,F4,P02,K0003,1,0.0
B101921,2025-08-14,F1,P05,K0019,1,0.05
B101922,2025-08-14,F1,P18,K0021,1,0.05
B101923,2025-08-14,F1,P10,K0008,1,0.05
B101924,2025-08-14,F1,P06,K0034,1,0.1
B101925,2025-08-14,F1,P09,K0037,2,0.0
B101926,2025-08-14,F2,P08,K0055,2,0.25
B101927,2025-08-14,F2,P05,K0067,1,0.2
B101928,2025-08-14,F3,P08,K0087,3,0.05
B101929,2025-08-14,F4,P12,K0153,1,0.1
B101930,2025-08-14,F4,P17,K0145,1,0.0
B101931,2025-08-14,F4,P11,K0146,3,0.05
B101932,2025-08-15,F2,P08,K0064,1,0.25
B101933,2025-08-15,F2,P02,K0070,1,0.15
B101934,2025-08-15,F2,P17,K0057,1,0.2
B101935,2025-08-15,F2,P16,K0059,1,0.2
B101936,2025-08-15,F2,P11,K0054,3,0.25
B101937,2025-08-15,F2,P09,K0072,1,0.15
B101938,2025-08-15,F2,P10,K0049,1,0.2
B101939,2025-08-15,F3,P05,K0113,1,0.0
B101940,2025-08-15,F3,P16,K0133,1,0.03
B101941,2025-08-15,F3,P16,K0112,1,0.1
B101942,2025-08-16,F1,P18,K0041,1,0.05
B101943,2025-08-16,F1,P17,K0131,1,0.0
B101944,2025-08-16,F1,P11,K0017,3,0.0
B101945,2025-08-16,F1,P09,K0038,3,0.0
B101946,2025-08-16,F1,P06,K0101,1,0.0
B101947,2025-08-16,F2,P11,K0070,2,0.2
B101948,2025-08-16,F2,P16,K0047,1,0.2
B101949,2025-08-16,F3,P18,K0118,1,0.03
B101950,2025-08-16,F3,P01,K0096,1,0.0
B101951,2025-08-16,F3,P11,K0090,1,0.1
B101952,2025-08-16,F3,P16,K0095,1,0.05
B101953,2025-08-16,F3,P17,K0087,1,0.0
B101954,2025-08-16,F4,P11,K0150,3,0.1
B101955,2025-08-16,F4,P05,K0137,1,0.0
B101956,2025-08-16,F4,P01,K0159,1,0.1
B101957,2025-08-18,F1,P11,K0082,3,0.0
B101958,2025-08-18,F1,P16,K0005,1,0.03
B101959,2025-08-18,F1,P08,K0006,1,0.0
B101960,2025-08-18,F1,P11,K0012,1,0.05
B101961,2025-08-18,F2,P15,K0076,2,0.25
B101962,2025-08-18,F2,P16,K0070,1,0.2
B101963,2025-08-18,F2,P17,K0058,1,0.15
B101964,2025-08-18,F2,P10,K0082,2,0.2
B101965,2025-08-18,F3,P11,K0087,3,0.1
B101966,2025-08-18,F3,P01,K0103,1,0.03
B101967,2025-08-19,F1,P09,K0009,1,0.1
B101968,2025-08-19,F1,P13,K0008,2,0.0
B101969,2025-08-19,F1,P14,K0039,1,0.1
B101970,2025-08-19,F1,P11,K0025,3,0.0
B101971,2025-08-19,F2,P14,K0077,2,0.25
B101972,2025-08-19,F2,P12,K0070,2,0.2
B101973,2025-08-19,F3,P13,K0127,2,0.05
B101974,2025-08-19,F3,P05,K0093,1,0.0
B101975,2025-08-19,F3,P08,K0109,3,0.0
B101976,2025-08-19,F3,P09,K0096,3,0.03
B101977,2025-08-19,F3,P18,K0044,1,0.0
B101978,2025-08-19,F3,P12,K0129,1,0.0
B101979,2025-08-19,F4,P15,K0137,2,0.05
B101980,2025-08-20,F1,P01,K0006,1,0.0
B101981,2025-08-20,F1,P15,K0013,1,0.05
B101982,2025-08-20,F1,P02,K0015,1,0.1
B101983,2025-08-20,F1,P12,K0029,2,0.05
B101984,2025-08-20,F2,P16,K0048,1,0.25
B101985,2025-08-20,F3,P13,K0125,2,0.03
B101986,2025-08-20,F3,P13,K0123,1,0.05
B101987,2025-08-20,F3,P12,K0128,2,0.05
B101988,2025-08-20,F3,P11,K0084,1,0.05
B101989,2025-08-20,F3,P09,K0129,1,0.1
B101990,2025-08-20,F4,P10,K0143,3,0.0
B101991,2025-08-20,F4,P18,K0097,1,0.1
B101992,2025-08-21,F1,P17,K0032,1,0.1
B101993,2025-08-21,F1,P18,K0015,1,0.1
B101994,2025-08-21,F1,P11,K0045,1,0.0
B101995,2025-08-21,F1,P11,K0003,1,0.0
B101996,2025-08-21,F3,P01,K0123,1,0.05
B101997,2025-08-21,F3,P18,K0095,1,0.0
B101998,2025-08-21,F3,P18,K0123,1,0.1
B101999,2025-08-21,F3,P02,K0085,1,0.0
B102000,2025-08-21,F4,P17,K0136,1,0.0
B102001,2025-08-22,F1,P14,K0008,2,0.03
B102002,2025-08-22,F1,P12,K0044,1,0.0
B102003,2025-08-22,F1,P08,K0007,3,0.1
B102004,2025-08-22,F2,P14,K0078,2,0.25
B102005,2025-08-22,F2,P09,K0067,3,0.2
B102006,2025-08-22,F2,P15,K0083,2,0.25
B102007,2025-08-22,F2,P13,K0065,2,0.15
B102008,2025-08-22,F2,P15,K0062,2,0.15
B102009,2025-08-22,F2,P08,K0068,1,0.2
B102010,2025-08-22,F3,P14,K0098,1,0.03
B102011,2025-08-22,F3,P18,K0094,1,0.0
B102012,2025-08-22,F3,P16,K0133,1,0.0
B102013,2025-08-22,F3,P09,K0085,3,0.0
B102014,2025-08-22,F4,P08,K0157,3,0.05
B102015,2025-08-22,F4,P12,K0151,2,0.08
B102016,2025-08-23,F1,P02,K0035,1,0.03
B102017,2025-08-23,F1,P16,K0044,1,0.03
B102018,2025-08-23,F1,P10,K0038,2,0.05
B102019,2025-08-23,F2,P10,K0081,3,0.25
B102020,2025-08-23,F2,P18,K0058,1,0.15
B102021,2025-08-23,F2,P08,K0073,3,0.15
B102022,2025-08-23,F3,P11,K0115,3,0.05
B102023,2025-08-23,F3,P16,K0123,1,0.05
B102024,2025-08-23,F3,P01,K0099,1,0.1
B102025,2025-08-23,F3,P08,K0091,3,0.1
B102026,2025-08-23,F4,P16,K0142,1,0.05
B102027,2025-08-23,F4,P05,K0158,1,0.03
B102028,2025-08-25,F1,P15,K0103,1,0.03
B102029,2025-08-25,F1,P12,K0022,2,0.08
B102030,2025-08-25,F1,P08,K0006,1,0.05
B102031,2025-08-25,F1,P11,K0027,2,0.1
B102032,2025-08-25,F2,P10,K0069,3,0.2
B102033,2025-08-25,F2,P14,K0061,1,0.15
B102034,2025-08-25,F2,P16,K0083,1,0.25
B102035,2025-08-25,F2,P11,K0074,1,0.2
B102036,2025-08-25,F3,P18,K0119,1,0.0
B102037,2025-08-25,F3,P17,K0097,1,0.1
B102038,2025-08-25,F4,P09,K0142,2,0.1
B102039,2025-08-25,F4,P01,K0138,1,0.05
B102040,2025-08-25,F4,P11,K0151,3,0.1
B102041,2025-08-25,F4,P08,K0144,2,0.05
B102042,2025-08-26,F1,P17,K0003,1,0.0
B102043,2025-08-26,F1,P12,K0017,3,0.05
B102044,2025-08-26,F1,P08,K0037,1,0.05
B102045,2025-08-26,F2,P18,K0080,1,0.2
B102046,2025-08-26,F2,P16,K0081,1,0.2
B102047,2025-08-26,F2,P10,K0070,3,0.25
B102048,2025-08-26,F3,P08,K0133,3,0.1
B102049,2025-08-26,F3,P17,K0088,1,0.0
B102050,2025-08-26,F3,P09,K0093,3,0.0
B102051,2025-08-26,F3,P02,K0102,1,0.1
B102052,2025-08-27,F1,P01,K0040,1,0.08
B102053,2025-08-27,F1,P16,K0040,1,0.1
B102054,2025-08-27,F1,P06,K0028,1,0.0
B102055,2025-08-27,F1,P03,K0021,1,0.0
B102056,2025-08-27,F1,P12,K0152,3,0.1
B102057,2025-08-27,F1,P16,K0005,1,0.05
B102058,2025-08-27,F1,P04,K0001,1,0.0
B102059,2025-08-27,F2,P03,K0058,1,0.2
B102060,2025-08-27,F2,P08,K0023,3,0.25
B102061,2025-08-27,F2,P13,K0048,1,0.25
B102062,2025-08-27,F2,P14,K0065,1,0.2
B102063,2025-08-27,F3,P04,K0104,1,0.1
B102064,2025-08-27,F3,P15,K0085,1,0.0
B102065,2025-08-27,F3,P08,K0115,3,0.0
B102066,2025-08-27,F3,P16,K0114,1,0.1
B102067,2025-08-27,F4,P03,K0144,1,0.0
B102068,2025-08-28,F1,P09,K0030,2,0.0
B102069,2025-08-28,F1,P05,K0012,1,0.1
B102070,2025-08-28,F1,P13,K0032,1,0.1
B102071,2025-08-28,F1,P12,K0081,3,0.0
B102072,2025-08-28,F1,P18,K0015,1,0.0
B102073,2025-08-28,F1,P18,K0015,1,0.1
B102074,2025-08-28,F1,P04,K0016,1,0.1
B102075,2025-08-28,F2,P14,K0049,2,0.15
B102076,2025-08-28,F2,P16,K0056,1,0.15
B102077,2025-08-28,F3,P14,K0127,1,0.03
B102078,2025-08-28,F3,P18,K0130,1,0.0
B102079,2025-08-28,F4,P08,K0147,2,0.03
B102080,2025-08-28,F4,P12,K0157,2,0.05
B102081,2025-08-28,F4,P01,K0153,1,0.1
B102082,2025-08-29,F1,P15,K0037,1,0.0
B102083,2025-08-29,F1,P01,K0034,1,0.1
B102084,2025-08-29,F1,P03,K0015,1,0.05
B102085,2025-08-29,F1,P17,K0003,1,0.0
B102086,2025-08-29,F2,P06,K0082,1,0.25
B102087,2025-08-29,F2,P18,K0055,1,0.25
B102088,2025-08-29,F2,P15,K0080,1,0.2
B102089,2025-08-29,F2,P09,K0070,1,0.25
B102090,2025-08-29,F3,P16,K0160,1,0.05
B102091,2025-08-29,F3,P13,K0109,1,0.0
B102092,2025-08-29,F4,P04,K0159,1,0.1
B102093,2025-08-30,F1,P18,K0003,1,0.0
B102094,2025-08-30,F1,P02,K0013,1,0.0
B102095,2025-08-30,F1,P18,K0021,1,0.1
B102096,2025-08-30,F2,P13,K0078,1,0.2
B102097,2025-08-30,F2,P15,K0062,2,0.15
B102098,2025-08-30,F2,P10,K0083,1,0.2
B102099,2025-08-30,F2,P10,K0064,3,0.2
B102100,2025-08-30,F2,P13,K0047,1,0.2
B102101,2025-08-30,F2,P08,K0068,2,0.15
B102102,2025-08-30,F3,P17,K0127,1,0.0
B102103,2025-08-30,F3,P12,K0129,3,0.0
B102104,2025-08-30,F3,P18,K0088,1,0.05
B102105,2025-08-30,F3,P09,K0120,2,0.05
B102106,2025-08-30,F4,P09,K0021,3,0.1
B102107,2025-09-01,F1,P08,K0034,1,0.05
B102108,2025-09-01,F2,P11,K0077,1,0.2
B102109,2025-09-01,F3,P18,K0114,1,0.1
B102110,2025-09-02,F1,P10,K0008,2,0.0
B102111,2025-09-02,F2,P17,K0083,1,0.15
B102112,2025-09-02,F2,P11,K0073,1,0.15
B102113,2025-09-02,F2,P16,K0098,1,0.2
B102114,2025-09-02,F2,P06,K0064,1,0.2
B102115,2025-09-02,F4,P09,K0079,3,0.0
B102116,2025-09-02,F4,P05,K0013,1,0.0
B102117,2025-09-02,F4,P17,K0142,1,0.05
B102118,2025-09-03,F1,P08,K0040,1,0.05
B102119,2025-09-03,F2,P04,K0046,1,0.25
B102120,2025-09-03,F2,P07,K0064,1,0.2
B102121,2025-09-03,F2,P18,K0052,1,0.25
B102122,2025-09-03,F3,P18,K0119,1,0.1
B102123,2025-09-03,F3,P10,K0134,2,0.05
B102124,2025-09-03,F4,P13,K0145,2,0.0
B102125,2025-09-04,F1,P13,K0033,2,0.0
B102126,2025-09-04,F1,P06,K0003,1,0.05
B102127,2025-09-04,F1,P11,K0043,3,0.0
B102128,2025-09-04,F2,P10,K0050,2,0.15
B102129,2025-09-04,F2,P01,K0077,1,0.15
B102130,2025-09-04,F3,P03,K0119,1,0.05
B102131,2025-09-04,F3,P08,K0120,2,0.03
B102132,2025-09-04,F3,P12,K0122,3,0.03
B102133,2025-09-04,F3,P12,K0114,3,0.0
B102134,2025-09-04,F3,P08,K0118,2,0.03
B102135,2025-09-05,F2,P18,K0099,1,0.25
B102136,2025-09-05,F2,P09,K0079,1,0.15
B102137,2025-09-05,F3,P18,K0108,1,0.05
B102138,2025-09-05,F3,P12,K0090,1,0.1
B102139,2025-09-05,F4,P08,K0144,2,0.05
B102140,2025-09-05,F4,P18,K0144,1,0.0
B102141,2025-09-05,F4,P10,K0153,1,0.1
B102142,2025-09-06,F1,P17,K0002,1,0.1
B102143,2025-09-06,F1,P08,K0040,3,0.1
B102144,2025-09-06,F1,P17,K0002,1,0.03
B102145,2025-09-06,F3,P17,K0091,1,0.1
B102146,2025-09-06,F3,P16,K0119,1,0.0
B102147,2025-09-06,F3,P01,K0114,1,0.1
B102148,2025-09-06,F4,P08,K0044,1,0.03
B102149,2025-09-06,F4,P01,K0017,1,0.05
B102150,2025-09-08,F1,P10,K0040,1,0.1
B102151,2025-09-08,F1,P17,K0026,1,0.08
B102152,2025-09-08,F1,P15,K0001,1,0.0
B102153,2025-09-08,F1,P18,K0041,1,0.0
B102154,2025-09-08,F1,P15,K0006,2,0.03
B102155,2025-09-08,F1,P15,K0015,2,0.0
B102156,2025-09-08,F2,P04,K0073,1,0.25
B102157,2025-09-08,F2,P11,K0068,2,0.2
B102158,2025-09-08,F2,P12,K0068,1,0.2
B102159,2025-09-08,F2,P18,K0047,1,0.25
B102160,2025-09-08,F3,P02,K0003,1,0.05
B102161,2025-09-08,F3,P12,K0118,1,0.0
B102162,2025-09-08,F4,P01,K0148,1,0.1
B102163,2025-09-09,F1,P16,K0038,1,0.0
B102164,2025-09-09,F2,P08,K0078,2,0.25
B102165,2025-09-09,F2,P11,K0054,2,0.2
B102166,2025-09-09,F3,P14,K0033,1,0.0
B102167,2025-09-09,F3,P18,K0112,1,0.1
B102168,2025-09-10,F1,P08,K0028,3,0.03
B102169,2025-09-10,F1,P16,K0044,1,0.0
B102170,2025-09-10,F2,P05,K0078,1,0.15
B102171,2025-09-10,F2,P08,K0061,2,0.2
B102172,2025-09-10,F2,P01,K0049,1,0.2
B102173,2025-09-10,F2,P12,K0069,2,0.2
B102174,2025-09-10,F2,P03,K0074,1,0.2
B102175,2025-09-10,F2,P09,K0070,1,0.2
B102176,2025-09-10,F3,P12,K0100,1,0.1
B102177,2025-09-10,F3,P06,K0121,1,0.0
B102178,2025-09-10,F3,P16,K0107,1,0.05
B102179,2025-09-10,F4,P01,K0161,1,0.05
B102180,2025-09-11,F1,P12,K0032,3,0.1
B102181,2025-09-11,F3,P05,K0130,1,0.0
B102182,2025-09-11,F3,P12,K0127,1,0.03
B102183,2025-09-11,F3,P18,K0101,1,0.03
B102184,2025-09-11,F3,P10,K0098,1,0.0
B102185,2025-09-11,F3,P01,K0127,1,0.05
B102186,2025-09-11,F4,P18,K0148,1,0.05
B102187,2025-09-12,F1,P13,K0007,1,0.1
B102188,2025-09-12,F1,P08,K0039,2,0.08
B102189,2025-09-12,F1,P09,K0040,1,0.1
B102190,2025-09-12,F2,P18,K0056,1,0.2
B102191,2025-09-12,F2,P08,K0076,3,0.25
B102192,2025-09-12,F2,P06,K0069,1,0.2
B102193,2025-09-12,F3,P14,K0086,2,0.0
B102194,2025-09-12,F4,P18,K0153,1,0.08
B102195,2025-09-12,F4,P09,K0156,1,0.0
B102196,2025-09-13,F1,P05,K0002,1,0.03
B102197,2025-09-13,F1,P14,K0034,1,0.1
B102198,2025-09-13,F1,P13,K0006,2,0.03
B102199,2025-09-13,F2,P08,K0050,2,0.2
B102200,2025-09-13,F2,P16,K0047,1,0.2
B102201,2025-09-13,F2,P08,K0055,2,0.2
B102202,2025-09-13,F2,P08,K0052,3,0.25
B102203,2025-09-13,F2,P11,K0073,2,0.2
B102204,2025-09-13,F2,P14,K0040,1,0.25
B102205,2025-09-13,F3,P15,K0130,2,0.05
B102206,2025-09-13,F3,P11,K0113,3,0.05
B102207,2025-09-13,F3,P12,K0130,1,0.03
B102208,2025-09-13,F3,P11,K0119,3,0.0
B102209,2025-09-13,F3,P03,K0096,1,0.05
B102210,2025-09-13,F3,P16,K0107,1,0.0
B102211,2025-09-13,F4,P05,K0150,1,0.05
B102212,2025-09-13,F4,P10,K0154,2,0.05
B102213,2025-09-13,F4,P18,K0150,1,0.05
B102214,2025-09-13,F4,P17,K0141,1,0.03
B102215,2025-09-15,F1,P08,K0035,1,0.0
B102216,2025-09-15,F2,P13,K0059,2,0.15
B102217,2025-09-15,F2,P17,K0151,1,0.25
B102218,2025-09-15,F3,P16,K0117,1,0.0
B102219,2025-09-15,F3,P12,K0112,1,0.1
B102220,2025-09-15,F4,P10,K0159,1,0.08
B102221,2025-09-15,F4,P08,K0146,3,0.1
B102222,2025-09-16,F2,P18,K0057,1,0.15
B102223,2025-09-16,F2,P05,K0056,1,0.2
B102224,2025-09-16,F2,P16,K0064,1,0.2
B102225,2025-09-16,F2,P01,K0079,1,0.15
B102226,2025-09-16,F3,P15,K0134,2,0.0
B102227,2025-09-16,F3,P08,K0105,3,0.1
B102228,2025-09-16,F4,P06,K0144,1,0.1
B102229,2025-09-16,F4,P09,K0161,1,0.05
B102230,2025-09-17,F1,P02,K0025,1,0.1
B102231,2025-09-17,F1,P17,K0020,1,0.05
B102232,2025-09-17,F1,P14,K0037,2,0.05
B102233,2025-09-17,F1,P02,K0039,1,0.1
B102234,2025-09-17,F2,P10,K0079,2,0.2
B102235,2025-09-17,F3,P18,K0098,1,0.0
B102236,2025-09-17,F3,P07,K0118,1,0.03
B102237,2025-09-17,F3,P16,K0086,1,0.05
B102238,2025-09-17,F4,P16,K0144,1,0.0
B102239,2025-09-17,F4,P16,K0074,1,0.03
B102240,2025-09-17,F4,P05,K0154,1,0.1
B102241,2025-09-17,F4,P09,K0148,2,0.0
B102242,2025-09-18,F1,P06,K0014,1,0.05
B102243,2025-09-18,F1,P15,K0155,2,0.0
B102244,2025-09-18,F1,P16,K0016,1,0.03
B102245,2025-09-18,F2,P02,K0058,1,0.2
B102246,2025-09-18,F2,P12,K0075,1,0.15
B102247,2025-09-18,F3,P08,K0153,2,0.1
B102248,2025-09-18,F3,P09,K0117,2,0.1
B102249,2025-09-18,F4,P08,K0139,3,0.1
B102250,2025-09-19,F1,P14,K0010,2,0.05
B102251,2025-09-19,F1,P01,K0063,1,0.0
B102252,2025-09-19,F1,P04,K0040,1,0.05
B102253,2025-09-19,F1,P18,K0043,1,0.0
B102254,2025-09-19,F2,P16,K0047,1,0.2
B102255,2025-09-19,F2,P18,K0056,1,0.2
B102256,2025-09-19,F2,P06,K0074,1,0.25
B102257,2025-09-19,F2,P09,K0072,1,0.25
B102258,2025-09-19,F3,P09,K0111,3,0.1
B102259,2025-09-19,F3,P16,K0128,1,0.0
B102260,2025-09-19,F4,P14,K0073,2,0.03
B102261,2025-09-20,F1,P18,K0018,1,0.0
B102262,2025-09-20,F1,P08,K0023,3,0.0
B102263,2025-09-20,F1,P05,K0045,1,0.05
B102264,2025-09-20,F2,P09,K0073,2,0.2
B102265,2025-09-20,F2,P06,K0064,1,0.2
B102266,2025-09-20,F2,P09,K0067,1,0.2
B102267,2025-09-20,F3,P10,K0126,2,0.05
B102268,2025-09-20,F3,P09,K0092,3,0.0
B102269,2025-09-20,F3,P16,K0119,1,0.05
B102270,2025-09-20,F3,P17,K0126,1,0.1
B102271,2025-09-20,F3,P15,K0114,2,0.03
B102272,2025-09-20,F4,P09,K0151,3,0.05
B102273,2025-09-20,F4,P08,K0160,2,0.1
B102274,2025-09-22,F1,P01,K0043,1,0.05
B102275,2025-09-22,F1,P08,K0096,2,0.05
B102276,2025-09-22,F2,P12,K0014,3,0.2
B102277,2025-09-22,F2,P10,K0057,3,0.2
B102278,2025-09-22,F3,P16,K0089,1,0.0
B102279,2025-09-22,F4,P18,K0154,1,0.05
B102280,2025-09-23,F1,P08,K0133,3,0.0
B102281,2025-09-23,F1,P01,K0083,1,0.05
B102282,2025-09-23,F1,P05,K0012,1,0.1
B102283,2025-09-23,F1,P08,K0009,1,0.1
B102284,2025-09-23,F2,P11,K0049,3,0.2
B102285,2025-09-23,F3,P10,K0099,3,0.0
B102286,2025-09-23,F3,P17,K0133,1,0.0
B102287,2025-09-24,F1,P12,K0041,2,0.03
B102288,2025-09-24,F1,P08,K0002,3,0.0
B102289,2025-09-24,F1,P05,K0001,1,0.0
B102290,2025-09-24,F2,P07,K0079,1,0.2
B102291,2025-09-24,F2,P06,K0076,1,0.2
B102292,2025-09-24,F2,P07,K0069,1,0.2
B102293,2025-09-24,F3,P07,K0113,1,0.0
B102294,2025-09-24,F3,P18,K0128,1,0.05
B102295,2025-09-24,F3,P11,K0096,3,0.0
B102296,2025-09-24,F3,P02,K0129,1,0.1
B102297,2025-09-24,F4,P11,K0136,2,0.05
B102298,2025-09-25,F1,P12,K0038,3,0.03
B102299,2025-09-25,F2,P12,K0049,1,0.25
B102300,2025-09-25,F2,P08,K0075,3,0.2
B102301,2025-09-25,F2,P11,K0062,1,0.2
B102302,2025-09-25,F2,P12,K0066,2,0.25
B102303,2025-09-25,F3,P03,K0011,1,0.03
B102304,2025-09-25,F3,P10,K0060,3,0.1
B102305,2025-09-25,F4,P12,K0140,3,0.0
B102306,2025-09-25,F4,P03,K0149,1,0.1
B102307,2025-09-26,F1,P09,K0011,2,0.05
B102308,2025-09-26,F1,P14,K0029,2,0.05
B102309,2025-09-26,F2,P13,K0076,1,0.2
B102310,2025-09-26,F2,P09,K0064,3,0.15
B102311,2025-09-26,F3,P16,K0094,1,0.05
B102312,2025-09-26,F3,P04,K0085,1,0.05
B102313,2025-09-26,F3,P05,K0109,1,0.0
B102314,2025-09-26,F4,P16,K0148,1,0.1
B102315,2025-09-27,F1,P15,K0010,1,0.05
B102316,2025-09-27,F1,P01,K0005,1,0.0
B102317,2025-09-27,F2,P08,K0048,1,0.25
B102318,2025-09-27,F2,P12,K0081,1,0.2
B102319,2025-09-27,F2,P02,K0072,1,0.25
B102320,2025-09-27,F2,P01,K0067,1,0.2
B102321,2025-09-27,F3,P02,K0088,1,0.03
B102322,2025-09-27,F4,P05,K0160,1,0.05
B102323,2025-09-29,F1,P15,K0009,2,0.08
B102324,2025-09-29,F2,P06,K0049,1,0.15
B102325,2025-09-29,F3,P16,K0086,1,0.03
B102326,2025-09-29,F3,P11,K0132,2,0.1
B102327,2025-09-29,F3,P16,K0109,1,0.0
B102328,2025-09-29,F3,P06,K0133,1,0.0
B102329,2025-09-29,F3,P09,K0133,3,0.0
B102330,2025-09-29,F4,P15,K0154,1,0.08
B102331,2025-09-29,F4,P17,K0146,1,0.0
B102332,2025-09-30,F1,P12,K0007,3,0.05
B102333,2025-09-30,F1,P08,K0022,3,0.1
B102334,2025-09-30,F2,P14,K0074,1,0.15
B102335,2025-09-30,F2,P16,K0080,1,0.15
B102336,2025-09-30,F3,P11,K0050,2,0.0
B102337,2025-09-30,F3,P18,K0092,1,0.0
B102338,2025-09-30,F3,P10,K0085,3,0.0
B102339,2025-09-30,F4,P01,K0115,1,0.0
B102340,2025-09-30,F4,P16,K0146,1,0.0
B102341,2025-10-01,F1,P05,K0013,1,0.05
B102342,2025-10-01,F2,P10,K0054,3,0.2
B102343,2025-10-01,F3,P01,K0110,1,0.05
B102344,2025-10-02,F1,P17,K0044,1,0.0
B102345,2025-10-02,F1,P10,K0004,2,0.05
B102346,2025-10-02,F2,P11,K0068,2,0.2
B102347,2025-10-02,F3,P13,K0115,2,0.1
B102348,2025-10-02,F3,P18,K0107,1,0.0
B102349,2025-10-02,F3,P09,K0102,3,0.0
B102350,2025-10-02,F4,P05,K0138,1,0.0
B102351,2025-10-02,F4,P11,K0148,3,0.0
B102352,2025-10-03,F1,P08,K0006,1,0.0
B102353,2025-10-03,F1,P12,K0003,2,0.05
B102354,2025-10-03,F1,P12,K0012,2,0.1
B102355,2025-10-03,F3,P17,K0100,1,0.05
B102356,2025-10-04,F1,P09,K0010,2,0.0
B102357,2025-10-04,F2,P02,K0070,1,0.2
B102358,2025-10-04,F3,P16,K0089,1,0.05
B102359,2025-10-04,F4,P06,K0151,1,0.05
B102360,2025-10-04,F4,P18,K0148,1,0.05
B102361,2025-10-04,F4,P11,K0141,2,0.0
B102362,2025-10-06,F1,P11,K0039,1,0.08
B102363,2025-10-06,F2,P16,K0067,1,0.15
B102364,2025-10-06,F2,P09,K0067,3,0.25
B102365,2025-10-06,F3,P01,K0111,1,0.0
B102366,2025-10-06,F3,P18,K0109,1,0.1
B102367,2025-10-07,F2,P16,K0052,1,0.25
B102368,2025-10-07,F2,P15,K0077,2,0.2
B102369,2025-10-07,F3,P18,K0086,1,0.03
B102370,2025-10-07,F3,P08,K0120,3,0.1
B102371,2025-10-07,F3,P09,K0139,1,0.1
B102372,2025-10-08,F1,P16,K0011,1,0.05
B102373,2025-10-08,F1,P10,K0033,1,0.0
B102374,2025-10-08,F3,P13,K0120,1,0.03
B102375,2025-10-08,F3,P18,K0101,1,0.1
B102376,2025-10-08,F3,P05,K0119,1,0.1
B102377,2025-10-09,F1,P16,K0039,1,0.1
B102378,2025-10-09,F1,P06,K0021,1,0.03
B102379,2025-10-09,F2,P18,K0048,1,0.2
B102380,2025-10-09,F3,P05,K0089,1,0.0
B102381,2025-10-09,F3,P11,K0101,1,0.0
B102382,2025-10-09,F3,P12,K0005,2,0.1
B102383,2025-10-10,F1,P01,K0045,1,0.0
B102384,2025-10-10,F1,P11,K0027,2,0.05
B102385,2025-10-10,F1,P08,K0043,2,0.0
B102386,2025-10-10,F2,P18,K0058,1,0.2
B102387,2025-10-10,F2,P18,K0077,1,0.2
B102388,2025-10-10,F3,P07,K0128,1,0.05
B102389,2025-10-10,F3,P09,K0085,3,0.05
B102390,2025-10-10,F3,P05,K0121,1,0.0
B102391,2025-10-10,F4,P17,K0156,1,0.05
B102392,2025-10-10,F4,P09,K0139,2,0.05
B102393,2025-10-10,F4,P04,K0152,1,0.05
B102394,2025-10-11,F1,P16,K0035,1,0.03
B102395,2025-10-11,F1,P11,K0012,2,0.1
B102396,2025-10-11,F2,P15,K0073,2,0.2
B102397,2025-10-11,F2,P09,K0133,3,0.2
B102398,2025-10-11,F2,P04,K0049,1,0.25
B102399,2025-10-11,F3,P18,K0088,1,0.05
B102400,2025-10-11,F4,P06,K0155,1,0.0
B102401,2025-10-11,F4,P08,K0155,2,0.1
B102402,2025-10-13,F1,P17,K0045,1,0.0
B102403,2025-10-13,F1,P10,K0038,2,0.1
B102404,2025-10-13,F2,P11,K0053,2,0.2
B102405,2025-10-13,F3,P01,K0086,1,0.0
B102406,2025-10-13,F3,P06,K0086,1,0.0
B102407,2025-10-13,F3,P04,K0087,1,0.03
B102408,2025-10-14,F1,P04,K0030,1,0.05
B102409,2025-10-14,F1,P15,K0018,1,0.0
B102410,2025-10-14,F3,P09,K0089,2,0.1
B102411,2025-10-14,F3,P11,K0105,2,0.0
B102412,2025-10-14,F3,P02,K0137,1,0.0
B102413,2025-10-15,F1,P16,K0020,1,0.1
B102414,2025-10-15,F1,P16,K0043,1,0.05
B102415,2025-10-15,F1,P18,K0019,1,0.0
B102416,2025-10-15,F1,P09,K0020,3,0.03
B102417,2025-10-15,F3,P13,K0113,2,0.05
B102418,2025-10-15,F3,P16,K0103,1,0.05
B102419,2025-10-16,F1,P02,K0026,1,0.1
B102420,2025-10-16,F1,P02,K0041,1,0.0
B102421,2025-10-16,F2,P12,K0118,3,0.2
B102422,2025-10-16,F3,P16,K0091,1,0.05
B102423,2025-10-17,F1,P08,K0019,2,0.0
B102424,2025-10-17,F2,P18,K0057,1,0.2
B102425,2025-10-17,F2,P08,K0046,2,0.2
B102426,2025-10-17,F3,P16,K0084,1,0.0
B102427,2025-10-18,F1,P12,K0001,1,0.0
B102428,2025-10-18,F1,P16,K0021,1,0.0
B102429,2025-10-18,F1,P03,K0025,1,0.05
B102430,2025-10-18,F2,P01,K0073,1,0.2
B102431,2025-10-18,F2,P09,K0138,2,0.2
B102432,2025-10-18,F2,P16,K0048,1,0.15
B102433,2025-10-18,F2,P06,K0056,1,0.25
B102434,2025-10-18,F3,P18,K0084,1,0.0
B102435,2025-10-18,F3,P16,K0107,1,0.0
B102436,2025-10-18,F3,P11,K0108,1,0.0
B102437,2025-10-18,F3,P15,K0131,2,0.03
B102438,2025-10-18,F3,P09,K0107,3,0.0
B102439,2025-10-18,F4,P09,K0138,2,0.05
B102440,2025-10-20,F1,P13,K0013,2,0.03
B102441,2025-10-20,F2,P17,K0050,1,0.15
B102442,2025-10-20,F2,P05,K0058,1,0.25
B102443,2025-10-20,F3,P11,K0063,2,0.0
B102444,2025-10-20,F4,P16,K0140,1,0.05
B102445,2025-10-21,F1,P16,K0003,1,0.03
B102446,2025-10-21,F1,P14,K0008,1,0.0
B102447,2025-10-21,F2,P03,K0050,1,0.2
B102448,2025-10-21,F3,P02,K0087,1,0.05
B102449,2025-10-21,F3,P12,K0111,1,0.05
B102450,2025-10-21,F4,P16,K0140,1,0.0
B102451,2025-10-22,F1,P02,K0010,1,0.0
B102452,2025-10-22,F1,P02,K0012,1,0.08
B102453,2025-10-22,F3,P18,K0101,1,0.05
B102454,2025-10-22,F3,P07,K0093,1,0.05
B102455,2025-10-22,F3,P16,K0091,1,0.05
B102456,2025-10-22,F3,P11,K0117,1,0.0
B102457,2025-10-23,F1,P01,K0011,1,0.03
B102458,2025-10-23,F2,P08,K0063,3,0.15
B102459,2025-10-23,F2,P08,K0052,3,0.2
B102460,2025-10-23,F3,P10,K0084,1,0.0
B102461,2025-10-23,F3,P08,K0084,3,0.1
B102462,2025-10-23,F4,P15,K0158,1,0.0
B102463,2025-10-24,F1,P14,K0009,2,0.08
B102464,2025-10-24,F1,P09,K0024,3,0.05
B102465,2025-10-24,F1,P04,K0021,1,0.0
B102466,2025-10-24,F2,P08,K0050,1,0.2
B102467,2025-10-24,F3,P08,K0130,1,0.05
B102468,2025-10-24,F4,P14,K0161,1,0.0
B102469,2025-10-24,F4,P03,K0148,1,0.05
B102470,2025-10-24,F4,P02,K0154,1,0.08
B102471,2025-10-25,F1,P08,K0006,1,0.03
B102472,2025-10-25,F1,P18,K0026,1,0.08
B102473,2025-10-25,F1,P10,K0032,3,0.1
B102474,2025-10-25,F2,P16,K0080,1,0.2
B102475,2025-10-25,F3,P03,K0096,1,0.0
B102476,2025-10-25,F3,P08,K0098,2,0.03
B102477,2025-10-25,F3,P01,K0101,1,0.05
B102478,2025-10-25,F3,P14,K0105,1,0.03
B102479,2025-10-25,F3,P09,K0127,3,0.05
B102480,2025-10-25,F4,P01,K0148,1,0.03
B102481,2025-10-25,F4,P16,K0135,1,0.1
B102482,2025-10-25,F4,P09,K0147,3,0.0
B102483,2025-10-27,F1,P14,K0017,2,0.1
B102484,2025-10-27,F1,P13,K0007,1,0.1
B102485,2025-10-27,F2,P02,K0065,1,0.25
B102486,2025-10-27,F2,P14,K0073,1,0.2
B102487,2025-10-27,F3,P02,K0116,1,0.08
B102488,2025-10-27,F3,P04,K0099,1,0.0
B102489,2025-10-27,F4,P18,K0153,1,0.1
B102490,2025-10-28,F1,P15,K0031,2,0.05
B102491,2025-10-28,F1,P18,K0016,1,0.03
B102492,2025-10-28,F1,P18,K0002,1,0.0
B102493,2025-10-28,F2,P08,K0050,2,0.15
B102494,2025-10-28,F2,P18,K0080,1,0.15
B102495,2025-10-28,F3,P15,K0107,2,0.03
B102496,2025-10-28,F3,P12,K0110,3,0.03
B102497,2025-10-28,F3,P10,K0124,1,0.0
B102498,2025-10-29,F1,P11,K0029,3,0.1
B102499,2025-10-29,F1,P09,K0009,3,0.08
B102500,2025-10-29,F1,P01,K0015,1,0.0
B102501,2025-10-29,F3,P17,K0132,1,0.0
B102502,2025-10-29,F3,P09,K0111,2,0.05
B102503,2025-10-29,F3,P16,K0084,1,0.05
B102504,2025-10-29,F3,P11,K0022,2,0.1
B102505,2025-10-29,F4,P17,K0154,1,0.05
B102506,2025-10-29,F4,P08,K0155,1,0.0
B102507,2025-10-30,F1,P10,K0036,1,0.05
B102508,2025-10-30,F1,P08,K0086,3,0.05
B102509,2025-10-30,F3,P01,K0119,1,0.05
B102510,2025-10-30,F3,P13,K0100,2,0.1
B102511,2025-10-30,F4,P09,K0137,2,0.1
B102512,2025-10-30,F4,P11,K0147,1,0.05
B102513,2025-10-30,F4,P11,K0147,1,0.05
B102514,2025-10-31,F1,P08,K0027,2,0.0
B102515,2025-10-31,F1,P11,K0040,2,0.1
B102516,2025-10-31,F1,P05,K0006,1,0.03
B102517,2025-10-31,F2,P09,K0068,3,0.2
B102518,2025-10-31,F2,P17,K0066,1,0.2
B102519,2025-10-31,F2,P11,K0053,2,0.2
B102520,2025-10-31,F3,P12,K0091,1,0.0
B102521,2025-10-31,F3,P15,K0128,1,0.0
B102522,2025-10-31,F3,P18,K0132,1,0.0
B102523,2025-10-31,F4,P16,K0160,1,0.05
B102524,2025-11-01,F1,P02,K0131,1,0.05
B102525,2025-11-01,F1,P10,K0011,1,0.1
B102526,2025-11-01,F1,P09,K0045,1,0.03
B102527,2025-11-01,F2,P12,K0051,1,0.2
B102528,2025-11-01,F3,P13,K0041,2,0.1
B102529,2025-11-01,F3,P16,K0084,1,0.0
B102530,2025-11-01,F4,P12,K0137,2,0.1
B102531,2025-11-01,F4,P08,K0149,3,0.08
B102532,2025-11-04,F1,P13,K0121,2,0.0
B102533,2025-11-04,F3,P09,K0087,1,0.0
B102534,2025-11-04,F3,P12,K0095,3,0.0
B102535,2025-11-04,F3,P13,K0090,1,0.1
B102536,2025-11-04,F4,P14,K0139,1,0.08
B102537,2025-11-05,F1,P12,K0044,2,0.0
B102538,2025-11-05,F3,P13,K0098,1,0.0
B102539,2025-11-06,F1,P18,K0039,1,0.05
B102540,2025-11-06,F1,P12,K0020,1,0.05
B102541,2025-11-06,F3,P11,K0093,1,0.03
B102542,2025-11-06,F3,P08,K0084,3,0.05
B102543,2025-11-06,F3,P08,K0099,3,0.03
B102544,2025-11-07,F1,P12,K0042,3,0.1
B102545,2025-11-07,F2,P18,K0071,1,0.2
B102546,2025-11-07,F3,P05,K0132,1,0.03
B102547,2025-11-07,F3,P10,K0095,1,0.05
B102548,2025-11-07,F3,P14,K0095,1,0.0
B102549,2025-11-07,F3,P06,K0084,1,0.0
B102550,2025-11-07,F3,P17,K0116,1,0.1
B102551,2025-11-07,F4,P01,K0140,1,0.05
B102552,2025-11-08,F1,P03,K0022,1,0.1
B102553,2025-11-08,F1,P02,K0038,1,0.05
B102554,2025-11-08,F2,P16,K0067,1,0.25
B102555,2025-11-08,F3,P11,K0112,3,0.05
B102556,2025-11-08,F4,P03,K0146,1,0.0
B102557,2025-11-08,F4,P09,K0142,1,0.1
B102558,2025-11-10,F1,P18,K0018,1,0.0
B102559,2025-11-10,F1,P16,K0043,1,0.0
B102560,2025-11-10,F2,P12,K0036,2,0.15
B102561,2025-11-10,F2,P18,K0049,1,0.25
B102562,2025-11-10,F3,P08,K0111,2,0.0
B102563,2025-11-10,F3,P15,K0032,1,0.08
B102564,2025-11-10,F4,P16,K0144,1,0.0
B102565,2025-11-10,F4,P01,K0157,1,0.03
B102566,2025-11-11,F1,P12,K0002,2,0.03
B102567,2025-11-11,F2,P05,K0059,1,0.2
B102568,2025-11-11,F3,P18,K0095,1,0.1
B102569,2025-11-11,F4,P01,K0150,1,0.03
B102570,2025-11-12,F2,P13,K0060,1,0.2
B102571,2025-11-12,F2,P18,K0057,1,0.25
B102572,2025-11-12,F3,P09,K0089,2,0.1
B102573,2025-11-12,F3,P12,K0117,3,0.03
B102574,2025-11-12,F3,P02,K0131,1,0.0
B102575,2025-11-12,F4,P17,K0149,1,0.08
B102576,2025-11-12,F4,P08,K0158,1,0.0
B102577,2025-11-12,F4,P04,K0139,1,0.1
B102578,2025-11-13,F1,P18,K0036,1,0.0
B102579,2025-11-13,F1,P02,K0042,1,0.1
B102580,2025-11-13,F2,P18,K0048,1,0.2
B102581,2025-11-13,F2,P10,K0052,1,0.2
B102582,2025-11-13,F3,P16,K0102,1,0.0
B102583,2025-11-13,F3,P16,K0129,1,0.03
B102584,2025-11-13,F4,P15,K0120,2,0.1
B102585,2025-11-14,F1,P16,K0024,1,0.03
B102586,2025-11-14,F1,P05,K0004,1,0.0
B102587,2025-11-14,F1,P09,K0019,1,0.05
B102588,2025-11-14,F2,P12,K0063,3,0.15
B102589,2025-11-14,F2,P10,K0061,3,0.15
B102590,2025-11-14,F2,P18,K0052,1,0.15
B102591,2025-11-14,F2,P09,K0093,1,0.15
B102592,2025-11-14,F2,P06,K0067,1,0.2
B102593,2025-11-15,F1,P11,K0002,3,0.1
B102594,2025-11-15,F2,P11,K0058,1,0.25
B102595,2025-11-15,F2,P08,K0066,1,0.2
B102596,2025-11-15,F2,P10,K0087,3,0.2
B102597,2025-11-17,F2,P10,K0050,2,0.2
B102598,2025-11-17,F2,P09,K0083,1,0.25
B102599,2025-11-17,F3,P16,K0133,1,0.05
B102600,2025-11-17,F3,P18,K0119,1,0.1
B102601,2025-11-17,F3,P13,K0099,1,0.1
B102602,2025-11-17,F3,P03,K0096,1,0.05
B102603,2025-11-17,F4,P13,K0148,2,0.0
B102604,2025-11-18,F1,P06,K0015,1,0.0
B102605,2025-11-18,F1,P11,K0021,1,0.0
B102606,2025-11-18,F3,P14,K0158,1,0.0
B102607,2025-11-18,F3,P09,K0124,1,0.05
B102608,2025-11-19,F1,P01,K0019,1,0.0
B102609,2025-11-19,F2,P16,K0057,1,0.25
B102610,2025-11-19,F2,P18,K0073,1,0.2
B102611,2025-11-19,F3,P10,K0121,1,0.03
B102612,2025-11-19,F3,P11,K0131,3,0.0
B102613,2025-11-19,F4,P15,K0156,2,0.05
B102614,2025-11-20,F1,P05,K0001,1,0.0
B102615,2025-11-20,F1,P02,K0035,1,0.0
B102616,2025-11-20,F2,P04,K0055,1,0.15
B102617,2025-11-20,F2,P08,K0052,3,0.25
B102618,2025-11-20,F2,P08,K0082,3,0.15
B102619,2025-11-20,F3,P15,K0104,1,0.1
B102620,2025-11-20,F3,P12,K0111,2,0.05
B102621,2025-11-20,F4,P11,K0158,2,0.03
B102622,2025-11-21,F1,P11,K0032,1,0.1
B102623,2025-11-21,F1,P01,K0105,1,0.05
B102624,2025-11-21,F2,P08,K0079,3,0.15
B102625,2025-11-21,F3,P10,K0100,2,0.08
B102626,2025-11-21,F4,P12,K0146,2,0.0
B102627,2025-11-22,F1,P08,K0027,1,0.0
B102628,2025-11-22,F1,P06,K0013,1,0.0
B102629,2025-11-22,F1,P12,K0014,1,0.03
B102630,2025-11-22,F2,P06,K0057,1,0.2
B102631,2025-11-22,F2,P18,K0046,1,0.2
B102632,2025-11-22,F3,P16,K0116,1,0.1
B102633,2025-11-24,F1,P16,K0022,1,0.1
B102634,2025-11-24,F1,P13,K0008,1,0.1
B102635,2025-11-24,F1,P10,K0003,2,0.05
B102636,2025-11-24,F1,P08,K0011,2,0.03
B102637,2025-11-24,F1,P12,K0011,2,0.1
B102638,2025-11-24,F2,P05,K0072,1,0.2
B102639,2025-11-24,F2,P17,K0104,1,0.2
B102640,2025-11-24,F3,P13,K0118,2,0.0
B102641,2025-11-24,F3,P11,K0112,1,0.08
B102642,2025-11-24,F3,P16,K0132,1,0.0
B102643,2025-11-25,F1,P13,K0007,2,0.1
B102644,2025-11-25,F2,P04,K0067,1,0.2
B102645,2025-11-25,F3,P18,K0090,1,0.1
B102646,2025-11-25,F3,P18,K0089,1,0.05
B102647,2025-11-25,F4,P15,K0136,1,0.05
B102648,2025-11-26,F1,P09,K0007,2,0.1
B102649,2025-11-26,F3,P08,K0134,1,0.1
B102650,2025-11-26,F3,P17,K0095,1,0.0
B102651,2025-11-26,F3,P09,K0112,2,0.05
B102652,2025-11-26,F4,P02,K0151,1,0.1
B102653,2025-11-27,F1,P13,K0003,2,0.0
B102654,2025-11-27,F1,P02,K0028,1,0.0
B102655,2025-11-27,F2,P10,K0074,2,0.15
B102656,2025-11-27,F2,P11,K0080,1,0.15
B102657,2025-11-27,F3,P01,K0117,1,0.0
B102658,2025-11-27,F3,P09,K0105,1,0.03
B102659,2025-11-27,F3,P16,K0080,1,0.0
B102660,2025-11-27,F3,P17,K0100,1,0.05
B102661,2025-11-27,F3,P04,K0100,1,0.1
B102662,2025-11-28,F1,P05,K0044,1,0.05
B102663,2025-11-28,F1,P15,K0008,1,0.0
B102664,2025-11-28,F1,P09,K0038,1,0.03
B102665,2025-11-28,F2,P18,K0050,1,0.2
B102666,2025-11-28,F3,P11,K0109,2,0.0
B102667,2025-11-28,F3,P01,K0089,1,0.03
B102668,2025-11-28,F4,P17,K0154,1,0.05
B102669,2025-11-29,F1,P14,K0026,1,0.08
B102670,2025-11-29,F1,P09,K0003,2,0.05
B102671,2025-11-29,F1,P08,K0025,1,0.0
B102672,2025-11-29,F1,P03,K0044,1,0.0
B102673,2025-11-29,F2,P11,K0108,3,0.2
B102674,2025-12-01,F1,P14,K0026,2,0.08
B102675,2025-12-01,F1,P18,K0034,1,0.1
B102676,2025-12-01,F1,P18,K0041,1,0.0
B102677,2025-12-01,F2,P15,K0065,2,0.2
B102678,2025-12-01,F3,P08,K0118,1,0.03
B102679,2025-12-01,F3,P12,K0131,3,0.05
B102680,2025-12-01,F4,P11,K0146,1,0.03
B102681,2025-12-01,F4,P13,K0158,1,0.0
B102682,2025-12-01,F4,P14,K0071,1,0.1
B102683,2025-12-02,F1,P15,K0015,1,0.0
B102684,2025-12-02,F2,P06,K0051,1,0.2
B102685,2025-12-02,F3,P17,K0115,1,0.05
B102686,2025-12-02,F3,P08,K0108,1,0.0
B102687,2025-12-02,F3,P14,K0130,1,0.0
B102688,2025-12-02,F4,P12,K0138,1,0.05
B102689,2025-12-03,F1,P08,K0036,3,0.05
B102690,2025-12-03,F1,P03,K0037,1,0.0
B102691,2025-12-03,F1,P09,K0024,1,0.05
B102692,2025-12-03,F2,P09,K0071,3,0.2
B102693,2025-12-03,F2,P16,K0052,1,0.2
B102694,2025-12-03,F4,P01,K0135,1,0.03
B102695,2025-12-03,F4,P16,K0153,1,0.08
B102696,2025-12-03,F4,P17,K0141,1,0.03
B102697,2025-12-03,F4,P10,K0139,2,0.1
B102698,2025-12-04,F2,P08,K0080,1,0.15
B102699,2025-12-04,F2,P15,K0059,2,0.15
B102700,2025-12-04,F2,P08,K0079,2,0.2
B102701,2025-12-04,F2,P09,K0083,1,0.25
B102702,2025-12-04,F3,P18,K0087,1,0.05
B102703,2025-12-04,F3,P16,K0094,1,0.05
B102704,2025-12-04,F3,P08,K0103,2,0.03
B102705,2025-12-05,F1,P10,K0042,2,0.05
B102706,2025-12-05,F3,P06,K0120,1,0.03
B102707,2025-12-05,F3,P16,K0105,1,0.0
B102708,2025-12-06,F1,P11,K0031,2,0.05
B102709,2025-12-06,F1,P16,K0010,1,0.0
B102710,2025-12-06,F2,P12,K0050,1,0.2
B102711,2025-12-06,F2,P16,K0065,1,0.15
B102712,2025-12-06,F3,P10,K0111,3,0.0
B102713,2025-12-06,F3,P18,K0105,1,0.0
B102714,2025-12-06,F4,P08,K0157,3,0.0
B102715,2025-12-08,F1,P15,K0030,2,0.05
B102716,2025-12-08,F1,P15,K0056,1,0.1
B102717,2025-12-08,F1,P12,K0013,3,0.05
B102718,2025-12-08,F2,P16,K0079,1,0.2
B102719,2025-12-08,F2,P17,K0058,1,0.2
B102720,2025-12-08,F3,P12,K0107,2,0.0
B102721,2025-12-08,F3,P06,K0131,1,0.0
B102722,2025-12-08,F3,P17,K0116,1,0.1
B102723,2025-12-08,F4,P06,K0159,1,0.08
B102724,2025-12-09,F2,P06,K0068,1,0.2
B102725,2025-12-09,F2,P16,K0060,1,0.15
B102726,2025-12-09,F2,P16,K0068,1,0.2
B102727,2025-12-09,F2,P04,K0059,1,0.2
B102728,2025-12-09,F3,P13,K0129,1,0.0
B102729,2025-12-09,F3,P16,K0094,1,0.03
B102730,2025-12-09,F3,P09,K0129,2,0.0
B102731,2025-12-09,F3,P02,K0084,1,0.03
B102732,2025-12-09,F3,P11,K0123,3,0.1
B102733,2025-12-10,F1,P18,K0043,1,0.1
B102734,2025-12-10,F3,P15,K0110,2,0.1
B102735,2025-12-10,F3,P11,K0099,2,0.1
B102736,2025-12-10,F3,P14,K0121,2,0.0
B102737,2025-12-10,F4,P08,K0153,3,0.1
B102738,2025-12-10,F4,P08,K0155,2,0.0
B102739,2025-12-11,F1,P06,K0003,1,0.0
B102740,2025-12-11,F2,P09,K0062,2,0.25
B102741,2025-12-11,F2,P14,K0076,2,0.2
B102742,2025-12-11,F2,P10,K0113,2,0.15
B102743,2025-12-11,F3,P13,K0130,1,0.05
B102744,2025-12-11,F3,P05,K0131,1,0.0
B102745,2025-12-11,F3,P08,K0108,1,0.0
B102746,2025-12-12,F1,P01,K0033,1,0.0
B102747,2025-12-12,F1,P15,K0015,1,0.0
B102748,2025-12-12,F1,P01,K0014,1,0.03
B102749,2025-12-12,F1,P14,K0013,2,0.1
B102750,2025-12-12,F1,P08,K0040,1,0.05
B102751,2025-12-12,F2,P12,K0069,3,0.2
B102752,2025-12-12,F2,P18,K0081,1,0.25
B102753,2025-12-12,F3,P18,K0112,1,0.05
B102754,2025-12-12,F4,P03,K0143,1,0.0
B102755,2025-12-13,F1,P07,K0040,1,0.1
B102756,2025-12-13,F1,P13,K0040,1,0.08
B102757,2025-12-13,F1,P06,K0003,1,0.0
B102758,2025-12-13,F1,P16,K0017,1,0.05
B102759,2025-12-13,F2,P06,K0068,1,0.2
B102760,2025-12-13,F2,P13,K0056,1,0.25
B102761,2025-12-13,F2,P16,K0049,1,0.2
B102762,2025-12-13,F3,P16,K0119,1,0.05
B102763,2025-12-13,F3,P01,K0123,1,0.0
B102764,2025-12-13,F3,P16,K0125,1,0.0
B102765,2025-12-13,F3,P15,K0110,2,0.05
B102766,2025-12-13,F4,P17,K0146,1,0.0
B102767,2025-12-15,F2,P06,K0046,1,0.2
B102768,2025-12-15,F3,P06,K0098,1,0.03
B102769,2025-12-16,F1,P08,K0037,2,0.05
B102770,2025-12-16,F1,P06,K0027,1,0.0
B102771,2025-12-16,F2,P04,K0076,1,0.25
B102772,2025-12-16,F2,P18,K0050,1,0.15
B102773,2025-12-16,F3,P18,K0008,1,0.05
B102774,2025-12-16,F4,P09,K0160,1,0.05
B102775,2025-12-16,F4,P11,K0110,1,0.0
B102776,2025-12-17,F1,P02,K0018,1,0.0
B102777,2025-12-17,F1,P12,K0018,1,0.0
B102778,2025-12-17,F1,P08,K0044,2,0.0
B102779,2025-12-17,F1,P17,K0018,1,0.05
B102780,2025-12-17,F2,P16,K0069,1,0.2
B102781,2025-12-17,F2,P11,K0078,1,0.2
B102782,2025-12-17,F2,P17,K0073,1,0.2
B102783,2025-12-17,F3,P01,K0093,1,0.0
B102784,2025-12-17,F4,P02,K0143,1,0.05
B102785,2025-12-18,F1,P11,K0008,3,0.03
B102786,2025-12-18,F1,P15,K0011,2,0.0
B102787,2025-12-18,F2,P05,K0066,1,0.2
B102788,2025-12-18,F3,P04,K0094,1,0.05
B102789,2025-12-18,F3,P15,K0133,1,0.05
B102790,2025-12-18,F3,P16,K0094,1,0.05
B102791,2025-12-18,F4,P09,K0157,3,0.03
B102792,2025-12-19,F1,P12,K0012,3,0.05
B102793,2025-12-19,F1,P18,K0010,1,0.05
B102794,2025-12-19,F1,P04,K0013,1,0.0
B102795,2025-12-19,F2,P15,K0125,1,0.2
B102796,2025-12-19,F3,P08,K0131,3,0.05
B102797,2025-12-19,F3,P08,K0138,1,0.05
B102798,2025-12-19,F3,P02,K0097,1,0.08
B102799,2025-12-20,F1,P09,K0012,2,0.1
B102800,2025-12-20,F1,P13,K0021,1,0.03
B102801,2025-12-20,F1,P01,K0022,1,0.05
B102802,2025-12-20,F1,P06,K0018,1,0.0
B102803,2025-12-20,F2,P05,K0068,1,0.2
B102804,2025-12-20,F2,P15,K0074,1,0.2
B102805,2025-12-20,F3,P01,K0091,1,0.05
B102806,2025-12-20,F3,P06,K0112,1,0.05
B102807,2025-12-22,F1,P15,K0043,1,0.0
B102808,2025-12-22,F2,P02,K0061,1,0.15
B102809,2025-12-22,F2,P04,K0006,1,0.25
B102810,2025-12-22,F2,P10,K0056,2,0.25
B102811,2025-12-22,F3,P17,K0126,1,0.05
B102812,2025-12-22,F3,P13,K0131,2,0.0
B102813,2025-12-22,F3,P02,K0088,1,0.0
B102814,2025-12-22,F4,P17,K0136,1,0.0
B102815,2025-12-23,F1,P13,K0005,1,0.0
B102816,2025-12-23,F1,P10,K0004,2,0.0
B102817,2025-12-23,F2,P17,K0067,1,0.2
B102818,2025-12-23,F2,P17,K0063,1,0.25
B102819,2025-12-23,F3,P18,K0086,1,0.0
B102820,2025-12-23,F3,P18,K0123,1,0.0
B102821,2025-12-23,F3,P16,K0087,1,0.0
B102822,2025-12-23,F3,P08,K0087,3,0.0
B102823,2025-12-23,F4,P16,K0158,1,0.05
B102824,2025-12-24,F2,P11,K0052,3,0.2
B102825,2025-12-24,F2,P11,K0008,2,0.2
B102826,2025-12-24,F3,P10,K0120,2,0.0
B102827,2025-12-24,F3,P10,K0107,1,0.05
B102828,2025-12-24,F3,P12,K0131,3,0.05
B102829,2025-12-24,F3,P08,K0124,3,0.1
B102830,2025-12-24,F4,P10,K0150,2,0.1
B102831,2025-12-25,F2,P11,K0071,1,0.2
B102832,2025-12-25,F2,P02,K0051,1,0.2
B102833,2025-12-25,F4,P18,K0154,1,0.1
B102834,2025-12-26,F1,P09,K0040,1,0.1
B102835,2025-12-26,F2,P09,K0082,1,0.25
B102836,2025-12-26,F3,P01,K0127,1,0.0
B102837,2025-12-26,F4,P16,K0060,1,0.0
B102838,2025-12-27,F1,P17,K0023,1,0.0
B102839,2025-12-27,F1,P07,K0026,1,0.05
B102840,2025-12-27,F1,P08,K0041,2,0.0
B102841,2025-12-27,F1,P12,K0033,3,0.05
B102842,2025-12-27,F1,P10,K0023,3,0.1
B102843,2025-12-27,F1,P16,K0005,1,0.05
B102844,2025-12-27,F2,P11,K0055,1,0.25
B102845,2025-12-27,F2,P10,K0074,2,0.15
B102846,2025-12-27,F2,P16,K0083,1,0.15
B102847,2025-12-27,F2,P09,K0029,2,0.15
B102848,2025-12-27,F3,P06,K0088,1,0.0
B102849,2025-12-27,F4,P16,K0139,1,0.05
B102850,2025-12-27,F4,P13,K0149,2,0.1
B102851,2025-12-29,F1,P10,K0045,3,0.05
B102852,2025-12-29,F1,P08,K0008,3,0.0
B102853,2025-12-29,F1,P05,K0026,1,0.1
B102854,2025-12-29,F1,P17,K0045,1,0.1
B102855,2025-12-29,F1,P16,K0127,1,0.03
B102856,2025-12-29,F2,P08,K0052,2,0.2
B102857,2025-12-29,F2,P08,K0073,2,0.2
B102858,2025-12-29,F3,P10,K0116,2,0.1
B102859,2025-12-29,F3,P09,K0123,3,0.0
B102860,2025-12-29,F4,P10,K0025,1,0.05
B102861,2025-12-29,F4,P13,K0147,2,0.05
B102862,2025-12-30,F1,P11,K0012,3,0.1
B102863,2025-12-30,F1,P08,K0003,1,0.0
B102864,2025-12-30,F1,P16,K0012,1,0.1
B102865,2025-12-30,F2,P08,K0073,1,0.2
B102866,2025-12-30,F3,P11,K0114,2,0.03
B102867,2025-12-30,F3,P18,K0104,1,0.05
B102868,2025-12-30,F3,P18,K0091,1,0.0
B102869,2025-12-31,F1,P18,K0045,1,0.0
B102870,2025-12-31,F1,P17,K0030,1,0.0
B102871,2025-12-31,F2,P04,K0076,1,0.25
B102872,2025-12-31,F2,P09,K0066,3,0.2
B102873,2025-12-31,F2,P02,K0071,1,0.2
B102874,2025-12-31,F2,P18,K0053,1,0.25
B102875,2025-12-31,F3,P03,K0109,1,0.0
B102876,2025-12-31,F3,P13,K0110,2,0.0
B102877,2025-12-31,F3,P01,K0134,1,0.03
